year,cpi_all_items,us_tfr,real_books_supplies,real_school_tuition,real_college_tuition,real_medical,real_apparel,real_daycare,arm_education_only_equal,arm_education_only_usda,arm_long_run_1967_equal,arm_long_run_1967_usda,arm_with_education_equal,arm_with_education_usda,arm_without_education_equal,arm_without_education_usda
1941,14.725,,,,,,100.00,,,,,,,,,
1942,16.333,,,,,,105.50,,,,,,,,,
1943,17.308,,,,,,103.87,,,,,,,,,
1944,17.592,,,,,,109.35,,,,,,,,,
1945,17.992,,,,,,112.42,,,,,,,,,
1946,19.517,,,,,,113.72,,,,,,,,,
1947,22.325,,,,,100.00,115.22,,,,,,,,100.00,100.00
1948,24.042,,,,,98.57,114.11,,,,,,,,98.80,98.76
1949,23.808,,,,,102.77,110.69,,,,,,,,99.36,100.03
1950,24.067,,,,,103.55,108.02,,,,,,,,98.53,99.51
1951,25.958,,,,,100.56,109.20,,,,,,,,97.63,98.20
1952,26.550,,,,,103.70,105.62,,,,,,,,97.50,98.71
1953,26.767,,,,,106.50,104.10,,,,,,,,98.09,99.72
1954,26.850,,,,,109.45,103.39,,,,,,,,99.10,101.09
1955,26.775,,,,,112.32,103.36,,,,,,,,100.38,102.66
1956,27.183,,,,,114.68,103.87,,,,,,,,101.67,104.15
1957,28.092,,,,,115.52,102.23,,,,,,,,101.24,103.95
1958,28.858,,,,,117.83,99.91,,,,,,,,101.08,104.22
1959,29.150,,,,,121.55,99.68,,,,,,,,102.55,106.09
1960,29.575,3.654,,,,124.03,99.72,,,,,,,,103.61,107.40
1961,29.892,3.620,,,,126.44,99.44,,,,,,,,104.46,108.53
1962,30.250,3.461,,,,128.26,98.81,,,,,,,,104.88,109.18
1963,30.625,3.319,,,,129.69,98.80,,,,,,,,105.45,109.91
1964,31.017,3.190,,,,130.67,98.38,,,,,,,,105.63,110.22
1965,31.508,2.913,,,,131.77,97.77,,,,,,,,105.74,110.50
1966,32.458,2.721,,,,133.58,97.46,,,,,,,,106.30,111.27
1967,33.358,2.558,100.00,,,139.12,98.70,,,,100.00,100.00,,,109.17,114.59
1968,34.783,2.464,100.93,,,141.52,99.71,,,,101.23,101.18,,,110.67,116.24
1969,36.683,2.456,100.97,,,143.48,99.99,,,,101.80,101.66,,,111.58,117.34
1970,38.825,2.480,98.93,,,144.16,98.36,,,,100.72,100.41,,,110.94,116.90
1971,40.492,2.266,101.34,,,147.18,97.37,,,,101.89,102.08,,,111.53,117.89
1972,41.817,2.010,104.56,,,147.12,96.24,,,,102.54,103.50,,,110.85,117.31
1973,44.400,1.879,101.64,,,143.91,93.96,,,,100.03,100.87,,,108.33,114.66
1974,49.308,1.835,94.85,,,141.65,90.88,,,,96.16,96.27,,,105.70,112.07
1975,53.817,1.774,92.52,,,145.43,86.97,,,,94.81,94.96,,,104.77,111.88
1976,56.908,1.738,93.36,,,150.62,85.33,,,,95.60,96.03,,,105.61,113.38
1977,60.608,1.790,92.98,,,154.93,83.70,,,,95.76,96.25,,,106.09,114.44
1978,65.233,1.760,93.56,100.00,100.00,156.10,80.50,,100.00,100.00,94.96,96.04,100.00,100.00,104.43,113.17
1979,72.575,1.808,89.64,97.86,97.02,153.30,75.53,,96.90,96.90,91.09,92.31,96.53,96.78,100.24,109.13
1980,82.408,1.839,85.80,96.52,93.59,149.79,71.22,,93.92,93.92,87.35,88.62,93.20,93.67,96.22,105.13
1981,90.925,1.812,87.43,97.97,95.36,150.36,67.62,,95.57,95.57,86.51,88.69,93.28,94.51,93.94,103.20
1982,96.500,1.827,93.33,103.69,101.92,158.11,65.39,,101.78,101.78,88.91,92.48,97.20,99.55,94.73,104.95
1983,99.600,1.799,99.76,109.96,109.03,166.50,64.92,,108.53,108.53,92.26,97.03,101.92,105.24,96.86,107.94
1984,103.883,1.806,103.67,115.73,115.24,169.58,63.39,,113.90,113.90,93.28,99.04,104.80,109.23,96.59,108.10
1985,107.567,1.844,108.83,121.70,121.40,173.98,63.01,,119.78,119.78,95.42,102.19,108.44,113.85,97.54,109.51
1986,109.608,1.837,115.76,129.64,128.78,183.56,62.36,,127.36,127.36,98.82,106.95,113.48,120.09,99.68,112.62
1987,113.625,1.872,120.39,136.71,133.57,188.83,62.80,,132.95,132.95,101.31,110.18,117.27,124.67,101.45,114.87
1988,118.258,1.934,124.02,143.71,138.12,193.28,62.96,,138.05,138.05,103.20,112.70,120.57,128.77,102.77,116.61
1989,123.967,2.014,126.24,148.96,142.21,198.49,61.73,,141.92,141.92,104.05,114.18,122.75,131.76,103.12,117.55
1990,130.658,2.081,129.83,153.83,145.81,205.42,61.29,,146.01,146.01,105.98,116.84,125.54,135.21,104.53,119.65
1991,136.192,2.062,131.10,159.87,154.14,214.28,60.99,100.00,151.14,151.14,107.66,118.77,129.14,139.59,106.50,122.48
1992,140.317,2.046,134.34,167.41,165.69,223.31,60.65,101.88,158.52,158.52,109.84,121.60,133.83,145.53,108.42,125.28
1993,144.458,2.019,135.45,174.24,176.00,229.86,59.71,103.76,164.36,164.36,110.63,122.77,137.13,149.99,109.14,126.67
1994,148.225,2.002,137.31,179.97,183.50,234.70,58.08,106.45,169.24,169.24,110.88,123.72,139.37,153.42,108.77,126.86
1995,152.383,1.978,139.34,187.03,189.23,238.52,55.89,107.86,174.03,174.03,110.59,124.32,141.09,156.51,107.56,126.13
1996,156.850,1.976,143.28,191.23,194.24,239.88,54.19,108.88,178.51,178.51,110.70,125.57,142.54,159.23,106.21,125.01
1997,160.517,1.971,147.09,197.33,199.51,240.93,53.41,110.46,183.61,183.61,111.30,127.09,144.68,162.56,105.68,124.62
1998,163.008,1.999,152.34,207.66,204.76,244.89,52.67,114.07,190.60,190.60,112.69,129.68,148.02,167.42,105.80,125.13
1999,166.575,2.007,155.60,216.04,208.33,248.01,50.87,117.37,195.61,195.61,112.65,130.70,149.69,170.51,104.64,124.35
2000,172.200,2.056,160.97,223.39,209.85,249.64,48.56,119.75,200.55,200.55,112.43,132.07,150.73,173.17,102.57,122.54
2001,177.067,2.030,165.50,231.36,214.52,253.96,46.39,122.33,206.30,206.30,112.40,133.46,152.44,176.61,101.11,121.56
2002,179.875,2.021,174.84,243.52,225.58,261.76,44.50,126.58,217.33,217.33,114.04,137.39,156.92,183.83,100.54,121.75
2003,183.958,2.047,180.56,253.94,239.05,266.24,42.41,129.37,227.12,227.12,114.08,139.08,160.12,189.69,98.99,120.65
2004,188.883,2.051,184.05,263.97,254.87,270.69,41.15,130.75,236.54,236.54,114.29,140.32,163.64,195.56,98.32,120.40
2005,195.292,2.057,185.42,272.01,264.91,272.86,39.50,132.02,242.62,242.62,113.33,140.08,165.06,198.83,96.72,119.02
2006,201.592,2.108,191.05,278.81,273.84,274.93,38.24,134.87,249.82,249.82,113.52,141.67,167.14,202.90,95.52,118.01
2007,207.342,2.120,200.81,286.04,282.90,279.13,37.04,136.78,258.97,258.97,114.77,145.11,170.22,208.36,94.73,117.58
2008,215.303,2.072,207.08,291.37,289.43,278.77,35.64,137.70,265.27,265.27,114.43,146.28,171.32,211.39,92.86,115.70
2009,214.537,2.002,222.54,307.68,307.92,288.64,36.12,143.23,282.46,282.46,119.11,153.76,179.62,223.14,95.13,118.77
2010,218.056,1.931,229.62,314.86,318.69,293.68,35.37,145.52,290.94,290.94,120.21,156.41,182.70,228.33,94.95,119.00
2011,224.939,1.895,233.15,316.77,324.45,293.36,35.03,144.96,294.77,294.77,120.39,157.31,183.75,230.38,94.44,118.47
2012,229.594,1.881,242.66,321.42,333.29,297.94,35.49,145.51,302.88,302.88,123.17,161.72,187.84,236.00,95.80,120.20
2013,232.957,1.857,252.82,328.37,342.36,300.86,35.30,146.96,312.03,312.03,125.05,165.47,191.38,241.62,96.00,120.64
2014,236.736,1.863,257.46,335.69,349.34,303.13,34.76,147.67,318.38,318.38,125.48,166.90,193.41,245.27,95.63,120.45
2015,237.017,1.843,270.83,348.23,361.03,310.75,34.28,153.34,331.39,331.39,128.08,172.09,198.55,253.43,96.15,121.58
2016,240.007,1.821,280.09,355.97,366.13,318.50,33.89,155.68,339.17,339.17,130.10,175.97,201.86,258.58,96.79,122.83
2017,245.120,1.766,278.56,361.05,365.66,319.69,33.07,156.35,340.01,340.01,128.96,174.84,201.32,258.60,95.79,121.90
2018,251.107,1.730,274.54,366.96,364.83,318.23,32.29,155.07,339.95,339.95,127.13,172.50,200.16,257.81,94.44,120.42
2019,255.657,1.706,265.49,373.31,368.57,321.40,31.31,156.56,339.25,339.25,124.85,169.02,199.08,257.02,93.46,119.65
2020,258.811,1.641,259.33,378.47,369.09,330.52,29.44,159.05,338.31,338.31,122.49,166.35,197.42,255.99,91.90,118.71
2021,270.970,1.664,251.12,370.80,355.59,319.59,28.82,154.76,328.32,328.32,118.98,161.35,191.77,248.50,89.40,115.34
2022,292.655,1.657,241.12,353.58,336.35,307.89,28.02,148.96,312.95,312.95,114.86,155.46,183.92,237.69,86.54,111.54
2023,304.702,1.617,227.92,354.60,329.28,297.09,27.66,151.13,305.26,305.26,110.90,149.07,179.43,231.74,84.45,108.60
2024,313.689,1.627,,361.05,325.36,296.33,27.05,154.66,,,,,,,83.41,107.48
