country,year,relative_cohort_size,tfr
USA,1960,0.305279,3.654
USA,1961,0.305436,3.62
USA,1962,0.310006,3.461
USA,1963,0.318040,3.319
USA,1964,0.326150,3.19
USA,1965,0.333104,2.913
USA,1966,0.343622,2.721
USA,1967,0.358834,2.558
USA,1968,0.374128,2.464
USA,1969,0.388521,2.456
USA,1970,0.402905,2.48
USA,1971,0.416518,2.266
USA,1972,0.427504,2.01
USA,1973,0.436421,1.879
USA,1974,0.446232,1.835
USA,1975,0.457718,1.774
USA,1976,0.464711,1.738
USA,1977,0.465137,1.79
USA,1978,0.464976,1.76
USA,1979,0.465682,1.808
USA,1980,0.466211,1.8395
USA,1981,0.466187,1.812
USA,1982,0.464289,1.8275
USA,1983,0.459971,1.799
USA,1984,0.453552,1.8065
USA,1985,0.444678,1.844
USA,1986,0.433474,1.8375
USA,1987,0.420379,1.872
USA,1988,0.406132,1.934
USA,1989,0.392150,2.014
USA,1990,0.380536,2.081
USA,1991,0.369810,2.0625
USA,1992,0.357973,2.046
USA,1993,0.345955,2.0195
USA,1994,0.334559,2.0015
USA,1995,0.325094,1.978
USA,1996,0.317886,1.976
USA,1997,0.312809,1.971
USA,1998,0.309305,1.999
USA,1999,0.306263,2.0075
USA,2000,0.303081,2.056
USA,2001,0.299961,2.0305
USA,2002,0.298737,2.0205
USA,2003,0.299499,2.0475
USA,2004,0.300533,2.0515
USA,2005,0.301780,2.057
USA,2006,0.303294,2.108
USA,2007,0.304464,2.12
USA,2008,0.305628,2.072
USA,2009,0.306694,2.002
USA,2010,0.307459,1.931
USA,2011,0.308504,1.8945
USA,2012,0.309467,1.8805
USA,2013,0.309862,1.8575
USA,2014,0.309652,1.8625
USA,2015,0.308625,1.8435
USA,2016,0.307213,1.8205
USA,2017,0.305714,1.7655
USA,2018,0.303879,1.7295
USA,2019,0.301730,1.706
USA,2020,0.298708,1.6415
USA,2021,0.295441,1.664
USA,2022,0.292596,1.6565
USA,2023,0.290243,1.6165
USA,2024,0.290637,1.6265
GBR,1960,0.275790,2.69
GBR,1961,0.275395,2.78
GBR,1962,0.277040,2.86
GBR,1963,0.280785,2.88
GBR,1964,0.285688,2.93
GBR,1965,0.290897,2.86
GBR,1966,0.298294,2.78
GBR,1967,0.308714,2.68
GBR,1968,0.318458,2.6
GBR,1969,0.325794,2.51
GBR,1970,0.332679,2.44
GBR,1971,0.339939,2.41
GBR,1972,0.345612,2.2
GBR,1973,0.348906,2.04
GBR,1974,0.350879,1.92
GBR,1975,0.352709,1.81
GBR,1976,0.351772,1.74
GBR,1977,0.346392,1.69
GBR,1978,0.341897,1.75
GBR,1979,0.341403,1.86
GBR,1980,0.343758,1.9
GBR,1981,0.347464,1.82
GBR,1982,0.351445,1.78
GBR,1983,0.356577,1.77
GBR,1984,0.363375,1.77
GBR,1985,0.371210,1.79
GBR,1986,0.377357,1.78
GBR,1987,0.380668,1.81
GBR,1988,0.373748,1.82
GBR,1989,0.365400,1.79
GBR,1990,0.363402,1.83
GBR,1991,0.359313,1.82
GBR,1992,0.355026,1.79
GBR,1993,0.349071,1.76
GBR,1994,0.340763,1.74
GBR,1995,0.331227,1.71
GBR,1996,0.320795,1.73
GBR,1997,0.309908,1.72
GBR,1998,0.299894,1.71
GBR,1999,0.291777,1.68
GBR,2000,0.286341,1.64
GBR,2001,0.282176,1.63
GBR,2002,0.277889,1.63
GBR,2003,0.275851,1.7
GBR,2004,0.277381,1.75
GBR,2005,0.281929,1.76
GBR,2006,0.287446,1.82
GBR,2007,0.292142,1.86
GBR,2008,0.293515,1.91
GBR,2009,0.292941,1.89
GBR,2010,0.293549,1.92
GBR,2011,0.295177,1.91
GBR,2012,0.296507,1.92
GBR,2013,0.296562,1.83
GBR,2014,0.296017,1.81
GBR,2015,0.294237,1.8
GBR,2016,0.291901,1.79
GBR,2017,0.290180,1.74
GBR,2018,0.290068,1.68
GBR,2019,0.289329,1.632
GBR,2020,0.287010,1.571
GBR,2021,0.284547,1.583
GBR,2022,0.279201,1.56
GBR,2023,0.272700,1.56
GBR,2024,0.269849,1.551
FRA,1960,0.315172,2.85
FRA,1961,0.305679,2.87
FRA,1962,0.298040,2.89
FRA,1963,0.294354,2.89
FRA,1964,0.292980,2.87
FRA,1965,0.292296,2.84
FRA,1966,0.297482,2.8
FRA,1967,0.309001,2.75
FRA,1968,0.322516,2.69
FRA,1969,0.336695,2.62
FRA,1970,0.352502,2.55
FRA,1971,0.370062,2.47
FRA,1972,0.386053,2.38
FRA,1973,0.398848,2.28
FRA,1974,0.410085,2.18
FRA,1975,0.420344,2.09
FRA,1976,0.422513,2.01
FRA,1977,0.416488,1.94
FRA,1978,0.409055,1.89
FRA,1979,0.401681,1.87
FRA,1980,0.393335,1.85
FRA,1981,0.384583,1.85
FRA,1982,0.376753,1.86
FRA,1983,0.370387,1.86
FRA,1984,0.365761,1.86
FRA,1985,0.362930,1.86
FRA,1986,0.361326,1.85
FRA,1987,0.358749,1.83
FRA,1988,0.355720,1.81
FRA,1989,0.352840,1.79
FRA,1990,0.349696,1.77
FRA,1991,0.346937,1.75
FRA,1992,0.344817,1.74
FRA,1993,0.341623,1.73
FRA,1994,0.335893,1.73
FRA,1995,0.328467,1.74
FRA,1996,0.320501,1.75
FRA,1997,0.313561,1.77
FRA,1998,0.308625,1.78
FRA,1999,0.303795,1.81
FRA,2000,0.298694,1.89
FRA,2001,0.293591,1.9
FRA,2002,0.287853,1.88
FRA,2003,0.281453,1.89
FRA,2004,0.276298,1.92
FRA,2005,0.274141,1.94
FRA,2006,0.272893,2.0
FRA,2007,0.270794,1.98
FRA,2008,0.268935,2.01
FRA,2009,0.267191,2.0
FRA,2010,0.264086,2.03
FRA,2011,0.261259,2.01
FRA,2012,0.259635,2.01
FRA,2013,0.258692,1.99
FRA,2014,0.257882,2.0
FRA,2015,0.256525,1.96
FRA,2016,0.256519,1.92
FRA,2017,0.257408,1.89
FRA,2018,0.258276,1.87
FRA,2019,0.259300,1.86
FRA,2020,0.260316,1.82
FRA,2021,0.262746,1.83
FRA,2022,0.265951,1.78
FRA,2023,0.269486,1.66
FRA,2024,0.275247,1.61
DEU,1960,0.338417,2.37
DEU,1961,0.346327,2.45
DEU,1962,0.351207,2.44
DEU,1963,0.357713,2.51
DEU,1964,0.359728,2.54
DEU,1965,0.352434,2.5
DEU,1966,0.341371,2.53
DEU,1967,0.331162,2.48
DEU,1968,0.322394,2.38
DEU,1969,0.315860,2.21
DEU,1970,0.305884,2.03
DEU,1971,0.296609,1.92
DEU,1972,0.296785,1.71
DEU,1973,0.301157,1.54
DEU,1974,0.304246,1.51
DEU,1975,0.310652,1.45
DEU,1976,0.320876,1.45
DEU,1977,0.329198,1.4
DEU,1978,0.335801,1.38
DEU,1979,0.341475,1.38
DEU,1980,0.346089,1.44
DEU,1981,0.349177,1.43
DEU,1982,0.350532,1.41
DEU,1983,0.351924,1.33
DEU,1984,0.355320,1.29
DEU,1985,0.360931,1.37
DEU,1986,0.366946,1.43
DEU,1987,0.367452,1.43
DEU,1988,0.366062,1.46
DEU,1989,0.365819,1.42
DEU,1990,0.361391,1.45
DEU,1991,0.353439,1.33
DEU,1992,0.343633,1.29
DEU,1993,0.330258,1.28
DEU,1994,0.313166,1.24
DEU,1995,0.296001,1.25
DEU,1996,0.280199,1.3
DEU,1997,0.267064,1.35
DEU,1998,0.251790,1.36
DEU,1999,0.238163,1.36
DEU,2000,0.232740,1.38
DEU,2001,0.230682,1.35
DEU,2002,0.231186,1.34
DEU,2003,0.234407,1.34
DEU,2004,0.238534,1.36
DEU,2005,0.244208,1.34
DEU,2006,0.244949,1.33
DEU,2007,0.242831,1.37
DEU,2008,0.245084,1.38
DEU,2009,0.250457,1.36
DEU,2010,0.255006,1.39
DEU,2011,0.255471,1.39
DEU,2012,0.250380,1.41
DEU,2013,0.245323,1.42
DEU,2014,0.245684,1.47
DEU,2015,0.248103,1.5
DEU,2016,0.249836,1.6
DEU,2017,0.248849,1.57
DEU,2018,0.246647,1.57
DEU,2019,0.243576,1.54
DEU,2020,0.239581,1.53
DEU,2021,0.234784,1.58
DEU,2022,0.230354,1.455
DEU,2023,0.226159,1.39
DEU,2024,0.223493,1.36
ITA,1960,0.355091,2.4
ITA,1961,0.348793,2.44
ITA,1962,0.343723,2.46
ITA,1963,0.339849,2.51
ITA,1964,0.335656,2.66
ITA,1965,0.331157,2.6
ITA,1966,0.329570,2.58
ITA,1967,0.330860,2.5
ITA,1968,0.330794,2.46
ITA,1969,0.327986,2.47
ITA,1970,0.323943,2.38
ITA,1971,0.321441,2.4
ITA,1972,0.321954,2.35
ITA,1973,0.324297,2.3
ITA,1974,0.327570,2.28
ITA,1975,0.331969,2.17
ITA,1976,0.333129,2.04
ITA,1977,0.329916,1.93
ITA,1978,0.326138,1.84
ITA,1979,0.323771,1.73
ITA,1980,0.325197,1.64
ITA,1981,0.328046,1.58
ITA,1982,0.330331,1.56
ITA,1983,0.332945,1.51
ITA,1984,0.336301,1.46
ITA,1985,0.341498,1.42
ITA,1986,0.346567,1.35
ITA,1987,0.351230,1.33
ITA,1988,0.355092,1.36
ITA,1989,0.356534,1.33
ITA,1990,0.356342,1.33
ITA,1991,0.356485,1.3
ITA,1992,0.355260,1.3
ITA,1993,0.350922,1.25
ITA,1994,0.345162,1.21
ITA,1995,0.337762,1.19
ITA,1996,0.329437,1.2
ITA,1997,0.320837,1.22
ITA,1998,0.311341,1.22
ITA,1999,0.301457,1.23
ITA,2000,0.291549,1.26
ITA,2001,0.281366,1.25
ITA,2002,0.270882,1.27
ITA,2003,0.261360,1.29
ITA,2004,0.252598,1.34
ITA,2005,0.242797,1.33
ITA,2006,0.233099,1.37
ITA,2007,0.225456,1.39
ITA,2008,0.220857,1.44
ITA,2009,0.217897,1.44
ITA,2010,0.215821,1.44
ITA,2011,0.214773,1.42
ITA,2012,0.214315,1.42
ITA,2013,0.213918,1.39
ITA,2014,0.212897,1.38
ITA,2015,0.211852,1.36
ITA,2016,0.211768,1.36
ITA,2017,0.212735,1.34
ITA,2018,0.212716,1.31
ITA,2019,0.211407,1.27
ITA,2020,0.210460,1.24
ITA,2021,0.210299,1.25
ITA,2022,0.210751,1.24
ITA,2023,0.211763,1.21
ITA,2024,0.213930,1.18
ESP,1960,0.382068,2.86
ESP,1961,0.371802,2.77
ESP,1962,0.358890,2.8
ESP,1963,0.348152,2.88
ESP,1964,0.340858,3.01
ESP,1965,0.336676,2.94
ESP,1966,0.331868,2.91
ESP,1967,0.328791,2.94
ESP,1968,0.333056,2.87
ESP,1969,0.342980,2.86
ESP,1970,0.347342,2.84
ESP,1971,0.349427,2.9
ESP,1972,0.356437,2.87
ESP,1973,0.359550,2.84
ESP,1974,0.360500,2.88
ESP,1975,0.360522,2.77
ESP,1976,0.359934,2.77
ESP,1977,0.360355,2.65
ESP,1978,0.359704,2.54
ESP,1979,0.359792,2.37
ESP,1980,0.361649,2.22
ESP,1981,0.365649,2.04
ESP,1982,0.370785,1.94
ESP,1983,0.376029,1.8
ESP,1984,0.382872,1.73
ESP,1985,0.389486,1.64
ESP,1986,0.395043,1.56
ESP,1987,0.398253,1.49
ESP,1988,0.398198,1.45
ESP,1989,0.396973,1.4
ESP,1990,0.395590,1.36
ESP,1991,0.394695,1.33
ESP,1992,0.394197,1.31
ESP,1993,0.392529,1.26
ESP,1994,0.389168,1.19
ESP,1995,0.385816,1.16
ESP,1996,0.382376,1.14
ESP,1997,0.378286,1.15
ESP,1998,0.374320,1.13
ESP,1999,0.369142,1.17
ESP,2000,0.362570,1.22
ESP,2001,0.354186,1.23
ESP,2002,0.345799,1.25
ESP,2003,0.337275,1.3
ESP,2004,0.325927,1.31
ESP,2005,0.314121,1.33
ESP,2006,0.301980,1.36
ESP,2007,0.290116,1.38
ESP,2008,0.278385,1.45
ESP,2009,0.265170,1.38
ESP,2010,0.251336,1.37
ESP,2011,0.239228,1.34
ESP,2012,0.229640,1.32
ESP,2013,0.221508,1.27
ESP,2014,0.214753,1.32
ESP,2015,0.209294,1.33
ESP,2016,0.205578,1.33
ESP,2017,0.204101,1.31
ESP,2018,0.204003,1.26
ESP,2019,0.204831,1.23
ESP,2020,0.205687,1.18
ESP,2021,0.205786,1.18
ESP,2022,0.204912,1.16
ESP,2023,0.203851,1.12
ESP,2024,0.205408,1.1
JPN,1960,0.490703,2.0
JPN,1961,0.485588,1.96
JPN,1962,0.480338,1.98
JPN,1963,0.475646,2.0
JPN,1964,0.467136,2.05
JPN,1965,0.451657,2.14
JPN,1966,0.445783,1.58
JPN,1967,0.453321,2.23
JPN,1968,0.464977,2.13
JPN,1969,0.471816,2.13
JPN,1970,0.467976,2.13
JPN,1971,0.459403,2.16
JPN,1972,0.449634,2.14
JPN,1973,0.437266,2.14
JPN,1974,0.427098,2.05
JPN,1975,0.422972,1.91
JPN,1976,0.408794,1.85
JPN,1977,0.381456,1.8
JPN,1978,0.353955,1.79
JPN,1979,0.331734,1.77
JPN,1980,0.314291,1.75
JPN,1981,0.299284,1.74
JPN,1982,0.286986,1.77
JPN,1983,0.278023,1.8
JPN,1984,0.272978,1.81
JPN,1985,0.270559,1.76
JPN,1986,0.266916,1.72
JPN,1987,0.266545,1.69
JPN,1988,0.270509,1.66
JPN,1989,0.274336,1.57
JPN,1990,0.280492,1.54
JPN,1991,0.287819,1.53
JPN,1992,0.294696,1.5
JPN,1993,0.301711,1.46
JPN,1994,0.307478,1.5
JPN,1995,0.310329,1.42
JPN,1996,0.314939,1.43
JPN,1997,0.317207,1.39
JPN,1998,0.313613,1.38
JPN,1999,0.308950,1.34
JPN,2000,0.302497,1.36
JPN,2001,0.293795,1.33
JPN,2002,0.283067,1.32
JPN,2003,0.270941,1.29
JPN,2004,0.259120,1.29
JPN,2005,0.249334,1.26
JPN,2006,0.241566,1.32
JPN,2007,0.235269,1.34
JPN,2008,0.229677,1.37
JPN,2009,0.223978,1.37
JPN,2010,0.218127,1.39
JPN,2011,0.214473,1.39
JPN,2012,0.213116,1.41
JPN,2013,0.212017,1.43
JPN,2014,0.210985,1.42
JPN,2015,0.210157,1.45
JPN,2016,0.210136,1.44
JPN,2017,0.210888,1.43
JPN,2018,0.211804,1.42
JPN,2019,0.213085,1.36
JPN,2020,0.214865,1.33
JPN,2021,0.216440,1.3
JPN,2022,0.217930,1.26
JPN,2023,0.219920,1.2
JPN,2024,0.222161,1.15
SWE,1960,0.260520,2.17
SWE,1961,0.263315,2.21
SWE,1962,0.269250,2.25
SWE,1963,0.279495,2.33
SWE,1964,0.293759,2.47
SWE,1965,0.310355,2.39
SWE,1966,0.326636,2.37
SWE,1967,0.339976,2.28
SWE,1968,0.350574,2.07
SWE,1969,0.360592,1.93
SWE,1970,0.370491,1.92
SWE,1971,0.376268,1.96
SWE,1972,0.375310,1.91
SWE,1973,0.369602,1.87
SWE,1974,0.360889,1.87
SWE,1975,0.351194,1.77
SWE,1976,0.342225,1.68
SWE,1977,0.334302,1.64
SWE,1978,0.326776,1.6
SWE,1979,0.320052,1.66
SWE,1980,0.314794,1.68
SWE,1981,0.310872,1.63
SWE,1982,0.307987,1.62
SWE,1983,0.305968,1.61
SWE,1984,0.306993,1.66
SWE,1985,0.310952,1.74
SWE,1986,0.315151,1.8
SWE,1987,0.318715,1.84
SWE,1988,0.321428,1.96
SWE,1989,0.323304,2.01
SWE,1990,0.324848,2.13
SWE,1991,0.325879,2.11
SWE,1992,0.325550,2.09
SWE,1993,0.323224,1.99
SWE,1994,0.318210,1.88
SWE,1995,0.310601,1.73
SWE,1996,0.301392,1.6
SWE,1997,0.291643,1.52
SWE,1998,0.282838,1.5
SWE,1999,0.276519,1.5
SWE,2000,0.272178,1.54
SWE,2001,0.267493,1.57
SWE,2002,0.262351,1.65
SWE,2003,0.257863,1.71
SWE,2004,0.254122,1.75
SWE,2005,0.252204,1.77
SWE,2006,0.253445,1.85
SWE,2007,0.257251,1.88
SWE,2008,0.263212,1.91
SWE,2009,0.270796,1.94
SWE,2010,0.279159,1.98
SWE,2011,0.287498,1.9
SWE,2012,0.294981,1.91
SWE,2013,0.301523,1.89
SWE,2014,0.306669,1.88
SWE,2015,0.309185,1.85
SWE,2016,0.309242,1.85
SWE,2017,0.307156,1.78
SWE,2018,0.302233,1.76
SWE,2019,0.296015,1.71
SWE,2020,0.288081,1.67
SWE,2021,0.278723,1.67
SWE,2022,0.270577,1.53
SWE,2023,0.262874,1.45
SWE,2024,0.257764,1.43
NLD,1960,0.349050,3.12
NLD,1961,0.347479,3.22
NLD,1962,0.347506,3.18
NLD,1963,0.350551,3.19
NLD,1964,0.356917,3.17
NLD,1965,0.362895,3.04
NLD,1966,0.375233,2.9
NLD,1967,0.393222,2.81
NLD,1968,0.406863,2.72
NLD,1969,0.417085,2.75
NLD,1970,0.425333,2.57
NLD,1971,0.432650,2.36
NLD,1972,0.439339,2.15
NLD,1973,0.443065,1.9
NLD,1974,0.443831,1.77
NLD,1975,0.445942,1.66
NLD,1976,0.439804,1.63
NLD,1977,0.425573,1.58
NLD,1978,0.415945,1.58
NLD,1979,0.411005,1.56
NLD,1980,0.408668,1.6
NLD,1981,0.407253,1.56
NLD,1982,0.406130,1.5
NLD,1983,0.405659,1.47
NLD,1984,0.405909,1.49
NLD,1985,0.406085,1.51
NLD,1986,0.404936,1.55
NLD,1987,0.402393,1.56
NLD,1988,0.399128,1.55
NLD,1989,0.395190,1.55
NLD,1990,0.391099,1.62
NLD,1991,0.385270,1.61
NLD,1992,0.376806,1.59
NLD,1993,0.365566,1.57
NLD,1994,0.351123,1.57
NLD,1995,0.335569,1.53
NLD,1996,0.321334,1.53
NLD,1997,0.308441,1.56
NLD,1998,0.296347,1.63
NLD,1999,0.283761,1.65
NLD,2000,0.271712,1.72
NLD,2001,0.262187,1.71
NLD,2002,0.254442,1.73
NLD,2003,0.248788,1.75
NLD,2004,0.245437,1.72
NLD,2005,0.243915,1.71
NLD,2006,0.243570,1.72
NLD,2007,0.244363,1.72
NLD,2008,0.246471,1.77
NLD,2009,0.249171,1.79
NLD,2010,0.251920,1.79
NLD,2011,0.255543,1.76
NLD,2012,0.259814,1.72
NLD,2013,0.263471,1.68
NLD,2014,0.266698,1.71
NLD,2015,0.269402,1.66
NLD,2016,0.271753,1.66
NLD,2017,0.274016,1.62
NLD,2018,0.276438,1.59
NLD,2019,0.279120,1.57
NLD,2020,0.280990,1.54
NLD,2021,0.282130,1.62
NLD,2022,0.285018,1.49
NLD,2023,0.288173,1.43
NLD,2024,0.289611,1.43
CAN,1960,0.356251,3.811
CAN,1961,0.351103,3.753
CAN,1962,0.349232,3.681
CAN,1963,0.350568,3.607
CAN,1964,0.354310,3.456
CAN,1965,0.360627,3.115
CAN,1966,0.370712,2.749
CAN,1967,0.384414,2.528
CAN,1968,0.399733,2.386
CAN,1969,0.415160,2.334
CAN,1970,0.433263,2.258
CAN,1971,0.450590,2.141
CAN,1972,0.461257,1.98
CAN,1973,0.468962,1.89
CAN,1974,0.477618,1.837
CAN,1975,0.485993,1.824
CAN,1976,0.489751,1.796
CAN,1977,0.487801,1.782
CAN,1978,0.484541,1.768
CAN,1979,0.482951,1.754
CAN,1980,0.482480,1.74
CAN,1981,0.481574,1.7
CAN,1982,0.479415,1.69
CAN,1983,0.475576,1.68
CAN,1984,0.469514,1.65
CAN,1985,0.460994,1.67
CAN,1986,0.449530,1.675
CAN,1987,0.434906,1.68
CAN,1988,0.419005,1.68
CAN,1989,0.403577,1.77
CAN,1990,0.387359,1.83
CAN,1991,0.370264,1.72
CAN,1992,0.353640,1.71
CAN,1993,0.337159,1.69
CAN,1994,0.321632,1.69
CAN,1995,0.309197,1.67
CAN,1996,0.300431,1.63
CAN,1997,0.294014,1.57
CAN,1998,0.288908,1.56
CAN,1999,0.285051,1.55
CAN,2000,0.282225,1.51
CAN,2001,0.280181,1.54
CAN,2002,0.278874,1.52
CAN,2003,0.278417,1.55
CAN,2004,0.278419,1.56
CAN,2005,0.278315,1.58
CAN,2006,0.278231,1.63
CAN,2007,0.278320,1.67
CAN,2008,0.278770,1.7
CAN,2009,0.279809,1.69
CAN,2010,0.280783,1.65
CAN,2011,0.281343,1.63
CAN,2012,0.281816,1.63
CAN,2013,0.281877,1.61
CAN,2014,0.281094,1.61
CAN,2015,0.279922,1.6
CAN,2016,0.279856,1.59
CAN,2017,0.281755,1.55
CAN,2018,0.284694,1.51
CAN,2019,0.286702,1.47
CAN,2020,0.286130,1.41
CAN,2021,0.283936,1.44
CAN,2022,0.283140,1.34
CAN,2023,0.283335,1.27
CAN,2024,0.282690,1.25
AUS,1960,0.315430,3.453
AUS,1961,0.316597,3.54
AUS,1962,0.319893,3.442
AUS,1963,0.325660,3.332
AUS,1964,0.334603,3.146
AUS,1965,0.344936,2.977
AUS,1966,0.356480,2.881
AUS,1967,0.370478,2.848
AUS,1968,0.384476,2.888
AUS,1969,0.397266,2.886
AUS,1970,0.409806,2.859
AUS,1971,0.420170,2.961
AUS,1972,0.427378,2.744
AUS,1973,0.432872,2.491
AUS,1974,0.436431,2.397
AUS,1975,0.437904,2.148
AUS,1976,0.436147,2.06
AUS,1977,0.431403,2.007
AUS,1978,0.428379,1.949
AUS,1979,0.428172,1.907
AUS,1980,0.428371,1.891
AUS,1981,0.427893,1.935
AUS,1982,0.425870,1.929
AUS,1983,0.421891,1.924
AUS,1984,0.417192,1.84
AUS,1985,0.412386,1.923
AUS,1986,0.406944,1.868
AUS,1987,0.401256,1.845
AUS,1988,0.395781,1.831
AUS,1989,0.390302,1.838
AUS,1990,0.384558,1.902
AUS,1991,0.378738,1.849
AUS,1992,0.372711,1.888
AUS,1993,0.365838,1.859
AUS,1994,0.358776,1.842
AUS,1995,0.352498,1.822
AUS,1996,0.346377,1.796
AUS,1997,0.339257,1.778
AUS,1998,0.330783,1.762
AUS,1999,0.321663,1.755
AUS,2000,0.312296,1.756
AUS,2001,0.303510,1.739
AUS,2002,0.297416,1.756
AUS,2003,0.294319,1.748
AUS,2004,0.293183,1.768
AUS,2005,0.293862,1.807
AUS,2006,0.296411,1.908
AUS,2007,0.300827,1.959
AUS,2008,0.307276,1.984
AUS,2009,0.313898,1.971
AUS,2010,0.317323,1.928
AUS,2011,0.318094,1.926
AUS,2012,0.318700,1.92
AUS,2013,0.319158,1.855
AUS,2014,0.319278,1.826
AUS,2015,0.319535,1.814
AUS,2016,0.319962,1.752
AUS,2017,0.320122,1.741
AUS,2018,0.319526,1.74
AUS,2019,0.316383,1.657
AUS,2020,0.307996,1.581
AUS,2021,0.299178,1.7
AUS,2022,0.293424,1.63
AUS,2023,0.288011,1.499
AUS,2024,0.283325,1.481
DNK,1960,0.294069,2.57
DNK,1961,0.297305,2.55
DNK,1962,0.304077,2.55
DNK,1963,0.314189,2.67
DNK,1964,0.326355,2.6
DNK,1965,0.340185,2.61
DNK,1966,0.354864,2.62
DNK,1967,0.368543,2.35
DNK,1968,0.378581,2.12
DNK,1969,0.385857,2.0
DNK,1970,0.393321,1.95
DNK,1971,0.398150,2.04
DNK,1972,0.398592,2.03
DNK,1973,0.396793,1.92
DNK,1974,0.390932,1.9
DNK,1975,0.380315,1.92
DNK,1976,0.368456,1.75
DNK,1977,0.357999,1.66
DNK,1978,0.350331,1.67
DNK,1979,0.345807,1.6
DNK,1980,0.342603,1.55
DNK,1981,0.340195,1.44
DNK,1982,0.338771,1.43
DNK,1983,0.338435,1.38
DNK,1984,0.339812,1.4
DNK,1985,0.343456,1.45
DNK,1986,0.348798,1.48
DNK,1987,0.352286,1.5
DNK,1988,0.352024,1.56
DNK,1989,0.349786,1.62
DNK,1990,0.346685,1.67
DNK,1991,0.343814,1.68
DNK,1992,0.341272,1.76
DNK,1993,0.336343,1.75
DNK,1994,0.329027,1.81
DNK,1995,0.321198,1.8
DNK,1996,0.311391,1.75
DNK,1997,0.300534,1.75
DNK,1998,0.292280,1.72
DNK,1999,0.286080,1.73
DNK,2000,0.279824,1.77
DNK,2001,0.271913,1.74
DNK,2002,0.262635,1.72
DNK,2003,0.253807,1.76
DNK,2004,0.245808,1.78
DNK,2005,0.238871,1.8
DNK,2006,0.234662,1.85
DNK,2007,0.234180,1.84
DNK,2008,0.236254,1.89
DNK,2009,0.239472,1.84
DNK,2010,0.244189,1.87
DNK,2011,0.251009,1.75
DNK,2012,0.259330,1.73
DNK,2013,0.268273,1.67
DNK,2014,0.277164,1.69
DNK,2015,0.286270,1.71
DNK,2016,0.294011,1.79
DNK,2017,0.299335,1.75
DNK,2018,0.302501,1.73
DNK,2019,0.302904,1.7
DNK,2020,0.301296,1.68
DNK,2021,0.299942,1.72
DNK,2022,0.298591,1.55
DNK,2023,0.294833,1.5
DNK,2024,0.290980,1.47
NOR,1960,0.257040,2.85
NOR,1961,0.256817,2.94
NOR,1962,0.259287,2.91
NOR,1963,0.266398,2.93
NOR,1964,0.277826,2.98
NOR,1965,0.291911,2.94
NOR,1966,0.308375,2.9
NOR,1967,0.325415,2.81
NOR,1968,0.340435,2.75
NOR,1969,0.353144,2.7
NOR,1970,0.363761,2.5
NOR,1971,0.374376,2.49
NOR,1972,0.384063,2.38
NOR,1973,0.390179,2.23
NOR,1974,0.392178,2.13
NOR,1975,0.390862,1.98
NOR,1976,0.386128,1.86
NOR,1977,0.379968,1.75
NOR,1978,0.375890,1.77
NOR,1979,0.373422,1.75
NOR,1980,0.371617,1.72
NOR,1981,0.370804,1.7
NOR,1982,0.370314,1.71
NOR,1983,0.369021,1.66
NOR,1984,0.368058,1.66
NOR,1985,0.368573,1.68
NOR,1986,0.369811,1.71
NOR,1987,0.371686,1.74
NOR,1988,0.374148,1.84
NOR,1989,0.374771,1.89
NOR,1990,0.373532,1.93
NOR,1991,0.372438,1.92
NOR,1992,0.371173,1.88
NOR,1993,0.367863,1.86
NOR,1994,0.361759,1.87
NOR,1995,0.353182,1.87
NOR,1996,0.342670,1.89
NOR,1997,0.331196,1.86
NOR,1998,0.319675,1.81
NOR,1999,0.308030,1.85
NOR,2000,0.297351,1.85
NOR,2001,0.287357,1.78
NOR,2002,0.278009,1.75
NOR,2003,0.270189,1.8
NOR,2004,0.263479,1.83
NOR,2005,0.258776,1.84
NOR,2006,0.256684,1.9
NOR,2007,0.257809,1.9
NOR,2008,0.261504,1.96
NOR,2009,0.265985,1.98
NOR,2010,0.271552,1.95
NOR,2011,0.278290,1.88
NOR,2012,0.284369,1.85
NOR,2013,0.288844,1.78
NOR,2014,0.292186,1.75
NOR,2015,0.294193,1.72
NOR,2016,0.294973,1.71
NOR,2017,0.294828,1.62
NOR,2018,0.293135,1.56
NOR,2019,0.290243,1.53
NOR,2020,0.286400,1.48
NOR,2021,0.282393,1.55
NOR,2022,0.278885,1.41
NOR,2023,0.277167,1.4
NOR,2024,0.277576,1.45
FIN,1960,0.338189,2.72
FIN,1961,0.337272,2.72
FIN,1962,0.338485,2.68
FIN,1963,0.339000,2.68
FIN,1964,0.343057,2.59
FIN,1965,0.349459,2.48
FIN,1966,0.363610,2.41
FIN,1967,0.381502,2.32
FIN,1968,0.396681,2.14
FIN,1969,0.404601,1.93
FIN,1970,0.412302,1.83
FIN,1971,0.420181,1.68
FIN,1972,0.432922,1.58
FIN,1973,0.449015,1.49
FIN,1974,0.457690,1.61
FIN,1975,0.457810,1.68
FIN,1976,0.446752,1.7
FIN,1977,0.430368,1.68
FIN,1978,0.412574,1.64
FIN,1979,0.396288,1.64
FIN,1980,0.383135,1.63
FIN,1981,0.373227,1.64
FIN,1982,0.364699,1.71
FIN,1983,0.357254,1.74
FIN,1984,0.350206,1.69
FIN,1985,0.342911,1.64
FIN,1986,0.336085,1.6
FIN,1987,0.329699,1.59
FIN,1988,0.324787,1.69
FIN,1989,0.319110,1.71
FIN,1990,0.311851,1.78
FIN,1991,0.304368,1.79
FIN,1992,0.295948,1.85
FIN,1993,0.286228,1.81
FIN,1994,0.277219,1.85
FIN,1995,0.270668,1.81
FIN,1996,0.265671,1.78
FIN,1997,0.261059,1.75
FIN,1998,0.256773,1.7
FIN,1999,0.254066,1.73
FIN,2000,0.253253,1.73
FIN,2001,0.253675,1.73
FIN,2002,0.255901,1.72
FIN,2003,0.260153,1.76
FIN,2004,0.263741,1.8
FIN,2005,0.264271,1.8
FIN,2006,0.263500,1.84
FIN,2007,0.262072,1.83
FIN,2008,0.261333,1.85
FIN,2009,0.262117,1.86
FIN,2010,0.263863,1.87
FIN,2011,0.266846,1.83
FIN,2012,0.269613,1.8
FIN,2013,0.271246,1.75
FIN,2014,0.272439,1.71
FIN,2015,0.273726,1.65
FIN,2016,0.274964,1.57
FIN,2017,0.276148,1.49
FIN,2018,0.275618,1.41
FIN,2019,0.273567,1.35
FIN,2020,0.270864,1.37
FIN,2021,0.267596,1.46
FIN,2022,0.263171,1.32
FIN,2023,0.258207,1.26
FIN,2024,0.256452,1.25
BEL,1960,0.293997,2.54
BEL,1961,0.285134,2.63
BEL,1962,0.277225,2.59
BEL,1963,0.274099,2.68
BEL,1964,0.274926,2.71
BEL,1965,0.277464,2.61
BEL,1966,0.283608,2.52
BEL,1967,0.292265,2.41
BEL,1968,0.299844,2.31
BEL,1969,0.306831,2.27
BEL,1970,0.315384,2.25
BEL,1971,0.326953,2.21
BEL,1972,0.339508,2.09
BEL,1973,0.349175,1.95
BEL,1974,0.356037,1.83
BEL,1975,0.362546,1.74
BEL,1976,0.365909,1.73
BEL,1977,0.366569,1.71
BEL,1978,0.368129,1.69
BEL,1979,0.370482,1.69
BEL,1980,0.372354,1.68
BEL,1981,0.372333,1.66
BEL,1982,0.370352,1.61
BEL,1983,0.367752,1.57
BEL,1984,0.366345,1.54
BEL,1985,0.365619,1.51
BEL,1986,0.364219,1.54
BEL,1987,0.361162,1.54
BEL,1988,0.356410,1.57
BEL,1989,0.350598,1.58
BEL,1990,0.344448,1.62
BEL,1991,0.338650,1.66
BEL,1992,0.332523,1.65
BEL,1993,0.324882,1.61
BEL,1994,0.315494,1.56
BEL,1995,0.305675,1.56
BEL,1996,0.297190,1.59
BEL,1997,0.290491,1.6
BEL,1998,0.284973,1.6
BEL,1999,0.280090,1.62
BEL,2000,0.275510,1.67
BEL,2001,0.271233,1.67
BEL,2002,0.267712,1.65
BEL,2003,0.265160,1.67
BEL,2004,0.263524,1.72
BEL,2005,0.262781,1.76
BEL,2006,0.262396,1.8
BEL,2007,0.262013,1.82
BEL,2008,0.262330,1.85
BEL,2009,0.263410,1.84
BEL,2010,0.264711,1.86
BEL,2011,0.266154,1.81
BEL,2012,0.267645,1.8
BEL,2013,0.268620,1.76
BEL,2014,0.268734,1.74
BEL,2015,0.269320,1.7
BEL,2016,0.269553,1.68
BEL,2017,0.268713,1.65
BEL,2018,0.267791,1.62
BEL,2019,0.266703,1.6
BEL,2020,0.265175,1.55
BEL,2021,0.262909,1.6
BEL,2022,0.259309,1.53
BEL,2023,0.255260,1.47
BEL,2024,0.254295,1.44
AUT,1960,0.283532,2.69
AUT,1961,0.295820,2.78
AUT,1962,0.304909,2.8
AUT,1963,0.312751,2.82
AUT,1964,0.321888,2.79
AUT,1965,0.327927,2.7
AUT,1966,0.333095,2.66
AUT,1967,0.343412,2.62
AUT,1968,0.353343,2.58
AUT,1969,0.351777,2.49
AUT,1970,0.340923,2.29
AUT,1971,0.331989,2.2
AUT,1972,0.330180,2.08
AUT,1973,0.332786,1.94
AUT,1974,0.333183,1.91
AUT,1975,0.337146,1.83
AUT,1976,0.345242,1.69
AUT,1977,0.348573,1.63
AUT,1978,0.348877,1.6
AUT,1979,0.351276,1.6
AUT,1980,0.355979,1.65
AUT,1981,0.362276,1.67
AUT,1982,0.368474,1.66
AUT,1983,0.373898,1.56
AUT,1984,0.380553,1.52
AUT,1985,0.387339,1.47
AUT,1986,0.391889,1.45
AUT,1987,0.393376,1.43
AUT,1988,0.394253,1.45
AUT,1989,0.395331,1.45
AUT,1990,0.394203,1.46
AUT,1991,0.389550,1.51
AUT,1992,0.381353,1.51
AUT,1993,0.369171,1.5
AUT,1994,0.353762,1.47
AUT,1995,0.337489,1.42
AUT,1996,0.320952,1.45
AUT,1997,0.304293,1.39
AUT,1998,0.288320,1.37
AUT,1999,0.274145,1.34
AUT,2000,0.263491,1.36
AUT,2001,0.256509,1.33
AUT,2002,0.252944,1.39
AUT,2003,0.252094,1.38
AUT,2004,0.253459,1.42
AUT,2005,0.256263,1.41
AUT,2006,0.258553,1.41
AUT,2007,0.260601,1.38
AUT,2008,0.262876,1.42
AUT,2009,0.264624,1.39
AUT,2010,0.264452,1.44
AUT,2011,0.263287,1.43
AUT,2012,0.263458,1.44
AUT,2013,0.264776,1.44
AUT,2014,0.266173,1.46
AUT,2015,0.268330,1.49
AUT,2016,0.269510,1.53
AUT,2017,0.267702,1.52
AUT,2018,0.263875,1.47
AUT,2019,0.258880,1.46
AUT,2020,0.253680,1.44
AUT,2021,0.248419,1.48
AUT,2022,0.241821,1.41
AUT,2023,0.234117,1.32
AUT,2024,0.228156,1.31
CHE,1960,0.336571,2.44
CHE,1961,0.340475,2.52
CHE,1962,0.348780,2.58
CHE,1963,0.358047,2.65
CHE,1964,0.365872,2.66
CHE,1965,0.370120,2.59
CHE,1966,0.374202,2.5
CHE,1967,0.381237,2.39
CHE,1968,0.388886,2.29
CHE,1969,0.394614,2.19
CHE,1970,0.390977,2.1
CHE,1971,0.383995,2.04
CHE,1972,0.382443,1.91
CHE,1973,0.380106,1.81
CHE,1974,0.374310,1.73
CHE,1975,0.365661,1.61
CHE,1976,0.356105,1.55
CHE,1977,0.348485,1.53
CHE,1978,0.342622,1.51
CHE,1979,0.338119,1.52
CHE,1980,0.335508,1.55
CHE,1981,0.335422,1.55
CHE,1982,0.337477,1.56
CHE,1983,0.339635,1.52
CHE,1984,0.342269,1.53
CHE,1985,0.345149,1.52
CHE,1986,0.347506,1.53
CHE,1987,0.348562,1.52
CHE,1988,0.348012,1.57
CHE,1989,0.346118,1.56
CHE,1990,0.343640,1.58
CHE,1991,0.341451,1.58
CHE,1992,0.336206,1.58
CHE,1993,0.326207,1.51
CHE,1994,0.314032,1.49
CHE,1995,0.301285,1.48
CHE,1996,0.288333,1.5
CHE,1997,0.276275,1.48
CHE,1998,0.266183,1.47
CHE,1999,0.258103,1.48
CHE,2000,0.252482,1.5
CHE,2001,0.249812,1.38
CHE,2002,0.248119,1.39
CHE,2003,0.246208,1.39
CHE,2004,0.245143,1.42
CHE,2005,0.244691,1.42
CHE,2006,0.244789,1.44
CHE,2007,0.246266,1.46
CHE,2008,0.249431,1.48
CHE,2009,0.252255,1.5
CHE,2010,0.255895,1.52
CHE,2011,0.259069,1.52
CHE,2012,0.259646,1.52
CHE,2013,0.259777,1.52
CHE,2014,0.259228,1.54
CHE,2015,0.258181,1.54
CHE,2016,0.257344,1.54
CHE,2017,0.255710,1.52
CHE,2018,0.252394,1.52
CHE,2019,0.248505,1.48
CHE,2020,0.244714,1.46
CHE,2021,0.240689,1.52
CHE,2022,0.234332,1.39
CHE,2023,0.226467,1.33
CHE,2024,0.221842,1.29
KOR,1960,0.608272,5.994
KOR,1961,0.616856,5.803
KOR,1962,0.619864,5.562
KOR,1963,0.615789,5.334
KOR,1964,0.603359,5.068
KOR,1965,0.585666,4.887
KOR,1966,0.570440,4.782
KOR,1967,0.559221,4.615
KOR,1968,0.548711,4.51
KOR,1969,0.538486,4.447
KOR,1970,0.529516,4.53
KOR,1971,0.521354,4.54
KOR,1972,0.515891,4.12
KOR,1973,0.515498,4.07
KOR,1974,0.521686,3.77
KOR,1975,0.536312,3.43
KOR,1976,0.549762,3.0
KOR,1977,0.557863,2.99
KOR,1978,0.570289,2.64
KOR,1979,0.588617,2.9
KOR,1980,0.606514,2.82
KOR,1981,0.620801,2.57
KOR,1982,0.626835,2.39
KOR,1983,0.630893,2.06
KOR,1984,0.630709,1.74
KOR,1985,0.617407,1.66
KOR,1986,0.600278,1.58
KOR,1987,0.583400,1.53
KOR,1988,0.566754,1.55
KOR,1989,0.550762,1.56
KOR,1990,0.533692,1.57
KOR,1991,0.513848,1.71
KOR,1992,0.493763,1.76
KOR,1993,0.476327,1.654
KOR,1994,0.462460,1.656
KOR,1995,0.450435,1.634
KOR,1996,0.436402,1.574
KOR,1997,0.421950,1.537
KOR,1998,0.407836,1.464
KOR,1999,0.394835,1.425
KOR,2000,0.384623,1.48
KOR,2001,0.373966,1.309
KOR,2002,0.361604,1.178
KOR,2003,0.349612,1.191
KOR,2004,0.338126,1.164
KOR,2005,0.327634,1.085
KOR,2006,0.318404,1.132
KOR,2007,0.308716,1.259
KOR,2008,0.298164,1.192
KOR,2009,0.287567,1.149
KOR,2010,0.277971,1.226
KOR,2011,0.269440,1.244
KOR,2012,0.261467,1.297
KOR,2013,0.254741,1.187
KOR,2014,0.250208,1.205
KOR,2015,0.247864,1.239
KOR,2016,0.247551,1.172
KOR,2017,0.248890,1.052
KOR,2018,0.250371,0.977
KOR,2019,0.251278,0.918
KOR,2020,0.251986,0.837
KOR,2021,0.249919,0.808
KOR,2022,0.244213,0.778
KOR,2023,0.237475,0.721
KOR,2024,0.230873,0.748
