openalex_id,doi,year,title,venue,cell,tier,verdict,n_seeds,cited_by,screen_note,RA_DECISION(RETRIEVE/EXCLUDE/UNSURE),RA_NOTE
W2804566355,10.1016/j.fertnstert.2018.01.029,2018,"Major depression, antidepressant use, and male and female fertility",Fertility and Sterility,PRIMARY_MEDICATION_TO_FERTILITY,1,RELEVANT,2,73,"KEY RECORD. Major depression AND antidepressant use against male and female fertility in one estimate — the Wall 1 contrast the chapter needs, and the only record so far that names both exposures. Record carries no abstract; version of record must be located.",,
W2013874757,10.1016/s0306-4530(99)00038-4,2000,"Antidepressant medications, mood and male fertility",Psychoneuroendocrinology,PRIMARY_MALE_FECUNDITY,1,RELEVANT,2,71,"Psychoneuroendocrinology, antidepressant medications, mood AND male fertility together. Both exposures named; no abstract on the record.",,
W2165508657,10.1093/humrep/des383,2012,"The risks of selective serotonin reuptake inhibitor use in infertile women: a review of the impact on fertility, pregnancy, neonatal health and beyond",Human Reproduction,PRIMARY_MEDICATION_TO_FERTILITY,1,RELEVANT,3,69,"Human Reproduction review of SSRI use in INFERTILE women, covering the impact on fertility. Female primary-cell channel-1 seed; LEAKAGE WALL applies. Population is selected on subfecundity, so transport to a general population needs an argument.",,
W2342461626,10.1016/j.ajog.2016.04.022,2016,"Depression, anxiety, and psychotropic medication use and fecundability",American Journal of Obstetrics and Gynecology,PRIMARY_MEDICATION_TO_FERTILITY,2,RELEVANT,1,61,"KEY RECORD. Depression, anxiety, and psychotropic medication use against FECUNDABILITY, in AJOG. Female-side counterpart to W4211211986, and it carries both exposures. No abstract on the record; version of record must be located.",,
W2083659963,10.1097/00001648-199303000-00011,1993,Self-Reported Use of Pharmaceuticals and Primary Ovulatory Infertility,Epidemiology,PRIMARY_MEDICATION_TO_FERTILITY,2,RELEVANT,1,48,"Self-reported pharmaceutical use and primary OVULATORY infertility, case-control. Female, and a fertility outcome. Predates the SSRI era, so the exposure is largely tricyclic and the record informs the pre-1988 baseline rather than the SDT cell.",,
W2080412411,10.1016/j.fertnstert.2011.11.027,2011,Male fertility: psychiatric considerations,Fertility and Sterility,PRIMARY_MALE_FECUNDITY,1,RELEVANT,4,32,"Fertility and Sterility, psychiatric considerations in male fertility. No abstract on the record.",,
W2957096317,10.1097/hrp.0000000000000204,2019,Selective Serotonin Reuptake Inhibitors and Fertility: Considerations for Couples Trying to Conceive,Harvard Review of Psychiatry,PRIMARY_MEDICATION_TO_FERTILITY,1,RELEVANT,6,20,Harvard Review of Psychiatry review of SSRIs and conception in couples. Channel-1 seed the A3 set did not hold; LEAKAGE WALL applies.,,
W3197213469,10.1016/j.fertnstert.2021.07.1202,2021,Medical therapies causing iatrogenic male infertility,Fertility and Sterility,PRIMARY_MALE_FECUNDITY,1,RELEVANT,2,18,"Medical therapies causing IATROGENIC male infertility, Fertility and Sterility. Frames B.7's claim as one entry in a drug list; no abstract on the record.",,
W2913546723,10.1097/pra.0000000000000353,2019,The Association Between Psychotropic Drug Use and Fertility Problems Among Male Subjects,Journal of Psychiatric Practice,PRIMARY_MALE_FECUNDITY,2,RELEVANT,1,18,"KEY RECORD. Psychotropic drug use and FERTILITY PROBLEMS among male subjects. A fertility outcome rather than a semen parameter, and the exposure is the drug class.",,
W3125932895,10.1080/13651501.2021.1872647,2021,The effects of selective serotonin reuptake inhibitors on male and female fertility: a brief literature review,International Journal of Psychiatry in Clinical Practice,PRIMARY_MEDICATION_TO_FERTILITY,1,RELEVANT,6,17,"Brief review, both sexes, ability to conceive. Channel-1.",,
W3092864991,10.1016/j.fertnstert.2020.06.037,2020,Urinary selective serotonin reuptake inhibitors across critical windows of pregnancy establishment: a prospective cohort study of fecundability and pregnancy loss,Fertility and Sterility,PRIMARY_MEDICATION_TO_FERTILITY,1,RELEVANT,2,10,"KEY RECORD. Urinary SSRI biomarker across pregnancy-establishment windows, prospective cohort, outcomes fecundability AND pregnancy loss. Biomarker exposure sidesteps the prescription-is-not-ingestion problem. Record carries no abstract; likely an ASRM abstract, and the version of record must be located.",,
W7126064928,10.3389/fphar.2026.1765071,2026,Drug-induced male infertility: a real-world study using FAERS and EudraVigilance databases,Frontiers in Pharmacology,PRIMARY_MALE_FECUNDITY,2,RELEVANT,1,8,"FAERS and EudraVigilance disproportionality for drug-induced male infertility. Spontaneous-report ascertainment, so a signal rather than an effect size.",,
W4211211986,10.1177/15579883221075520,2022,"A Prospective Study of Male Depression, Psychotropic Medication Use, and Fecundability",American Journal of Men s Health,PRIMARY_MEDICATION_TO_FERTILITY,1,RELEVANT,3,6,"KEY RECORD. PRESTO-style North American preconception cohort: male depression AND psychotropic medication use against FECUNDABILITY. Both exposures in one design, which is what Wall 1 demands, and the outcome is a conception hazard rather than a semen parameter.",,
W4394578177,10.3390/jcm13072129,2024,Evaluating the Use of Selective Serotonin Reuptake Inhibitors (SSRIs) and Male Infertility: A Critical Retrospective Study,Journal of Clinical Medicine,PRIMARY_MALE_FECUNDITY,1,RELEVANT,3,5,"SSRI use and male infertility, retrospective. Indication design not stated in the abstract.",,
W4389143339,10.3390/brainsci13121652,2023,"The Possible Role of Prescribing Medications, Including Central Nervous System Drugs, in Contributing to Male-Factor Infertility (MFI): Assessment of the Food and Drug Administration (FDA) Pharmacovigilance Database",Brain Sciences,PRIMARY_MALE_FECUNDITY,1,RELEVANT,3,5,CNS drugs among prescribed medications contributing to male-factor infertility.,,
W2562048746,10.17816/uroved6319-25,2016,Selective serotonin reuptake inhibitor and fertility potential of the men. Psychiatry and Urology. At the junction of related disciplines,Urology reports (St - Petersburg),PRIMARY_MALE_FECUNDITY,1,RELEVANT,3,2,"Pilot, SSRI and male fertility potential. Reverse causation named in the abstract itself (infertility -> stress -> depression).",,
W4416434253,10.7759/cureus.97360,2025,Unraveling the Cycle: A Scoping Review Exploring the Impact of Antidepressants on the Female Reproductive Cycle,Cureus,PRIMARY_MEDICATION_TO_FERTILITY,2,RELEVANT,1,1,2025 scoping review of antidepressants and the FEMALE reproductive system. The female-side channel-1 record the reconnaissance could not find; LEAKAGE WALL applies.,,
W4388681810,10.20944/preprints202311.0910.v1,2023,Impact of Selective Serotonin Reuptake Inhibitor on Male Infertility: A Retrospective Pilot Study,Preprints.org,PRIMARY_MALE_FECUNDITY,3,UNCERTAIN,3,1,Preprints.org record; version of record must be located before use.,,
W7166526610,10.33719/nju1797653,2026,The Effects of Paternal Selective Serotonin Reuptake Inhibitor Use on Male Fertility and Pregnancy Outcomes: A Narrative Review,Yeni Üroloji Dergisi,PRIMARY_MALE_FECUNDITY,1,RELEVANT,3,0,"Narrative review, paternal SSRI use. Mixes male fertility with neonatal outcomes; the neonatal half is Wall 4.",,
W3091946512,10.1016/j.fertnstert.2020.09.008,2020,"Rubik’s cube of depression, antidepressants, and fertility",Fertility and Sterility,PRIMARY_MEDICATION_TO_FERTILITY,2,RELEVANT,1,0,"Fertility and Sterility commentary explicitly on the depression/antidepressant/fertility tangle. No abstract on the record; likely an editorial accompanying a primary study, and worth retrieving for the framing rather than an estimate.",,
W2235481714,10.1007/s00213-015-4198-1,2016,Differential effects of vilazodone versus citalopram and paroxetine on sexual behaviors and serotonin transporter and receptors in male rats,Psychopharmacology,INSUFFICIENT_INFO,3,UNCERTAIN,1,24,"Vilazodone versus citalopram and paroxetine on 'sexual behaviors'. Psychopharmacology publishes both human and rodent behavioural work and the visible record does not name the species. SPECIES CHECK FAILS ON THE VISIBLE RECORD, which is exactly the case Wall 7 says not to guess.",,
W4210967122,10.1007/978-3-319-74604-3_4,2018,Antidepressants,,INSUFFICIENT_INFO,3,UNCERTAIN,5,7,"Title is the single word 'Antidepressants', no venue, no abstract. Unroutable on the visible record.",,
W4410883232,10.1016/j.reprotox.2025.108960,2025,Use of serotonin reuptake inhibitors (SSRIs) and serotonin and norepinephrine reuptake inhibitors (SNRIs) during pregnancy: Effect on fetal growth and long-term reproductive outcomes,Reproductive Toxicology,INSUFFICIENT_INFO,3,UNCERTAIN,4,6,"Reproductive Toxicology 2025, SSRI/SNRI use; no abstract on the record and the venue publishes both human and animal work, so species is undetermined. Retrieve.",,
W4394957444,10.1111/andr.13646,2024,"Paternal use of selective serotonin reuptake inhibitors and adverse health outcomes: A nationwide cohort study on 13,547 exposed children",Andrology,ROUTING_DEFERRED_TO_FULLTEXT,3,UNCERTAIN,4,4,Nationwide cohort of PATERNAL SSRI use and 'adverse health outcomes'. If the outcomes are the offspring's it is Wall 4; if any is a conception or birth-count outcome it is primary. The abstract does not say which.,,
W4404756268,10.1891/ehpp-2023-0024,2024,Sexual and Fertility Effects of Selective Serotonin Reuptake Inhibitors: What Role for Informed Consent?,Ethical Human Psychology and Psychiatry,INSUFFICIENT_INFO,3,UNCERTAIN,3,0,"Title names sexual AND fertility effects, but the record carries no abstract and the venue is a journal of psychology critique rather than an empirical outlet. Retrieve before routing.",,
