stratum,priority,read_level,work_id,doi,year,venue,screen_verdict,screen_cell,outcome_level,setting_era,structural_change_held_fixed,evidence_type,screen_reason,ra_verdict,ra_cell,ra_outcome_level,ra_route_to,agree_or_overturn,mechanism_decomposed,ra_reason,send_to_fulltext,ra_initials,ra_date,title
A_DECISIVE,1,full_text,W4403532902,10.1016/j.labeco.2024.102640,2024,Labour Economics,RELEVANT,DIFFUSION_INDEPENDENT_OF_STRUCTURE,MULTIPLE,SDT,yes,quasi-experimental,Signal-geography natural experiment within one economy attributes reduced marriage and childbearing to Western TV role models via attitude change.,,,,,,,,,,,Television and family demography: Evidence from a natural experiment in East Germany
A_DECISIVE,1,full_text,W4403845184,10.1111/imig.13347,2024,International Migration,RELEVANT,PRIMARY_WESTERN_CONTACT,REALIZED_FERTILITY,DIFFUSED_FDT,no,observational,Tests transmission of destination family and gender norms to origin fertility via migration corridors; bivariate correlations only.,,,,,,,,,,,International migration and the advent of a new demographic era
A_DECISIVE,1,full_text,W4386758606,10.1093/migration/mnad025,2023,Migration Studies,RELEVANT,PRIMARY_WESTERN_CONTACT,REALIZED_FERTILITY,SDT,unclear,observational,"Estimand is intergenerational convergence to native fertility with exposure, tested against socialization hypotheses (Wall 2 migrant seam).",,,,,,,,,,,Fertility of immigrants and their descendants in Spain: intergenerational convergence to the native population’s behaviour?
A_DECISIVE,1,full_text,W4389150456,10.1080/17441730.2023.2287336,2023,Asian Population Studies,RELEVANT,DIFFUSION_INDEPENDENT_OF_STRUCTURE,REALIZED_FERTILITY,SDT,yes,observational,"Ideal of investing heavily in few children drives sub-replacement fertility in a rural, economically insecure setting where structural development has not moved.",,,,,,,,,,,"Responsibility, social aspirations, and contemporary low fertility: a case study of rural West Bengal, India"
A_DECISIVE,1,full_text,W4220760611,10.1017/dem.2022.6,2022,Journal of Demographic Economics,RELEVANT,PRIMARY_MEDIA_WESTERN_MODEL,REALIZED_FERTILITY,DIFFUSED_FDT,unclear,observational,"TV access reduces fertility with the effect attributed to soap-opera role models and household forms, though wealth/education adjustment is covariate control rather than design.",,,,,,,,,,,"Fertility, electricity and television: is there a link? Evidence from Pakistan, 1990–2018"
A_DECISIVE,1,full_text,W4286794531,10.1007/s00181-022-02278-6,2022,Empirical Economics,RELEVANT,DIFFUSION_INDEPENDENT_OF_STRUCTURE,REALIZED_FERTILITY,SDT,yes,quasi-experimental,"Natural experiment isolating exposure to a Western small-family model within a single economy, with the effect attributed to depicted role models.",,,,,,,,,,,Television and fertility: evidence from a natural experiment
A_DECISIVE,1,full_text,W3000461591,10.1257/mac.20180296,2020,American Economic Journal Macroeconomics,RELEVANT,DIFFUSION_INDEPENDENT_OF_STRUCTURE,REALIZED_FERTILITY,DIFFUSED_FDT,yes,structural,"Quantitative model simulates the norm-shifting channel of development-institution population programmes separately from human capital, income, and contraceptive access.",,,,,,,,,,,The Fall in Global Fertility: A Quantitative Model
A_DECISIVE,1,full_text,W2788466063,10.35188/unu-wider/2018/467-4,2018,Working Paper Series,RELEVANT,PRIMARY_WESTERN_CONTACT,REALIZED_FERTILITY,DIFFUSED_FDT,unclear,review,"Reviews the cultural sway of emigrants on origin-country fertility, i.e. contact-mediated import of an external family model.",,,,,,,,,,,Diaspora externalities: A view from the South
A_DECISIVE,1,full_text,W2890075677,10.1080/00220388.2018.1506581,2018,The Journal of Development Studies,RELEVANT,PRIMARY_MEDIA_WESTERN_MODEL,REALIZED_FERTILITY,DIFFUSED_FDT,unclear,quasi-experimental,Replication of a cable-TV introduction design attributing fertility and gender-attitude change to televised depictions of modern family life; channel reading equally live.,,,,,,,,,,,All You Need is Cable TV?
A_DECISIVE,1,full_text,W3021988804,10.3386/w24856,2018,National Bureau of Economic Research,RELEVANT,PRIMARY_MEDIA_WESTERN_MODEL,REALIZED_FERTILITY,SDT,no,quasi-experimental,Re-examination of a televised family-model depiction on teen childbearing; dual-home media case tagged shared with A.20.,,,,,,,,,,,A Cautionary Tale of Evaluating Identifying Assumptions: Did Reality TV Really Cause a Decline in Teenage Childbearing?
A_DECISIVE,1,full_text,W2733367730,10.1007/s13524-017-0588-9,2017,Demography,RELEVANT,DIFFUSION_INDEPENDENT_OF_STRUCTURE,FAMILY_FORMATION_BEHAVIOUR,DIFFUSED_FDT,yes,observational,Nonfamily-exposure measures predict nuclear residence in rural Nepal while community market and employment access and household wealth are separately modelled.,,,,,,,,,,,Postmarital Living Arrangements in Historically Patrilocal Settings: Integrating Household Fission and Migration Perspectives
A_DECISIVE,1,full_text,W2765272380,10.1257/jep.31.4.205,2017,The Journal of Economic Perspectives,RELEVANT,PRIMARY_WESTERN_CONTACT,REALIZED_FERTILITY,DIFFUSED_FDT,yes,structural,"Western-elite-originated development programmes altering family-size norms are argued to drive fertility convergence despite large differences in GDP, education, urbanization, and female employment.",,,,,,,,,,,Population Control Policies and Fertility Convergence
A_DECISIVE,1,full_text,W2017775266,10.1007/s13524-013-0221-5,2013,Demography,RELEVANT,DIFFUSION_INDEPENDENT_OF_STRUCTURE,REALIZED_FERTILITY,DIFFUSED_FDT,yes,observational,"Spread of the conjugal marriage form through rural Asia as a determinant of long-term fertility limitation, estimated net of the contemporaneous social changes that shape both.",,,,,,,,,,,"Marital Processes, Arranged Marriage, and Contraception to Limit Fertility"
A_DECISIVE,1,full_text,W2043124662,10.1111/j.1728-4457.2012.00496.x,2012,Population and Development Review,RELEVANT,PRIMARY_WESTERN_CONTACT,REALIZED_FERTILITY,SDT,no,observational,"Estimand is intergenerational adaptation and convergence on host childbearing norms with exposure, the migrant-seam case assigned to D.1.b.",,,,,,,,,,,Immigration to the UK from High‐Fertility Countries: Intergenerational Adaptation and Fertility Convergence
A_DECISIVE,1,full_text,W1503799874,10.1111/j.1549-0831.2010.00019.x,2010,Rural Sociology,RELEVANT,PRIMARY_WESTERN_CONTACT,REALIZED_FERTILITY,DIFFUSED_FDT,unclear,observational,"Exposure to modern non-family institutions said to spread new expectations about family life, estimated on first-birth timing against agricultural child-labour returns",,,,,,,,,,,"Community Context, Land Use, and First Birth"
A_DECISIVE,1,full_text,W3144412698,10.2307/3088337,2002,Demography,RELEVANT,PRIMARY_SCHOOLING_IDEATIONAL,REALIZED_FERTILITY,DIFFUSED_FDT,unclear,observational,"Aggregate schooling spillover onto women whose own education did not change — Caldwell's mass-education mechanism, net of own education and urbanization (Wall 5).",,,,,,,,,,,Education and Fertility in Sub-Saharan Africa: Individual and Community Effects
A_DECISIVE,1,full_text,W1552777139,,2001,Duo Research Archive (University of Oslo),RELEVANT,PRIMARY_SCHOOLING_IDEATIONAL,REALIZED_FERTILITY,DIFFUSED_FDT,unclear,observational,"Estimates schooling spillovers onto women whose own education did not change, net of urbanization — the design isolates a non-individual, non-wage schooling channel.",,,,,,,,,,,The importance of education for fertility in Sub-Saharan Africa is substantially underestimated when community effects are ignored
A_DECISIVE,1,full_text,W2020653457,10.1080/00220380412331322181,2001,The Journal of Development Studies,RELEVANT,DIFFUSION_INDEPENDENT_OF_STRUCTURE,REALIZED_FERTILITY,DIFFUSED_FDT,unclear,review,"Adjudicates the claim that fertility fell without prior economic change, the value-added claim of this hypothesis; argues against it.",,,,,,,,,,,"Ideas, Economics and 'the Sociology of Supply': Explanations for Fertility Decline in Bangladesh"
A_DECISIVE,1,full_text,W2334348451,10.2307/3088919,2001,American Sociological Review,RELEVANT,PRIMARY_SCHOOLING_IDEATIONAL,REALIZED_FERTILITY,DIFFUSED_FDT,unclear,observational,"School-proximity effect estimated net of own, husband's, and children's schooling, isolating exposure for people whose own schooling did not change.",,,,,,,,,,,Mass Education and Fertility Transition
A_DECISIVE,1,full_text,W2056855601,10.2307/2061849,1992,Demography,RELEVANT,PRIMARY_WESTERN_CONTACT,REALIZED_FERTILITY,DIFFUSED_FDT,no,observational,Exposure to nonfamily institutions carrying a new family mode of organization predicts fertility limitation in transitional Nepal.,,,,,,,,,,,Family organization and fertility limitation in Nepal
A_DECISIVE,1,full_text,W2063689625,10.1177/019791839202600104,1992,International Migration Review,RELEVANT,PRIMARY_WESTERN_CONTACT,REALIZED_FERTILITY,SDT,unclear,observational,"Migrant-seam case on the convergence-with-exposure side: fertility declines with duration and generation of US exposure, not persistence of origin norms.",,,,,,,,,,,"Assimilation, Disruption and the Fertility of Mexican-Origin Women in the United States <sup/>"
A_DECISIVE,1,full_text,W2068298470,10.1111/j.1549-0831.1992.tb00472.x,1992,Rural Sociology,RELEVANT,PRIMARY_WESTERN_CONTACT,REALIZED_FERTILITY,DIFFUSED_FDT,no,observational,"Exposure to development-programme institutions as a determinant of fertility limitation in Nepal, though the stated mechanism runs partly through childbearing costs.",,,,,,,,,,,Rural Income‐Generating Programs and Fertility Limitation: Evidence from a Microdemographic Study in Nepal<sup>1</sup>
B_WALL5_SCHOOLING,1,full_text,W2100053498,10.2307/2133523,1995,International Family Planning Perspectives,UNCERTAIN,MECHANISM_UNRESOLVED_SCHOOLING,MULTIPLE,DIFFUSED_FDT,unclear,observational,"Mediation of schooling through mixed cognitive, economic and attitudinal assets; no design separating ideational content from returns.",,,,,,,,,,,The Impact of Women's Education on Fertility In Latin America: Searching for Explanations
B_WALL5_SCHOOLING,1,full_text,W4413110980,10.1215/00703370-12191344,2025,Demography,UNCERTAIN,MECHANISM_UNRESOLVED_SCHOOLING,REALIZED_FERTILITY,DIFFUSED_FDT,unclear,observational,"Education-fertility gradients compared across regions with mechanism attributed to mortality and school quality, not decomposed toward ideation.",,,,,,,,,,,How Is Fertility Behavior in Africa Different?
B_WALL5_SCHOOLING,1,full_text,W2130597491,,2010,RePEc: Research Papers in Economics,UNCERTAIN,MECHANISM_UNRESOLVED_SCHOOLING,REALIZED_FERTILITY,DIFFUSED_FDT,no,quasi-experimental,Schooling→fertility with labour-market channel noted but no decomposition separating ideational from wage/cost mechanisms.,,,,,,,,,,,"The effect of schooling on fertility, labor market participation and children's outcomes, evidence from Ecuador"
B_WALL5_SCHOOLING,1,full_text,W4294343530,10.1007/978-3-031-11840-1_4,2022,SpringerBriefs in population studies,UNCERTAIN,MECHANISM_UNRESOLVED_SCHOOLING,REALIZED_FERTILITY,DIFFUSED_FDT,no,observational,"Education identified as the leading determinant of fertility with no mechanism decomposition; diffusion and norms are invoked in discussion, not designed for.",,,,,,,,,,,Socio-Economic Determinants of Fertility
B_WALL5_SCHOOLING,1,full_text,W4409029977,10.1093/ereh/heae023,2025,European Review of Economic History,UNCERTAIN,MECHANISM_UNRESOLVED_SCHOOLING,MULTIPLE,SDT,unclear,quasi-experimental,Causal schooling-to-fertility RD with no visible decomposition separating ideational content from wage or cost returns.,,,,,,,,,,,The Causal Effects of Education on Age at Marriage and Marital Fertility
B_WALL5_SCHOOLING,1,full_text,W2345861931,10.1093/oso/9780198813422.003.0006,2017,Oxford University Press eBooks,UNCERTAIN,MECHANISM_UNRESOLVED_SCHOOLING,NA,NA,unclear,review,Asserts a causal education–demography relationship for projection purposes with no visible decomposition of ideational versus cost/return mechanisms.,,,,,,,,,,,How Education Drives Demography and Knowledge Informs Projections
B_WALL5_SCHOOLING,1,full_text,W1925386910,,1996,ANU Open Research (Australian National University),UNCERTAIN,MECHANISM_UNRESOLVED_SCHOOLING,REALIZED_FERTILITY,DIFFUSED_FDT,unclear,observational,Tests Caldwell's mass-education thesis on a post-1945 transition but shows no decomposition separating ideational content from cost and wealth-flow channels.,,,,,,,,,,,The first generation with mass schooling and the fertility transition: the case of Sri Lanka.
B_WALL5_SCHOOLING,1,full_text,W2790358149,10.1017/dem.2016.12,2018,Journal of Demographic Economics,UNCERTAIN,MECHANISM_UNRESOLVED_SCHOOLING,MULTIPLE,DIFFUSED_FDT,no,quasi-experimental,Schooling shock to fertility desires and marriage behaviour with no decomposition separating ideational content from wage or child-cost returns.,,,,,,,,,,,THE IMPACT OF EDUCATION ON WOMEN'S PREFERENCES FOR GENDER EQUALITY: EVIDENCE FROM SIERRA LEONE
B_WALL5_SCHOOLING,1,full_text,W2060353279,10.2307/2060910,1984,Demography,UNCERTAIN,MECHANISM_UNRESOLVED_SCHOOLING,REALIZED_FERTILITY,DIFFUSED_FDT,unclear,observational,"Aggregate literacy effect on fertility estimated net of economic development, but no mechanism decomposition distinguishes ideational from economic returns.",,,,,,,,,,,"The threshold hypothesis: evidence from less developed Latin American countries, 1950 to 1980"
B_WALL5_SCHOOLING,1,full_text,W2144489347,10.1111/j.1728-4457.2000.00483.x,2000,Population and Development Review,UNCERTAIN,MECHANISM_UNRESOLVED_SCHOOLING,REALIZED_FERTILITY,DIFFUSED_FDT,no,observational,tests Caldwell's mass-schooling threshold against fertility decline but shows no decomposition separating ideational content from wage or child-cost returns,,,,,,,,,,,The Spread of Primary Schooling in sub‐Saharan Africa: Implications for Fertility Change
B_WALL5_SCHOOLING,1,full_text,W2095480544,10.2307/2061422,1991,Demography,UNCERTAIN,MECHANISM_UNRESOLVED_SCHOOLING,FAMILY_FORMATION_BEHAVIOUR,DIFFUSED_FDT,unclear,observational,shift to self-choice marriage regressed on education and class with no ideational-versus-economic mechanism identified,,,,,,,,,,,Gender and changing generational relations: Spouse choice in Indonesia
B_WALL5_SCHOOLING,1,full_text,W4401323454,10.32468/chee.63,2024,,UNCERTAIN,MECHANISM_UNRESOLVED_SCHOOLING,REALIZED_FERTILITY,DIFFUSED_FDT,no,observational,Education-fertility gradient in Colombia with no decomposition separating ideational content from cost and wage returns.,,,,,,,,,,,Understanding the relationship between women's education and fertility decline: Evidence from Colombia
B_WALL5_SCHOOLING,1,full_text,W2050754079,10.1017/s0021932000021829,1993,Journal of Biosocial Science,UNCERTAIN,MECHANISM_UNRESOLVED_SCHOOLING,STATED_INTENTION_OR_IDEAL,DIFFUSED_FDT,unclear,observational,literacy to fertility desires with no decomposition of ideational versus cost/return mechanism,,,,,,,,,,,Does women's literacy affect desired fertility and contraceptive use in rural–urban Pakistan?
B_WALL5_SCHOOLING,1,full_text,W388972784,,2009,KTH Publication Database DiVA (KTH Royal Institute of Technology),UNCERTAIN,MECHANISM_UNRESOLVED_SCHOOLING,REALIZED_FERTILITY,SDT,unclear,observational,Education-fertility estimation with unobserved heterogeneity correction and no mechanism decomposition (Wall 5).,,,,,,,,,,,The role of unobserved heterogeneity in transition to higher parity : evidence from Italy using Multiscopo survey
B_WALL5_SCHOOLING,1,full_text,W4415317108,10.1016/j.ssaho.2025.102109,2025,Social Sciences & Humanities Open,UNCERTAIN,MECHANISM_UNRESOLVED_SCHOOLING,REALIZED_FERTILITY,DIFFUSED_FDT,unclear,quasi-experimental,Causal schooling-to-fertility estimate with no mechanism decomposition distinguishing ideational content from economic returns.,,,,,,,,,,,Does reducing the length of school cycles affect Women's fertility? Quasi-Experimental evidence from Ghana
B_WALL5_SCHOOLING,1,full_text,W1549797823,10.3386/w10513,2004,National Bureau of Economic Research,UNCERTAIN,MECHANISM_UNRESOLVED_SCHOOLING,MULTIPLE,DIFFUSED_FDT,unclear,quasi-experimental,education to fertility with no separation of ideational content from wage or child-cost returns,,,,,,,,,,,The Impact of Education on Fertility and Child Mortality: Do Fathers Really Matter Less Than Mothers?
B_WALL5_SCHOOLING,1,full_text,W2006705160,10.3386/w13070,2007,National Bureau of Economic Research,UNCERTAIN,MECHANISM_UNRESOLVED_SCHOOLING,REALIZED_FERTILITY,DIFFUSED_FDT,unclear,quasi-experimental,Causal schooling-to-fertility estimate with no decomposition separating ideational content from wage or child-cost returns.,,,,,,,,,,,Does Female Schooling Reduce Fertility? Evidence from Nigeria
B_WALL5_SCHOOLING,1,full_text,W2892678806,10.4054/demres.2018.39.20,2018,Demographic Research,UNCERTAIN,MECHANISM_UNRESOLVED_SCHOOLING,MULTIPLE,SDT,unclear,quasi-experimental,Schooling-expansion shock to family formation with no visible separation of ideational content from wage or cost returns.,,,,,,,,,,,Fewer mothers with more colleges? The impacts of expansion in higher education on first marriage and first childbirth
B_WALL5_SCHOOLING,1,full_text,W3096378151,10.1177/0021909620966778,2020,Journal of Asian and African Studies,UNCERTAIN,MECHANISM_UNRESOLVED_SCHOOLING,FAMILY_FORMATION_BEHAVIOUR,DIFFUSED_FDT,no,observational,education–early marriage association in sub-Saharan Africa with no mechanism decomposition visible,,,,,,,,,,,Early Marriage and Correlates among Young Women in Sub-Saharan African Countries
B_WALL5_SCHOOLING,1,full_text,W2075588407,10.1017/s0021932008002782,2008,Journal of Biosocial Science,UNCERTAIN,MECHANISM_UNRESOLVED_SCHOOLING,FAMILY_FORMATION_BEHAVIOUR,DIFFUSED_FDT,no,observational,"Modernizing exposures to spouse-choice behaviour, but schooling's ideational content is not separated from the bundled economic changes",,,,,,,,,,,MODERNIZATION OR CULTURAL MAINTENANCE: THE PRACTICE OF CONSANGUINEOUS MARRIAGE IN IRAN
B_WALL5_SCHOOLING,1,full_text,W1587434697,10.3386/w18016,2012,National Bureau of Economic Research,UNCERTAIN,MECHANISM_UNRESOLVED_SCHOOLING,STATED_INTENTION_OR_IDEAL,DIFFUSED_FDT,no,quasi-experimental,"Schooling shifts women's preferences and desired family size, but ideational content is not separated from wage or child-cost returns.",,,,,,,,,,,Empowering Women Through Education: Evidence from Sierra Leone
B_WALL5_SCHOOLING,1,full_text,W4313316299,10.1371/journal.pone.0279773,2022,PLoS ONE,UNCERTAIN,MECHANISM_UNRESOLVED_SCHOOLING,MULTIPLE,DIFFUSED_FDT,no,observational,Education discriminates reproductive-trajectory typologies among Ethiopian youth with no decomposition of ideational versus economic mechanism,,,,,,,,,,,"Exploring reproductive trajectories of youths of Oromia, Ethiopia: A life course approach"
B_WALL5_SCHOOLING,1,full_text,W4391348058,10.1007/s10680-023-09691-2,2024,European Journal of Population / Revue européenne de Démographie,UNCERTAIN,MECHANISM_UNRESOLVED_SCHOOLING,REALIZED_FERTILITY,SDT,no,observational,Education-to-fertility event-history estimates by parity and cohort with no decomposition separating ideational content from wage or child-cost returns.,,,,,,,,,,,The Impact of Education on Fertility During the Chinese Reform Era (1980–2018): Changes Across Birth Cohorts and Interaction with Fertility Policies
B_WALL5_SCHOOLING,1,full_text,W2805245235,10.3389/fpubh.2018.00172,2018,Frontiers in Public Health,UNCERTAIN,MECHANISM_UNRESOLVED_SCHOOLING,REALIZED_FERTILITY,DIFFUSED_FDT,no,review,Female education to fertility in South Asia with no decomposition separating ideational content from wage or child-cost returns.,,,,,,,,,,,Is Educating Girls the Best Investment for South Asia? Association Between Female Education and Fertility Choices in South Asia: A Systematic Review of the Lite
B_WALL5_SCHOOLING,1,full_text,W2042718166,10.1163/15691497-12341298,2014,Perspectives on Global Development and Technology,UNCERTAIN,MECHANISM_UNRESOLVED_SCHOOLING,MULTIPLE,SDT,unclear,observational,Education to fertility attitudes and behaviour with no mechanism decomposition separating ideational content from wage or cost returns.,,,,,,,,,,,"The Effect of Education, Employment, and Income on Reproductive Attitudes and Behavior of United Arab Emirates Married Women"
B_WALL5_SCHOOLING,1,full_text,W2068369133,10.1002/j.2326-4624.2013.tb00006.x,2013,Population Council Book Series,UNCERTAIN,MECHANISM_UNRESOLVED_SCHOOLING,NA,DIFFUSED_FDT,no,review,Descriptive education-population linkage in Pakistan with no mechanism decomposition visible.,,,,,,,,,,,Education and Population: Closely Linked Trajectories for Pakistan
B_WALL5_SCHOOLING,1,full_text,W2043596752,10.2307/2137805,1996,Population and Development Review,UNCERTAIN,MECHANISM_UNRESOLVED_SCHOOLING,NA,DIFFUSED_FDT,no,review,Policy essay on female schooling and fertility decline with socioeconomic inequality as the confound; no mechanism decomposition visible.,,,,,,,,,,,Post-Cairo Population Policy: Does Promoting Girls' Schooling Miss the Mark?
B_WALL5_SCHOOLING,1,full_text,W4414887011,10.1215/00703370-12250354,2025,Demography,UNCERTAIN,MECHANISM_UNRESOLVED_SCHOOLING,MULTIPLE,DIFFUSED_FDT,unclear,observational,Cross-country education–fertility associations in Africa with no decomposition separating ideational content from cost or return.,,,,,,,,,,,Fertility Decline and Educational Progress Among African Women and Children
B_WALL5_SCHOOLING,1,full_text,W1974071719,10.1177/002071529603700103,1996,International Journal of Comparative Sociology,UNCERTAIN,MECHANISM_UNRESOLVED_SCHOOLING,REALIZED_FERTILITY,DIFFUSED_FDT,no,observational,Cross-national panel of girls' schooling on birth rates with no decomposition separating ideational content from wage or child-cost returns.,,,,,,,,,,,"Educating Girls in the Third World: The Demographic, Basic Needs, and Economic Benefits"
B_WALL5_SCHOOLING,1,full_text,W2108834498,10.1017/s0021932005026489,2005,Journal of Biosocial Science,UNCERTAIN,MECHANISM_UNRESOLVED_SCHOOLING,STATED_INTENTION_OR_IDEAL,DIFFUSED_FDT,unclear,observational,Education–fertility-preference association in Kenya with no mechanism decomposition isolating ideational from economic returns to schooling.,,,,,,,,,,,WOMEN’S EDUCATIONAL ATTAINMENT AND INTERGENERATIONAL PATTERNS OF FERTILITY BEHAVIOUR IN KENYA
B_WALL5_SCHOOLING,1,full_text,W4285042530,10.1111/fare.12718,2022,Family Relations,UNCERTAIN,MECHANISM_UNRESOLVED_SCHOOLING,FAMILY_FORMATION_BEHAVIOUR,DIFFUSED_FDT,no,observational,"Education raises non-arranged marriage alongside structural covariates, with ideational versus structural mechanisms invoked but not separated.",,,,,,,,,,,Mate selection in China: Trends and determinants
B_WALL5_SCHOOLING,1,full_text,W658899937,10.1007/s13524-015-0392-3,2015,Demography,UNCERTAIN,MECHANISM_UNRESOLVED_SCHOOLING,STATED_INTENTION_OR_IDEAL,DIFFUSED_FDT,unclear,quasi-experimental,Fuzzy RD of schooling on desired fertility with pathway analyses that do not separate ideational content from wage or child-cost returns.,,,,,,,,,,,"Does Schooling Affect Women’s Desired Fertility? Evidence From Malawi, Uganda, and Ethiopia"
B_WALL5_SCHOOLING,1,full_text,W2057145916,10.1111/j.0022-2445.2004.00083.x,2004,Journal of Marriage and the Family,UNCERTAIN,MECHANISM_UNRESOLVED_SCHOOLING,FAMILY_FORMATION_BEHAVIOUR,DIFFUSED_FDT,unclear,observational,Education-to-conjugal-marriage association with no decomposition separating ideational content from wage or cost returns.,,,,,,,,,,,"Social change, premarital nonfamily experiences, and marital dynamics"
B_WALL5_SCHOOLING,1,full_text,W2807117404,10.1007/s10144-018-0626-5,2018,Population Ecology,UNCERTAIN,MECHANISM_UNRESOLVED_SCHOOLING,REALIZED_FERTILITY,DIFFUSED_FDT,no,observational,"Education-fertility associations across 45 DHS countries mediated by work status, contraception and mortality, but ideational versus economic content of schooling is not separated.",,,,,,,,,,,Variation in wealth and educational drivers of fertility decline across 45 countries
B_WALL5_SCHOOLING,1,full_text,W4408224057,10.1007/s12546-025-09369-y,2025,Journal of Population Research,UNCERTAIN,MECHANISM_UNRESOLVED_SCHOOLING,REALIZED_FERTILITY,DIFFUSED_FDT,no,observational,"Education to fertility with no mechanism decomposition, and diffusion measured as media/network exposure with content unspecified",,,,,,,,,,,Effects of diffusion and education on women’s fertility in India
B_WALL5_SCHOOLING,1,full_text,W42920192,,2007,,UNCERTAIN,MECHANISM_UNRESOLVED_SCHOOLING,REALIZED_FERTILITY,DIFFUSED_FDT,unclear,observational,Female education to fertility in Pakistan with a development-level control but no decomposition separating ideational from wage or cost channels.,,,,,,,,,,,RETURNS TO EDUCATION The Case of Fertility
B_WALL5_SCHOOLING,1,full_text,W2015383232,10.2307/2096321,1995,American Sociological Review,UNCERTAIN,MECHANISM_UNRESOLVED_SCHOOLING,FAMILY_FORMATION_BEHAVIOUR,SDT,unclear,observational,Schooling to family-formation behaviour with no visible decomposition of ideational versus opportunity-cost mechanisms,,,,,,,,,,,The Influence of School Enrollment and Accumulation on Cohabitation and Marriage in Early Adulthood
B_WALL5_SCHOOLING,1,full_text,W2055706420,10.1080/00380237.1996.10570638,1996,Sociological Focus,UNCERTAIN,MECHANISM_UNRESOLVED_SCHOOLING,REALIZED_FERTILITY,DIFFUSED_FDT,no,observational,Education-fertility association by cohort in Pakistan with no decomposition separating ideational from economic mechanisms.,,,,,,,,,,,"Determinants of Marital Fertility in Pakistan: The Impact of Education, Work and Family Planning"
B_WALL5_SCHOOLING,1,full_text,W4200564011,10.1111/jomf.12815,2021,Journal of Marriage and the Family,UNCERTAIN,MECHANISM_UNRESOLVED_SCHOOLING,STATED_INTENTION_OR_IDEAL,DIFFUSED_FDT,unclear,observational,"Education–fertility-desire association in Mexico, Mozambique, and Nepal with covariate adjustment but no visible decomposition separating ideational from economic mechanism.",,,,,,,,,,,Desired fertility and educational aspirations: Adolescent goals in rapidly changing social contexts
B_WALL5_SCHOOLING,1,full_text,W4226309858,10.1596/36792,2021,"World Bank, Washington, DC eBooks",UNCERTAIN,MECHANISM_UNRESOLVED_SCHOOLING,NA,DIFFUSED_FDT,unclear,review,Evidence review of schooling interventions on delayed childbearing and marriage with no decomposition of ideational versus cost mechanisms.,,,,,,,,,,,Improving the Well-Being of Adolescent Girls in Developing Countries
B2_PRIMARY_SCHOOLING,1,full_text,W4404567126,10.1111/cwe.12558,2024,China & World Economy,RELEVANT,PRIMARY_SCHOOLING_IDEATIONAL,MULTIPLE,SDT,yes,quasi-experimental,Design explicitly separates a 'concept' (ideational) channel of schooling from income and work-status returns (Wall 5),,,,,,,,,,,The Multifaceted Impact of Education on Fertility: Unpacking the “BASIC” Effects in China
B2_PRIMARY_SCHOOLING,1,full_text,W2896739472,10.1007/s13524-018-0722-3,2018,Demography,RELEVANT,PRIMARY_SCHOOLING_IDEATIONAL,FAMILY_FORMATION_BEHAVIOUR,DIFFUSED_FDT,unclear,observational,"Contextual schooling effect on marital timing of women whose own schooling did not change, isolating a social-meaning rather than own-return channel.",,,,,,,,,,,From Privilege to Prevalence: Contextual Effects of Women’s Schooling on African Marital Timing
B2_PRIMARY_SCHOOLING,1,full_text,W2067618881,10.1086/375519,2003,Economic Development and Cultural Change,RELEVANT,PRIMARY_SCHOOLING_IDEATIONAL,STATED_INTENTION_OR_IDEAL,DIFFUSED_FDT,unclear,observational,Explicit test of Caldwell's mass-schooling hypothesis using community schooling supply and gender equity rather than a woman's own human capital (Wall 5 spillover reading).,,,,,,,,,,,Schooling Opportunities for Girls as a Stimulus for Fertility Change in Rural Pakistan
B2_PRIMARY_SCHOOLING,1,full_text,W3144412698,10.2307/3088337,2002,Demography,RELEVANT,PRIMARY_SCHOOLING_IDEATIONAL,REALIZED_FERTILITY,DIFFUSED_FDT,unclear,observational,"Aggregate schooling spillover onto women whose own education did not change — Caldwell's mass-education mechanism, net of own education and urbanization (Wall 5).",,,,,,,,,,,Education and Fertility in Sub-Saharan Africa: Individual and Community Effects
B2_PRIMARY_SCHOOLING,1,full_text,W1552777139,,2001,Duo Research Archive (University of Oslo),RELEVANT,PRIMARY_SCHOOLING_IDEATIONAL,REALIZED_FERTILITY,DIFFUSED_FDT,unclear,observational,"Estimates schooling spillovers onto women whose own education did not change, net of urbanization — the design isolates a non-individual, non-wage schooling channel.",,,,,,,,,,,The importance of education for fertility in Sub-Saharan Africa is substantially underestimated when community effects are ignored
B2_PRIMARY_SCHOOLING,1,full_text,W2334348451,10.2307/3088919,2001,American Sociological Review,RELEVANT,PRIMARY_SCHOOLING_IDEATIONAL,REALIZED_FERTILITY,DIFFUSED_FDT,unclear,observational,"School-proximity effect estimated net of own, husband's, and children's schooling, isolating exposure for people whose own schooling did not change.",,,,,,,,,,,Mass Education and Fertility Transition
B2_PRIMARY_SCHOOLING,1,full_text,W2014423935,10.4054/demres.2000.3.3,2000,Demographic Research,RELEVANT,PRIMARY_SCHOOLING_IDEATIONAL,MULTIPLE,DIFFUSED_FDT,unclear,observational,"Estimates aggregate education spillovers on women whose own schooling did not change, controlling own education and urbanization — the ideational-content design of Wall 5.",,,,,,,,,,,"A search for aggregate-level effects of education on fertility, using data from Zimbabwe"
C_TITLE_ONLY,2,abstract_then_full_text_if_promising,W4415280486,10.21203/rs.3.rs-7538029/v1,2025,Research Square,UNCERTAIN,INSUFFICIENT_INFO,NA,NA,unclear,other,no abstract in the frame; rubric title-only policy assigns INSUFFICIENT_INFO rather than a cell the record has not earned,,,,,,,,,,,The Variability of Age at First Marriage in the United States
C_TITLE_ONLY,2,abstract_then_full_text_if_promising,W4230873525,10.1007/978-3-319-69892-2_655-1,2019,,UNCERTAIN,INSUFFICIENT_INFO,NA,NA,unclear,other,no abstract in the frame; rubric title-only policy assigns INSUFFICIENT_INFO rather than a cell the record has not earned,,,,,,,,,,,Demographic Transition Theories
C_TITLE_ONLY,2,abstract_then_full_text_if_promising,W7171885220,10.1007/s43545-026-01615-1,2026,SN Social Sciences,UNCERTAIN,INSUFFICIENT_INFO,NA,NA,unclear,other,no abstract in the frame; rubric title-only policy assigns INSUFFICIENT_INFO rather than a cell the record has not earned,,,,,,,,,,,"Household technology adoption, women’s time allocation, and female labor force participation: micro-level evidence from Lahore, Pakistan"
C_TITLE_ONLY,2,abstract_then_full_text_if_promising,W4417520687,10.1016/j.socec.2025.102507,2025,Journal of Behavioral and Experimental Economics,UNCERTAIN,INSUFFICIENT_INFO,NA,NA,unclear,other,no abstract in the frame; rubric title-only policy assigns INSUFFICIENT_INFO rather than a cell the record has not earned,,,,,,,,,,,Alcohol Prohibition and attitudes towards spousal violence against women
C_TITLE_ONLY,2,abstract_then_full_text_if_promising,W1532011672,,2013,Puerto Rico health sciences journal,UNCERTAIN,INSUFFICIENT_INFO,NA,NA,unclear,other,no abstract in the frame; rubric title-only policy assigns INSUFFICIENT_INFO rather than a cell the record has not earned,,,,,,,,,,,Regression Models for Categorical Dependent Variables Using Stata
C_TITLE_ONLY,2,abstract_then_full_text_if_promising,W1808877298,10.1007/978-1-4614-8238-3_4,2013,,UNCERTAIN,INSUFFICIENT_INFO,NA,NA,unclear,other,no abstract in the frame; rubric title-only policy assigns INSUFFICIENT_INFO rather than a cell the record has not earned,,,,,,,,,,,Family Values and Traditions
C_TITLE_ONLY,2,abstract_then_full_text_if_promising,W2286230149,,2012,,UNCERTAIN,INSUFFICIENT_INFO,NA,NA,unclear,other,no abstract in the frame; rubric title-only policy assigns INSUFFICIENT_INFO rather than a cell the record has not earned,,,,,,,,,,,Gender differences in school attendance of Indian children
C_TITLE_ONLY,2,abstract_then_full_text_if_promising,W4395695604,10.1177/00943061241240874d,2024,Contemporary Sociology A Journal of Reviews,UNCERTAIN,INSUFFICIENT_INFO,NA,NA,unclear,other,no abstract in the frame; rubric title-only policy assigns INSUFFICIENT_INFO rather than a cell the record has not earned,,,,,,,,,,,Turning the Tide: A Value-Laden Proposition
C_TITLE_ONLY,2,abstract_then_full_text_if_promising,W4385988572,10.1016/j.jeem.2023.102870,2023,Journal of Environmental Economics and Management,UNCERTAIN,INSUFFICIENT_INFO,NA,NA,unclear,other,no abstract in the frame; rubric title-only policy assigns INSUFFICIENT_INFO rather than a cell the record has not earned,,,,,,,,,,,Pollution exposure and social conflicts: Evidence from China's daily data
C_TITLE_ONLY,2,abstract_then_full_text_if_promising,W3133251119,10.2139/ssrn.3740907,2020,SSRN Electronic Journal,UNCERTAIN,INSUFFICIENT_INFO,NA,NA,unclear,other,no abstract in the frame; rubric title-only policy assigns INSUFFICIENT_INFO rather than a cell the record has not earned,,,,,,,,,,,The Birth of a Nation: Media and Racial Hate
C_TITLE_ONLY,2,abstract_then_full_text_if_promising,W1509156736,10.1007/s00148-019-00733-w,2019,Journal of Population Economics,UNCERTAIN,INSUFFICIENT_INFO,NA,NA,unclear,other,no abstract in the frame; rubric title-only policy assigns INSUFFICIENT_INFO rather than a cell the record has not earned,,,,,,,,,,,Female genital mutilation and migration in Mali: do return migrants transfer social norms?
C_TITLE_ONLY,2,abstract_then_full_text_if_promising,W4381194157,10.1016/j.ejpoleco.2023.102417,2023,European Journal of Political Economy,UNCERTAIN,INSUFFICIENT_INFO,NA,NA,unclear,other,no abstract in the frame; rubric title-only policy assigns INSUFFICIENT_INFO rather than a cell the record has not earned,,,,,,,,,,,Influence of political movement on fields of study: Evidence from Hong Kong
C_TITLE_ONLY,2,abstract_then_full_text_if_promising,W2801025061,10.1016/j.jpubeco.2018.07.002,2018,Journal of Public Economics,UNCERTAIN,INSUFFICIENT_INFO,NA,NA,unclear,other,no abstract in the frame; rubric title-only policy assigns INSUFFICIENT_INFO rather than a cell the record has not earned,,,,,,,,,,,News media and crime perceptions: Evidence from a natural experiment
C_TITLE_ONLY,2,abstract_then_full_text_if_promising,W2117539346,10.7312/ekir93602,1944,Columbia University Press eBooks,UNCERTAIN,INSUFFICIENT_INFO,NA,NA,unclear,other,no abstract in the frame; rubric title-only policy assigns INSUFFICIENT_INFO rather than a cell the record has not earned,,,,,,,,,,,"The Idea of Progress in America, 1815–1860"
C_TITLE_ONLY,2,abstract_then_full_text_if_promising,W4391283886,10.1016/j.scs.2024.105242,2024,Sustainable Cities and Society,UNCERTAIN,INSUFFICIENT_INFO,NA,NA,unclear,other,no abstract in the frame; rubric title-only policy assigns INSUFFICIENT_INFO rather than a cell the record has not earned,,,,,,,,,,,Moving towards sustainable city: Can China's green finance policy lead to sustainable development of cities?
C_TITLE_ONLY,2,abstract_then_full_text_if_promising,W4252543803,10.2139/ssrn.3701965,2020,SSRN Electronic Journal,UNCERTAIN,INSUFFICIENT_INFO,NA,NA,unclear,other,no abstract in the frame; rubric title-only policy assigns INSUFFICIENT_INFO rather than a cell the record has not earned,,,,,,,,,,,The Nexus between Motivation and Women Entrepreneurs in Nigeria
C_TITLE_ONLY,2,abstract_then_full_text_if_promising,W2799788209,10.2307/2980397,1937,Journal Of The Royal Statistical Society,UNCERTAIN,INSUFFICIENT_INFO,NA,NA,unclear,other,no abstract in the frame; rubric title-only policy assigns INSUFFICIENT_INFO rather than a cell the record has not earned,,,,,,,,,,,World Population; Past Growth and Present Trends.
C_TITLE_ONLY,2,abstract_then_full_text_if_promising,W4403574428,10.1016/j.irfa.2024.103680,2024,International Review of Financial Analysis,UNCERTAIN,INSUFFICIENT_INFO,NA,NA,unclear,other,no abstract in the frame; rubric title-only policy assigns INSUFFICIENT_INFO rather than a cell the record has not earned,,,,,,,,,,,The accountability system for operation and investment and audit quality of state-owned enterprises
C_TITLE_ONLY,2,abstract_then_full_text_if_promising,W4200225136,10.1038/s41893-021-00830-3,2021,Nature Sustainability,UNCERTAIN,INSUFFICIENT_INFO,NA,NA,unclear,other,no abstract in the frame; rubric title-only policy assigns INSUFFICIENT_INFO rather than a cell the record has not earned,,,,,,,,,,,Fertility transition powered by women’s access to electricity and modern cooking fuels
C_TITLE_ONLY,2,abstract_then_full_text_if_promising,W41042948,10.1007/978-1-4614-5511-0_12,2012,,UNCERTAIN,INSUFFICIENT_INFO,NA,NA,unclear,other,no abstract in the frame; rubric title-only policy assigns INSUFFICIENT_INFO rather than a cell the record has not earned,,,,,,,,,,,"Adolescents’ Response to Food Marketing in Delhi, India"
C_TITLE_ONLY,2,abstract_then_full_text_if_promising,W4408011681,10.1016/j.strueco.2025.02.017,2025,Structural Change and Economic Dynamics,UNCERTAIN,INSUFFICIENT_INFO,NA,NA,unclear,other,no abstract in the frame; rubric title-only policy assigns INSUFFICIENT_INFO rather than a cell the record has not earned,,,,,,,,,,,Do low-carbon city pilots promote carbon equality? From the perspective of regional fairness
C_TITLE_ONLY,2,abstract_then_full_text_if_promising,W4321115659,10.1016/j.jce.2023.01.006,2023,Journal of Comparative Economics,UNCERTAIN,INSUFFICIENT_INFO,NA,NA,unclear,other,no abstract in the frame; rubric title-only policy assigns INSUFFICIENT_INFO rather than a cell the record has not earned,,,,,,,,,,,"The effects of South Korean Protestantism on human capital and female empowerment, 1930–2010"
C_TITLE_ONLY,2,abstract_then_full_text_if_promising,W1574068352,10.2139/ssrn.2185381,2012,SSRN Electronic Journal,UNCERTAIN,INSUFFICIENT_INFO,NA,NA,unclear,other,no abstract in the frame; rubric title-only policy assigns INSUFFICIENT_INFO rather than a cell the record has not earned,,,,,,,,,,,Exposure to Television and Individual Beliefs: Evidence from a Natural Experiment
C_TITLE_ONLY,2,abstract_then_full_text_if_promising,W4298413795,10.2139/ssrn.4185452,2022,SSRN Electronic Journal,UNCERTAIN,INSUFFICIENT_INFO,NA,NA,unclear,other,no abstract in the frame; rubric title-only policy assigns INSUFFICIENT_INFO rather than a cell the record has not earned,,,,,,,,,,,The Effects of Low-Carbon City Construction on Bus Trips
C_TITLE_ONLY,2,abstract_then_full_text_if_promising,W4285113051,10.2139/ssrn.4129367,2022,SSRN Electronic Journal,UNCERTAIN,INSUFFICIENT_INFO,NA,NA,unclear,other,no abstract in the frame; rubric title-only policy assigns INSUFFICIENT_INFO rather than a cell the record has not earned,,,,,,,,,,,How Does a Ban on Sex-Selective Abortions Affect Child Health?
C_TITLE_ONLY,2,abstract_then_full_text_if_promising,W2778039974,10.1016/j.jpubeco.2017.12.004,2017,Journal of Public Economics,UNCERTAIN,INSUFFICIENT_INFO,NA,NA,unclear,other,no abstract in the frame; rubric title-only policy assigns INSUFFICIENT_INFO rather than a cell the record has not earned,,,,,,,,,,,Immigration enforcement and economic resources of children with likely unauthorized parents
C_TITLE_ONLY,2,abstract_then_full_text_if_promising,W4386435276,10.1016/j.enpol.2023.113803,2023,Energy Policy,UNCERTAIN,INSUFFICIENT_INFO,NA,NA,unclear,other,no abstract in the frame; rubric title-only policy assigns INSUFFICIENT_INFO rather than a cell the record has not earned,,,,,,,,,,,Can carbon market policies achieve a “point-to-surface” effect?—Quasi-experimental evidence from China
C_TITLE_ONLY,2,abstract_then_full_text_if_promising,W2141682926,10.1363/3509403,2003,Perspectives on Sexual and Reproductive Health,UNCERTAIN,INSUFFICIENT_INFO,NA,NA,unclear,other,no abstract in the frame; rubric title-only policy assigns INSUFFICIENT_INFO rather than a cell the record has not earned,,,,,,,,,,,The Measurement and Meaning of Unintended Pregnancy
C_TITLE_ONLY,2,abstract_then_full_text_if_promising,W4412424227,10.1016/j.jclepro.2025.146176,2025,Journal of Cleaner Production,UNCERTAIN,INSUFFICIENT_INFO,NA,NA,unclear,other,no abstract in the frame; rubric title-only policy assigns INSUFFICIENT_INFO rather than a cell the record has not earned,,,,,,,,,,,The impact of carbon emissions trading policy on employment: Evidence from enterprises and cities
C_TITLE_ONLY,2,abstract_then_full_text_if_promising,W4386777775,10.2139/ssrn.4572561,2023,SSRN Electronic Journal,UNCERTAIN,INSUFFICIENT_INFO,NA,NA,unclear,other,no abstract in the frame; rubric title-only policy assigns INSUFFICIENT_INFO rather than a cell the record has not earned,,,,,,,,,,,"Macro-Prudential Policy, Digital Transformations and Banks’ Risk-Taking"
C_TITLE_ONLY,2,abstract_then_full_text_if_promising,W4386955360,10.1016/j.infoecopol.2023.101058,2023,Information Economics and Policy,UNCERTAIN,INSUFFICIENT_INFO,NA,NA,unclear,other,no abstract in the frame; rubric title-only policy assigns INSUFFICIENT_INFO rather than a cell the record has not earned,,,,,,,,,,,The impact of broadband Internet on public media: Evidence from China
C_TITLE_ONLY,2,abstract_then_full_text_if_promising,W3014705002,10.1007/978-3-030-35079-6_2,2020,International handbooks of population,UNCERTAIN,INSUFFICIENT_INFO,NA,NA,unclear,other,no abstract in the frame; rubric title-only policy assigns INSUFFICIENT_INFO rather than a cell the record has not earned,,,,,,,,,,,The Demography of Marriage and Family: A History
C_TITLE_ONLY,2,abstract_then_full_text_if_promising,W4206768392,10.2139/ssrn.4002229,2022,SSRN Electronic Journal,UNCERTAIN,INSUFFICIENT_INFO,NA,NA,unclear,other,no abstract in the frame; rubric title-only policy assigns INSUFFICIENT_INFO rather than a cell the record has not earned,,,,,,,,,,,Can Money Flows Be Separated between Business and Housing? Evidence from China
C_TITLE_ONLY,2,abstract_then_full_text_if_promising,W4240310283,10.1007/978-94-017-8678-2,2014,,UNCERTAIN,INSUFFICIENT_INFO,NA,NA,unclear,other,no abstract in the frame; rubric title-only policy assigns INSUFFICIENT_INFO rather than a cell the record has not earned,,,,,,,,,,,Ester Boserup’s Legacy on Sustainability
C_TITLE_ONLY,2,abstract_then_full_text_if_promising,W55059109,10.1007/978-3-642-27881-5_7,2012,,UNCERTAIN,INSUFFICIENT_INFO,NA,NA,unclear,other,no abstract in the frame; rubric title-only policy assigns INSUFFICIENT_INFO rather than a cell the record has not earned,,,,,,,,,,,Demographic Transition in Iran: Changes and Challenges
C_TITLE_ONLY,2,abstract_then_full_text_if_promising,W2623727510,10.1016/j.jdeveco.2019.01.006,2019,Journal of Development Economics,UNCERTAIN,INSUFFICIENT_INFO,NA,NA,unclear,other,no abstract in the frame; rubric title-only policy assigns INSUFFICIENT_INFO rather than a cell the record has not earned,,,,,,,,,,,Compulsory voting and TV news consumption
C_TITLE_ONLY,2,abstract_then_full_text_if_promising,W2922361845,10.1007/s11113-019-09523-4,2019,Population Research and Policy Review,UNCERTAIN,INSUFFICIENT_INFO,NA,NA,unclear,other,no abstract in the frame; rubric title-only policy assigns INSUFFICIENT_INFO rather than a cell the record has not earned,,,,,,,,,,,Mother’s Relative Educational Status and Early Childhood Height-for-Age z Scores: A Decomposition of Change Over Time
C_TITLE_ONLY,2,abstract_then_full_text_if_promising,W4390276583,10.1016/j.pacfin.2023.102243,2023,Pacific-Basin Finance Journal,UNCERTAIN,INSUFFICIENT_INFO,NA,NA,unclear,other,no abstract in the frame; rubric title-only policy assigns INSUFFICIENT_INFO rather than a cell the record has not earned,,,,,,,,,,,How does corporate venture capital enhance incumbents' innovation? Evidence from China
C_TITLE_ONLY,2,abstract_then_full_text_if_promising,W2079746052,10.1163/156853111x619229,2011,Asian journal of social science,UNCERTAIN,INSUFFICIENT_INFO,NA,NA,unclear,other,no abstract in the frame; rubric title-only policy assigns INSUFFICIENT_INFO rather than a cell the record has not earned,,,,,,,,,,,Explaining the Recent Upturn in Divorce in Indonesia: Developmental Idealism and the Effect of Political Change
C_TITLE_ONLY,2,abstract_then_full_text_if_promising,W4387197760,10.2139/ssrn.4565860,2023,SSRN Electronic Journal,UNCERTAIN,INSUFFICIENT_INFO,NA,NA,unclear,other,no abstract in the frame; rubric title-only policy assigns INSUFFICIENT_INFO rather than a cell the record has not earned,,,,,,,,,,,Internet Upgrade and Rural Household Consumption
C_TITLE_ONLY,2,abstract_then_full_text_if_promising,W4412657563,10.2139/ssrn.5367059,2025,SSRN Electronic Journal,UNCERTAIN,INSUFFICIENT_INFO,NA,NA,unclear,other,no abstract in the frame; rubric title-only policy assigns INSUFFICIENT_INFO rather than a cell the record has not earned,,,,,,,,,,,"IPO, Labor Investment Efficiency, and Performance Reversal"
C_TITLE_ONLY,2,abstract_then_full_text_if_promising,W2316964395,10.1016/0191-8869(93)90054-7,1993,Personality and Individual Differences,UNCERTAIN,INSUFFICIENT_INFO,NA,NA,unclear,other,no abstract in the frame; rubric title-only policy assigns INSUFFICIENT_INFO rather than a cell the record has not earned,,,,,,,,,,,Motivation and personality
C_TITLE_ONLY,2,abstract_then_full_text_if_promising,W4406320652,10.2139/ssrn.5022687,2025,SSRN Electronic Journal,UNCERTAIN,INSUFFICIENT_INFO,NA,NA,unclear,other,no abstract in the frame; rubric title-only policy assigns INSUFFICIENT_INFO rather than a cell the record has not earned,,,,,,,,,,,Learning Through Living Room Screens:&amp;nbsp;Experimental Evidence from Kenya
C_TITLE_ONLY,2,abstract_then_full_text_if_promising,W4413882753,10.1016/j.techfore.2025.124331,2025,Technological Forecasting and Social Change,UNCERTAIN,INSUFFICIENT_INFO,NA,NA,unclear,other,no abstract in the frame; rubric title-only policy assigns INSUFFICIENT_INFO rather than a cell the record has not earned,,,,,,,,,,,Can digitalization of inclusive finance promote innovation of small and medium-sized enterprises? A quasi-natural experiment approach
C_TITLE_ONLY,2,abstract_then_full_text_if_promising,W7123517106,10.1007/s11150-025-09830-0,2026,Review of Economics of the Household,UNCERTAIN,INSUFFICIENT_INFO,NA,NA,unclear,other,no abstract in the frame; rubric title-only policy assigns INSUFFICIENT_INFO rather than a cell the record has not earned,,,,,,,,,,,Foreign Aid and Intimate Partner Violence Norms: Evidence from Ethiopia
C_TITLE_ONLY,2,abstract_then_full_text_if_promising,W4387575163,10.1007/s10668-023-03967-7,2023,Environment Development and Sustainability,UNCERTAIN,INSUFFICIENT_INFO,NA,NA,unclear,other,no abstract in the frame; rubric title-only policy assigns INSUFFICIENT_INFO rather than a cell the record has not earned,,,,,,,,,,,Green finance policy and heavy pollution enterprises: a supply-chain and signal transmission of green credit policy for the environment—Vietnam perspective
C_TITLE_ONLY,2,abstract_then_full_text_if_promising,W1561244704,,1837,Bulletin of Miscellaneous Information (Royal Gardens Kew),UNCERTAIN,INSUFFICIENT_INFO,NA,NA,unclear,other,no abstract in the frame; rubric title-only policy assigns INSUFFICIENT_INFO rather than a cell the record has not earned,,,,,,,,,,,Lectures on the Philosophy of History
C_TITLE_ONLY,2,abstract_then_full_text_if_promising,W4412448784,10.2139/ssrn.5340336,2025,SSRN Electronic Journal,UNCERTAIN,INSUFFICIENT_INFO,NA,NA,unclear,other,no abstract in the frame; rubric title-only policy assigns INSUFFICIENT_INFO rather than a cell the record has not earned,,,,,,,,,,,Edutainment to Change Norms in India: Mothers-in-Law Learn Y the Chromosome Matters!
C_TITLE_ONLY,2,abstract_then_full_text_if_promising,W1673737856,10.2139/ssrn.2635779,2015,SSRN Electronic Journal,UNCERTAIN,INSUFFICIENT_INFO,NA,NA,unclear,other,no abstract in the frame; rubric title-only policy assigns INSUFFICIENT_INFO rather than a cell the record has not earned,,,,,,,,,,,Intergenerational Transmission of Gender Attitudes: Evidence from India
C_TITLE_ONLY,2,abstract_then_full_text_if_promising,W1970373884,10.1007/bf01074506,1993,Population Research and Policy Review,UNCERTAIN,INSUFFICIENT_INFO,NA,NA,unclear,other,no abstract in the frame; rubric title-only policy assigns INSUFFICIENT_INFO rather than a cell the record has not earned,,,,,,,,,,,"The influence of rural-urban migration on migrants' fertility in Korea, Mexico and Cameroon"
C_TITLE_ONLY,2,abstract_then_full_text_if_promising,W4372279697,10.1016/j.econmod.2023.106343,2023,Economic Modelling,UNCERTAIN,INSUFFICIENT_INFO,NA,NA,unclear,other,no abstract in the frame; rubric title-only policy assigns INSUFFICIENT_INFO rather than a cell the record has not earned,,,,,,,,,,,"Local government fiscal squeeze, environmental regulation and firms’ polluting behavior: Evidence from China"
C_TITLE_ONLY,2,abstract_then_full_text_if_promising,W4405476979,10.1016/j.jenvman.2024.123696,2024,Journal of Environmental Management,UNCERTAIN,INSUFFICIENT_INFO,NA,NA,unclear,other,no abstract in the frame; rubric title-only policy assigns INSUFFICIENT_INFO rather than a cell the record has not earned,,,,,,,,,,,Impact of legal commitments on carbon intensity: A multi-country perspective
C_TITLE_ONLY,2,abstract_then_full_text_if_promising,W4220729203,10.1016/j.chieco.2022.101788,2022,China Economic Review,UNCERTAIN,INSUFFICIENT_INFO,NA,NA,unclear,other,no abstract in the frame; rubric title-only policy assigns INSUFFICIENT_INFO rather than a cell the record has not earned,,,,,,,,,,,Bilateral tax agreement and FDI inflows: Evidence from Hong Kong investment in the Mainland China
C_TITLE_ONLY,2,abstract_then_full_text_if_promising,W2186312761,,2011,,UNCERTAIN,INSUFFICIENT_INFO,NA,NA,unclear,other,no abstract in the frame; rubric title-only policy assigns INSUFFICIENT_INFO rather than a cell the record has not earned,,,,,,,,,,,Developmental Idealism and Family Life in Malawi
C_TITLE_ONLY,2,abstract_then_full_text_if_promising,W204643584,10.1016/b0-08-043076-7/02174-4,2001,Elsevier eBooks,UNCERTAIN,INSUFFICIENT_INFO,NA,NA,unclear,other,no abstract in the frame; rubric title-only policy assigns INSUFFICIENT_INFO rather than a cell the record has not earned,,,,,,,,,,,Fertility Theory: Caldwell's Theory of Intergenerational Wealth Flows
C_TITLE_ONLY,2,abstract_then_full_text_if_promising,W4223512388,10.52547/eijh.29.2.95,2022,The International Journal of Humanities,UNCERTAIN,INSUFFICIENT_INFO,NA,NA,unclear,other,no abstract in the frame; rubric title-only policy assigns INSUFFICIENT_INFO rather than a cell the record has not earned,,,,,,,,,,,Public Demography for Narrowing Research-policy Gap in Iran
C_TITLE_ONLY,2,abstract_then_full_text_if_promising,W4396622216,10.1016/j.chieco.2024.102187,2024,China Economic Review,UNCERTAIN,INSUFFICIENT_INFO,NA,NA,unclear,other,no abstract in the frame; rubric title-only policy assigns INSUFFICIENT_INFO rather than a cell the record has not earned,,,,,,,,,,,Land price regulation and firms' global value chain position: Evidence from China
C_TITLE_ONLY,2,abstract_then_full_text_if_promising,W3124625386,10.2139/ssrn.2403119,2014,SSRN Electronic Journal,UNCERTAIN,INSUFFICIENT_INFO,NA,NA,unclear,other,no abstract in the frame; rubric title-only policy assigns INSUFFICIENT_INFO rather than a cell the record has not earned,,,,,,,,,,,"Immigrants and Demography: Marriage, Divorce, and Fertility"
C_TITLE_ONLY,2,abstract_then_full_text_if_promising,W1528167040,10.2307/2938463,1993,Population and Development Review,UNCERTAIN,INSUFFICIENT_INFO,NA,NA,unclear,other,no abstract in the frame; rubric title-only policy assigns INSUFFICIENT_INFO rather than a cell the record has not earned,,,,,,,,,,,Cultural and Economic Approaches to Fertility: Proper Marriage or Mesalliance?
C_TITLE_ONLY,2,abstract_then_full_text_if_promising,W4387507585,10.2139/ssrn.4597716,2023,SSRN Electronic Journal,UNCERTAIN,INSUFFICIENT_INFO,NA,NA,unclear,other,no abstract in the frame; rubric title-only policy assigns INSUFFICIENT_INFO rather than a cell the record has not earned,,,,,,,,,,,"Fertility in High-Income Countries: Trends, Patterns, Determinants, and Consequences"
D_WALL_OFF_WEALTH_FLOWS_C3f,3,abstract,W1968681873,10.2307/2808116,1982,Population and Development Review,NOT_RELEVANT,OFF_WEALTH_FLOWS_C3f,NA,NA,unclear,theory,Operative variable is the direction of intergenerational wealth flows — Wall 1 routes to C.3.f.,,,,,,,,,,,The Direction of Intergenerational Transfers and Demographic Transition: The Caldwell Hypothesis Reexamined
D_WALL_OFF_WEALTH_FLOWS_C3f,3,abstract,W2079728356,10.17730/humo.50.2.513325k780500060,1991,Human Organization,NOT_RELEVANT,OFF_WEALTH_FLOWS_C3f,NA,DIFFUSED_FDT,no,observational,"Operative variable is children's household labour contribution interpreted through the wealth-flows model (Wall 1), and the outcome is schooling allocation, not fertility.",,,,,,,,,,,"Education, Tradition, and Household Labor among Rendille Pastoralists of Northern Kenya"
D_WALL_OFF_WEALTH_FLOWS_C3f,3,abstract,W4409371491,10.1186/s13643-025-02833-z,2025,Systematic Reviews,NOT_RELEVANT,OFF_WEALTH_FLOWS_C3f,NA,NA,unclear,review,Operative variable is upward intergenerational transfers and old-age support (Wall 1).,,,,,,,,,,,Understanding intergenerational dynamics and social support’s impact on health and well-being of older adults in South Asia: a scoping review
D_WALL_OFF_WEALTH_FLOWS_C3f,3,abstract,W1586803970,10.1111/ruso.12007,2013,Rural Sociology,NOT_RELEVANT,OFF_WEALTH_FLOWS_C3f,NA,NA,no,observational,Operative variable is demand for child farm labour; wealth-flows estimand under Wall 1.,,,,,,,,,,,Rural Agricultural Change and Fertility Transition in <scp>N</scp>epal
D_WALL_OFF_WEALTH_FLOWS_C3f,3,abstract,W2291007676,10.1086/202076,1978,Current Anthropology,NOT_RELEVANT,OFF_WEALTH_FLOWS_C3f,NA,DIFFUSED_FDT,no,observational,"Operative variable is the child-to-parent flow (labour input, coresidence, old-age support), which is the wealth-flows estimand (Wall 1).",,,,,,,,,,,An Anthropological Approach to the Study of the Economic Value of Children in Java and Nepal [and Comments and Reply]
D_WALL_OFF_WEALTH_FLOWS_C3f,3,abstract,W2072439318,10.2307/1972531,1990,Population and Development Review,NOT_RELEVANT,OFF_WEALTH_FLOWS_C3f,NA,NA,unclear,theory,"Theoretical comment whose operative variable is Caldwell's wealth-flows/kin-support transfers, which Wall 1 routes hard to C.3.f.",,,,,,,,,,,Darwinian Transitions?: A Comment
D_WALL_OFF_WEALTH_FLOWS_C3f,3,abstract,W2123066109,10.1525/aa.1986.88.2.02a00070,1986,American Anthropologist,NOT_RELEVANT,OFF_WEALTH_FLOWS_C3f,NA,NA,no,structural,Explicitly an extension of Caldwell's wealth-flows model with expected intergenerational income flows as the operative variable (Wall 1).,,,,,,,,,,,The Modern Demographic Transition: An Analysis of Subsistence Choices and Reproductive Consequences
D_WALL_OFF_WEALTH_FLOWS_C3f,3,abstract,W2100112274,10.1355/ae21-2c,2004,Southeast Asian Economies,NOT_RELEVANT,OFF_WEALTH_FLOWS_C3f,NA,DIFFUSED_FDT,no,review,"Reviews the shift of children from economic assets to liabilities via production costs, a structural/wealth-flows mechanism rather than an ideational one.",,,,,,,,,,,Fertility Transition in South and Southeast Asia
D_WALL_OFF_WEALTH_FLOWS_C3f,3,abstract,W4401746385,10.1080/08959420.2024.2384183,2024,Journal of Aging & Social Policy,NOT_RELEVANT,OFF_WEALTH_FLOWS_C3f,NA,NA,no,quasi-experimental,"Operative variable is upward intergenerational support and old-age care, squarely the wealth-flows estimand.",,,,,,,,,,,Can Long-Term Care Insurance Change Eldercare Patterns? Evidence from China
D_WALL_OFF_WEALTH_FLOWS_C3f,3,abstract,W2133827875,10.1002/ajhb.10040,2002,American Journal of Human Biology,NOT_RELEVANT,OFF_WEALTH_FLOWS_C3f,NA,NA,unclear,observational,Child labour contribution and intrahousehold transfers are the operative variables (Wall 1).,,,,,,,,,,,Evolutionary demography and intrahousehold time allocation: School attendance and child labor among the Okavango Delta Peoples of Botswana
D_WALL_OFF_WEALTH_FLOWS_C3f,3,abstract,W4323315823,10.1080/13504851.2023.2186345,2023,Applied Economics Letters,NOT_RELEVANT,OFF_WEALTH_FLOWS_C3f,NA,NA,no,observational,"Operative variable is an intergenerational/cross-border transfer flow, not exposure to an external family model (Wall 1).",,,,,,,,,,,Remittances and fertility in Jamaica
D_WALL_OFF_WEALTH_FLOWS_C3f,3,abstract,W2133707003,10.31274/rtd-180813-9946,1994,,NOT_RELEVANT,OFF_WEALTH_FLOWS_C3f,NA,NA,no,observational,"Explicitly a wealth-flow-theory analysis of farm production structure and family labour, with the operative variable a productive/intergenerational flow rather than a family ideal.",,,,,,,,,,,The influence of structural change in agriculture on childbearing among Iowa's farm population
D_WALL_OFF_POSTMATERIALIST_D1a,3,abstract,W2527555632,10.1146/annurev-soc-060116-053442,2017,Annual Review of Sociology,NOT_RELEVANT,OFF_POSTMATERIALIST_D1a,NA,SDT,unclear,review,"Appraisal of SDT theory, whose driver is internal self-oriented value change in already-modernized societies (Wall 2).",,,,,,,,,,,The Second Demographic Transition Theory: A Review and Appraisal
D_WALL_OFF_POSTMATERIALIST_D1a,3,abstract,W4382938432,10.2196/preprints.50468,2023,,NOT_RELEVANT,OFF_POSTMATERIALIST_D1a,NA,SDT,unclear,observational,"Self-realization and loss-of-subjectivity content in a low-fertility society; internal value change, not an imported family model (Wall 2).",,,,,,,,,,,"""Women’s Concept of Childbirth Based on Network Text Analysis—A Topic of “What does childbirth mean to a woman” on Douban"" (Preprint)"
D_WALL_OFF_POSTMATERIALIST_D1a,3,abstract,W22374619,10.4324/9780203448953,2005,,NOT_RELEVANT,OFF_POSTMATERIALIST_D1a,NA,SDT,unclear,theory,"Conceptual work on internal norm and value change in an already-modernized society, with no external family model as exposure.",,,,,,,,,,,Reshaping Social Life
D_WALL_OFF_POSTMATERIALIST_D1a,3,abstract,W2207504171,,2013,,NOT_RELEVANT,OFF_POSTMATERIALIST_D1a,NA,SDT,unclear,observational,"Second-demographic-transition value change with self-expression content internal to an affluent society, not an imported family model.",,,,,,,,,,,The Second Demographic Transition theory in practice: The case of Israel
D_WALL_OFF_POSTMATERIALIST_D1a,3,abstract,W3006770989,10.1111/padr.12311,2020,Population and Development Review,NOT_RELEVANT,OFF_POSTMATERIALIST_D1a,NA,SDT,no,observational,"Individualism-and-solo-living framing with development-index correlations; self-oriented internal value change, not an imported family model.",,,,,,,,,,,Living Alone over the Life Course: Cross‐National Variations on an Emerging Issue
D_WALL_OFF_POSTMATERIALIST_D1a,3,abstract,W3214918700,10.1080/13229400.2021.2004912,2021,Journal of Family Studies,NOT_RELEVANT,OFF_POSTMATERIALIST_D1a,NA,NA,unclear,observational,"Internal, self-oriented value change in an already low-fertility society with no external reference model (Wall 2).",,,,,,,,,,,Singlehood and childlessness: an age-period-cohort analysis of changing attitudes toward family in Taiwan (2005-2020)
D_WALL_OFF_POSTMATERIALIST_D1a,3,abstract,W2014728366,10.1177/0027950105061496,2005,National Institute Economic Review,NOT_RELEVANT,OFF_POSTMATERIALIST_D1a,NA,SDT,unclear,review,Internal value change in already-modernized European societies with no external reference model (Wall 2).,,,,,,,,,,,Europe and its Fertility: From Low to Lowest Low
D_WALL_OFF_POSTMATERIALIST_D1a,3,abstract,W2025547733,10.1111/j.1728-4457.2009.00284.x,2009,Population and Development Review,NOT_RELEVANT,OFF_POSTMATERIALIST_D1a,NA,SDT,no,observational,"SDT value/behaviour position used to predict voting in the US; internal value change with a political outcome, routing to D.1.a.",,,,,,,,,,,US Presidential Elections and the Spatial Pattern of the American Second Demographic Transition
D_WALL_OFF_POSTMATERIALIST_D1a,3,abstract,W2046874527,10.1111/j.1741-3737.2001.01009.x,2001,Journal of Marriage and the Family,NOT_RELEVANT,OFF_POSTMATERIALIST_D1a,NA,SDT,no,observational,"Descriptive trends in internally generated autonomy and tolerance values in an already-modernized society, with no fertility estimand (Wall 2).",,,,,,,,,,,Four Decades of Trends in Attitudes Toward Family Issues in the United States: The 1960s Through the 1990s
D_WALL_OFF_POSTMATERIALIST_D1a,3,abstract,W2795223172,10.2174/1874922401810010001,2018,The Open Family Studies Journal,NOT_RELEVANT,OFF_POSTMATERIALIST_D1a,NA,NA,no,observational,"Trends interpreted through individualism, autonomy and secularism — self-oriented internal value change with no identified external family model or estimated exposure.",,,,,,,,,,,Recent Trends of Marriage in Iran
D_WALL_OFF_POSTMATERIALIST_D1a,3,abstract,W2021449609,10.5153/sro.445,2000,Sociological Research Online,NOT_RELEVANT,OFF_POSTMATERIALIST_D1a,NA,SDT,unclear,theory,"Conceptual engagement with the individualization thesis in an already-modernized society; internal value change, no external modern-family model.",,,,,,,,,,,‘Reproductive Regimes: Changing Relations of Inter-dependence and Fertility Change’
D_WALL_OFF_POSTMATERIALIST_D1a,3,abstract,W4300486138,10.7249/n2528,1986,RAND Corporation eBooks,NOT_RELEVANT,OFF_POSTMATERIALIST_D1a,NA,SDT,unclear,observational,"Endogenous individualism and erosion of traditional family orientation in an already-modernized society; self-oriented content, no external reference model.",,,,,,,,,,,Nonfamily Living and the Erosion of Traditional Family Orientations Among Young Adults
D_WALL_OFF_DIFFUSION_CHANNEL_A20,3,abstract,W2242805062,,2010,idUS (Universidad de Sevilla),NOT_RELEVANT,OFF_DIFFUSION_CHANNEL_A20,NA,SDT,no,other,Content analysis of how serials depict local demographic behaviour; no external family model and no fertility outcome estimated.,,,,,,,,,,,Representación social y cultural en las telenovelas catalanas
D_WALL_OFF_DIFFUSION_CHANNEL_A20,3,abstract,W2185140513,,2011,,NOT_RELEVANT,OFF_DIFFUSION_CHANNEL_A20,REALIZED_FERTILITY,DIFFUSED_FDT,unclear,observational,"Estimand is neighbour attitudinal influence on parity progression; the attitudes measured are family-size preferences, not beliefs about an external modern family model.",,,,,,,,,,,The Influence of Individual and Neighbor Attitudes on Progression to Higher Parity Birth
D_WALL_OFF_DIFFUSION_CHANNEL_A20,3,abstract,W2073112486,10.1093/0199244596.001.0001,2001,,NOT_RELEVANT,OFF_DIFFUSION_CHANNEL_A20,NA,NA,unclear,theory,Formal integration of social-interaction structure into fertility models; the estimand is the geometry of spread with content unspecified (Wall 3).,,,,,,,,,,,Fertility and Social Interaction
D_WALL_OFF_DIFFUSION_CHANNEL_A20,3,abstract,W3013645944,10.1080/00220388.2021.1965127,2021,The Journal of Development Studies,NOT_RELEVANT,OFF_DIFFUSION_CHANNEL_A20,NA,NA,no,quasi-experimental,"Internet access enters as a channel with content unspecified and the effect is attributed to job search and employment, with the social-norms channel explicitly not carrying the result (Wall 3).",,,,,,,,,,,Does the Internet Reduce Gender Gaps? The Case of Jordan
D_WALL_OFF_DIFFUSION_CHANNEL_A20,3,abstract,W2559790144,,2014,RePEc: Research Papers in Economics,NOT_RELEVANT,OFF_DIFFUSION_CHANNEL_A20,NA,NA,no,observational,"Determinants of media access as such, with no fertility outcome and no depicted family model.",,,,,,,,,,,Factors Affecting Choice of Cable Services in Small Towns of India - Is it Affordability or something deeper
D_WALL_OFF_DIFFUSION_CHANNEL_A20,3,abstract,W1965972316,10.2307/2137804,1996,Population and Development Review,NOT_RELEVANT,OFF_DIFFUSION_CHANNEL_A20,NA,DIFFUSED_FDT,no,observational,"Development-index-to-TFR correlation plus spatial spread geometry with unspecified content; social interaction is proposed, not measured.",,,,,,,,,,,Social Interactions and Contemporary Fertility Transitions
D_WALL_OFF_DIFFUSION_CHANNEL_A20,3,abstract,W3197462711,10.3917/eg.493.0213,2021,L’Espace géographique,NOT_RELEVANT,OFF_DIFFUSION_CHANNEL_A20,NA,SDT,no,observational,"Estimand is the geometry of spatial spread of non-marital births in France, with diffused content unspecified.",,,,,,,,,,,Géographie d’un changement social. La diffusion spatiale des naissances hors mariage en France depuis un demi-siècle
D_WALL_OFF_DIFFUSION_CHANNEL_A20,3,abstract,W3011863518,10.1073/pnas.1909857117,2020,Proceedings of the National Academy of Sciences,NOT_RELEVANT,OFF_DIFFUSION_CHANNEL_A20,NA,NA,no,theory,"Argues fertility preferences are socially transmitted but leaves the content of what spreads unspecified; this is diffusion geometry, not an external modern-family model.",,,,,,,,,,,Social dimensions of fertility behavior and consumption patterns in the Anthropocene
D_WALL_OFF_DIFFUSION_CHANNEL_A20,3,abstract,W3036455314,10.1093/jeea/jvad025,2023,Journal of the European Economic Association,NOT_RELEVANT,OFF_DIFFUSION_CHANNEL_A20,NA,NA,unclear,quasi-experimental,"Peer spillover geometry and social multipliers; content of what spreads is unspecified, not an external modern-family model.",,,,,,,,,,,Spillovers in Childbearing Decisions and Fertility Transitions: Evidence from China
D_WALL_OFF_DIFFUSION_CHANNEL_A20,3,abstract,W7129290255,10.1111/tesg.70068,2026,Tijdschrift voor Economische en Sociale Geografie,NOT_RELEVANT,OFF_DIFFUSION_CHANNEL_A20,NA,SDT,no,observational,Estimand is the geometry of spatial spread with diffusing content unspecified (Wall 3).,,,,,,,,,,,Do Family Changes Constitute a Comprehensive Demographic Shift? A Comparison of the Spatial Dynamics of Five Family Changes in Switzerland (1969–2023)
D_WALL_OFF_DIFFUSION_CHANNEL_A20,3,abstract,W1993877207,10.1177/000312240406900605,2004,American Sociological Review,NOT_RELEVANT,OFF_DIFFUSION_CHANNEL_A20,NA,SDT,no,observational,Interpersonal network exposure by relationship type — diffusion geometry with no identified external Western model as content.,,,,,,,,,,,Social Networks and Family Change in Japan
D_WALL_OFF_DIFFUSION_CHANNEL_A20,3,abstract,W4364361098,10.48047/jcr.06.01.45,2023,Journal of Critical Reviews,NOT_RELEVANT,OFF_DIFFUSION_CHANNEL_A20,NA,NA,unclear,review,Media reach as such with unspecified family content and no fertility estimand; family planning appears only as one information topic.,,,,,,,,,,,“Role of Mass Media in Rural Development”: An Empirical Study in India Context
D_WALL_OFF_FERTILITY_CONTROL_A3,3,abstract,W2092921758,10.2307/1966698,1987,Studies in Family Planning,NOT_RELEVANT,OFF_FERTILITY_CONTROL_A3,NA,NA,unclear,review,Essay on research contributions to family planning programme design; the operative object is contraceptive service delivery.,,,,,,,,,,,The Contribution of Social Science Research to Population Policy and Family Planning Program Effectiveness
D_WALL_OFF_FERTILITY_CONTROL_A3,3,abstract,W2143870409,10.1007/s10834-011-9248-1,2011,Journal of Family and Economic Issues,NOT_RELEVANT,OFF_FERTILITY_CONTROL_A3,NA,NA,unclear,quasi-experimental,"What diffuses is contraceptive knowledge under a family-planning programme, not a depicted family model (Wall 3).",,,,,,,,,,,The Effect of Contraceptive Knowledge on Fertility: The Roles of Mass Media and Social Networks
D_WALL_OFF_FERTILITY_CONTROL_A3,3,abstract,W2076265344,10.1126/science.8303293,1994,Science,NOT_RELEVANT,OFF_FERTILITY_CONTROL_A3,NA,DIFFUSED_FDT,unclear,review,"policy review centred on contraceptive service provision and demand-reduction policy, not an imported family model",,,,,,,,,,,Population Policy Options in the Developing World
D_WALL_OFF_FERTILITY_CONTROL_A3,3,abstract,W2327289303,10.2307/1966609,1987,Studies in Family Planning,NOT_RELEVANT,OFF_FERTILITY_CONTROL_A3,NA,DIFFUSED_FDT,no,review,Programme management review whose diffusing content is contraceptive service delivery.,,,,,,,,,,,Organizing for Effective Family Planning Programs
D_WALL_OFF_FERTILITY_CONTROL_A3,3,abstract,W2153021757,10.11564/10-1-402,2013,African Population Studies,NOT_RELEVANT,OFF_FERTILITY_CONTROL_A3,NA,DIFFUSED_FDT,no,observational,Outcome is contraceptive uptake and the decomposition concerns fertility control; Wall 3 routes to A.3.,,,,,,,,,,,Explaining Contraceptive Use Differences: Do Men Play a Role?
D_WALL_OFF_FERTILITY_CONTROL_A3,3,abstract,W2403791704,10.1515/zfsoz-2004-0101,2004,Zeitschrift für Soziologie,NOT_RELEVANT,OFF_FERTILITY_CONTROL_A3,NA,DIFFUSED_FDT,no,observational,"Network diffusion whose content is contraceptive method adoption, not a depicted modern family model (Wall 3)",,,,,,,,,,,Der Einfluss starker Beziehungen auf die Nutzung moderner Kontrazeptiva in Kenia / The Influence of Strong Ties on the Use of Modern Contraceptives in Kenya
D_WALL_OFF_FERTILITY_CONTROL_A3,3,abstract,W1981479370,10.2307/2991943,1999,International Family Planning Perspectives,NOT_RELEVANT,OFF_FERTILITY_CONTROL_A3,NA,NA,no,observational,"Media content is contraceptive knowledge and legitimation rather than depiction of a modern family model, which Wall 3 routes to A.3.",,,,,,,,,,,The Impact of Multimedia Family Planning Promotion on the Contraceptive Behavior of Women in Tanzania
D_WALL_OFF_FERTILITY_CONTROL_A3,3,abstract,W2004581514,10.2307/1973678,1992,Population and Development Review,NOT_RELEVANT,OFF_FERTILITY_CONTROL_A3,NA,DIFFUSED_FDT,no,observational,"Attributes the Nigerian decline to method availability and legitimation of family planning, which is what diffuses (Wall 3).",,,,,,,,,,,Fertility Decline in Africa: A New Type of Transition?
D_WALL_OFF_FERTILITY_CONTROL_A3,3,abstract,W2521325330,10.7163/sow.38.7,2015,Studia Obszarów Wiejskich,NOT_RELEVANT,OFF_FERTILITY_CONTROL_A3,NA,DIFFUSED_FDT,no,other,Narrative account of Iran's family planning program; the operative exposure is contraceptive provision and legitimation.,,,,,,,,,,,"Why has Iran’s family planning policy been so successful? Political, demographic, socio-economic, and cultural-geographical underpinnings of a dramatic fertilit"
D_WALL_OFF_FERTILITY_CONTROL_A3,3,abstract,W2008970034,10.1353/dem.2007.0041,2007,Demography,NOT_RELEVANT,OFF_FERTILITY_CONTROL_A3,NA,DIFFUSED_FDT,no,observational,"Treatment is service availability and contraceptive access, not exposure to a modern family model.",,,,,,,,,,,The Spread of Health Services and Fertility Transition
D_WALL_OFF_FERTILITY_CONTROL_A3,3,abstract,W2051645613,10.1002/hec.1613,2010,Health Economics,NOT_RELEVANT,OFF_FERTILITY_CONTROL_A3,NA,DIFFUSED_FDT,unclear,quasi-experimental,"treatment delivers contraceptive services and availability, not an external family model",,,,,,,,,,,Family planning and fertility decline in rural Iran: the impact of rural health clinics
D_WALL_OFF_FERTILITY_CONTROL_A3,3,abstract,W4391280853,10.1111/ruso.12520,2024,Rural Sociology,NOT_RELEVANT,OFF_FERTILITY_CONTROL_A3,NA,DIFFUSED_FDT,no,observational,"Estimand is physical access to contraception, which Wall 3 assigns to A.3.",,,,,,,,,,,"Rural Residence, Motorcycle Access, and Contraception Use in South and Southeast Asia <sup>☆</sup>"
D_WALL_OFF_FEMALE_AUTONOMY_D2a,3,abstract,W4404078942,10.1080/00220388.2024.2376401,2024,The Journal of Development Studies,NOT_RELEVANT,OFF_FEMALE_AUTONOMY_D2a,NA,NA,unclear,observational,"Operative variable is women's own attitudes and bargaining ability, with no fertility or family-formation outcome (Wall 4).",,,,,,,,,,,Do Gender Norms Relax with Displacement?
D_WALL_OFF_FEMALE_AUTONOMY_D2a,3,abstract,W2017774982,10.1080/10669920500057005,2005,Critique Critical Middle Eastern Studies,NOT_RELEVANT,OFF_FEMALE_AUTONOMY_D2a,NA,DIFFUSED_FDT,unclear,other,"Account of changing status and expectations of Iranian women; operative variable is women's own position, with no fertility estimand visible.",,,,,,,,,,,Iranian Women: Rising Expectations
D_WALL_OFF_FEMALE_AUTONOMY_D2a,3,abstract,W2761237143,10.1057/s41287-017-0119-y,2018,European Journal of Development Research,NOT_RELEVANT,OFF_FEMALE_AUTONOMY_D2a,NA,NA,unclear,observational,Operative variable is women's own empowerment from labour market access; no fertility outcome.,,,,,,,,,,,The Contested Relationship Between Paid Work and Women’s Empowerment: Empirical Analysis from Bangladesh
D_WALL_OFF_FEMALE_AUTONOMY_D2a,3,abstract,W2088392310,10.2307/1973025,1987,Population and Development Review,NOT_RELEVANT,OFF_FEMALE_AUTONOMY_D2a,NA,DIFFUSED_FDT,unclear,review,"Operative variable is women's position and bargaining relative to men, not a shared belief about a modern family model.",,,,,,,,,,,Differences between Women's and Men's Reproductive Goals in Developing Countries
D_WALL_OFF_FEMALE_AUTONOMY_D2a,3,abstract,W2034429583,10.30541/v34i4iiipp.1137-1150,1995,The Pakistan Development Review,NOT_RELEVANT,OFF_FEMALE_AUTONOMY_D2a,NA,NA,no,observational,"Operative variable is women's own decision-making power against patriarchal resistance, Wall 4 routing to D.2.a despite the Caldwell citation.",,,,,,,,,,,Women's Empowerment and Reproductive Choices
D_WALL_OFF_FEMALE_AUTONOMY_D2a,3,abstract,W2604662564,10.1093/wber/lhx004,2017,The World Bank Economic Review,NOT_RELEVANT,OFF_FEMALE_AUTONOMY_D2a,NA,NA,unclear,quasi-experimental,Operative variable is a woman's own economic empowerment and bargaining position within the household (Wall 4).,,,,,,,,,,,"Gender-Neutral Inheritance Laws, Family Structure, and Women’s Status in India"
D_WALL_OFF_FEMALE_AUTONOMY_D2a,3,abstract,W4246464698,10.1257/rct.4024-1.1,2019,AEA Randomized Controlled Trials,NOT_RELEVANT,OFF_FEMALE_AUTONOMY_D2a,NA,NA,no,quasi-experimental,"Trial targeting girls' empowerment and unequal gender norms; the operative variable is girls' own autonomy, and the outcome is not fertility.",,,,,,,,,,,Gender Transformative Programming to Improve Capabilities of Young Adolescents in Ethiopia: A Cluster Randomized Control Trial
D_WALL_OFF_FEMALE_AUTONOMY_D2a,3,abstract,W3023519667,10.5547/01956574.43.2.ased,2021,The Energy Journal,NOT_RELEVANT,OFF_FEMALE_AUTONOMY_D2a,NA,NA,unclear,observational,"Women's own autonomy and labour-market outcomes are the operative variable, with no fertility outcome and no external family-model exposure.",,,,,,,,,,,Electrification and Socio-Economic Empowerment of Women in India
D_WALL_OFF_FEMALE_AUTONOMY_D2a,3,abstract,W4367031386,10.1257/rct.4024-2.0,2019,AEA Randomized Controlled Trials,NOT_RELEVANT,OFF_FEMALE_AUTONOMY_D2a,NA,DIFFUSED_FDT,unclear,quasi-experimental,"Trial protocol targeting girls' own empowerment and gender norms, with no fertility or family-formation outcome specified.",,,,,,,,,,,Gender Transformative Programming to Improve Capabilities of Young Adolescents in Ethiopia: A Cluster Randomized Control Trial
D_WALL_OFF_FEMALE_AUTONOMY_D2a,3,abstract,W2079040078,10.1111/j.1728-4465.2007.00114.x,2007,Studies in Family Planning,NOT_RELEVANT,OFF_FEMALE_AUTONOMY_D2a,NA,NA,unclear,observational,"Operative variable is a woman's own autonomy (Wall 4), and the outcome is service use rather than fertility.",,,,,,,,,,,Couples' Reports of Women's Autonomy and Health‐care Use in Nepal
D_WALL_OFF_FEMALE_AUTONOMY_D2a,3,abstract,W2477698826,10.1596/9780821398623_ch02,2013,,NOT_RELEVANT,OFF_FEMALE_AUTONOMY_D2a,NA,NA,unclear,other,Qualitative account of shifting gender norms and women's agency with no fertility or family-formation outcome.,,,,,,,,,,,Negotiating the Norms That Bind: A Winding Road
D_WALL_OFF_FEMALE_AUTONOMY_D2a,3,abstract,W4311843900,10.1111/ecca.12455,2022,Economica,NOT_RELEVANT,OFF_FEMALE_AUTONOMY_D2a,NA,NA,unclear,structural,"Estimand is women's bargaining and decision power, with no fertility outcome.",,,,,,,,,,,"Female labour, status and decision power"
D_WALL_OFF_SCHOOLING_ECONOMIC,3,abstract,W4387422469,10.2478/ceej-2023-0015,2023,Central European Economic Journal,NOT_RELEVANT,OFF_SCHOOLING_ECONOMIC,NA,SDT,no,observational,"Cross-national FLFP–fertility association in OECD countries; the operative variable is women's labour supply, not a belief or contact measure",,,,,,,,,,,The Relationship between Fertility and Female Participation in the Labour Force in OECD Countries 2000–2020: It Is (Again) Negative
D_WALL_OFF_SCHOOLING_ECONOMIC,3,abstract,W3045941855,10.1257/pol.20180039,2020,American Economic Journal Economic Policy,NOT_RELEVANT,OFF_SCHOOLING_ECONOMIC,NA,SDT,no,quasi-experimental,"Price-of-time policy shifting mothers' labour supply; routes to the female-wage sibling (Wall 4/5), and the outcome is not fertility.",,,,,,,,,,,The Rise of Working Mothers and the 1975 Earned Income Tax Credit
D_WALL_OFF_SCHOOLING_ECONOMIC,3,abstract,W1900524023,,2015,Digital Access to Scholarship at Harvard (DASH) (Harvard University),NOT_RELEVANT,OFF_SCHOOLING_ECONOMIC,NA,NA,no,quasi-experimental,"Returns-to-schooling and wage-driven human-capital demand in India; outcome is enrollment, not fertility.",,,,,,,,,,,On the Demand for Education in India
D_WALL_OFF_SCHOOLING_ECONOMIC,3,abstract,W2160367219,10.1093/restud/rdv026,2015,The Review of Economic Studies,NOT_RELEVANT,OFF_SCHOOLING_ECONOMIC,NA,DIFFUSED_FDT,no,structural,"Quantity-quality model with the mechanism identified as returns to child investment, routing to the economic schooling channel.",,,,,,,,,,,"Differential Fertility, Human Capital, and Development"
D_WALL_OFF_SCHOOLING_ECONOMIC,3,abstract,W2071750335,10.1080/17441730.2014.943941,2014,Asian Population Studies,NOT_RELEVANT,OFF_SCHOOLING_ECONOMIC,NA,NA,no,observational,"Operative variable is the price of women's time in the labour market, which Wall 4 routes to the female-wage/opportunity-cost chapter.",,,,,,,,,,,Female Labour Force Participation and Fertility in South Korea
D_WALL_OFF_SCHOOLING_ECONOMIC,3,abstract,W2112224887,,2014,Digital Access to Scholarship at Harvard (DASH) (Harvard University),NOT_RELEVANT,OFF_SCHOOLING_ECONOMIC,NA,DIFFUSED_FDT,no,observational,"Female employment opportunity — the price of women's time — as the operative variable, Wall 4/5 routes to C.2.e.",,,,,,,,,,,"Essays on Gender, Intra-Household Allocation and Development"
D_WALL_OFF_SCHOOLING_ECONOMIC,3,abstract,W2116356733,10.1093/qje/qjs002,2012,The Quarterly Journal of Economics,NOT_RELEVANT,OFF_SCHOOLING_ECONOMIC,NA,NA,no,quasi-experimental,"Treatment is an exogenous rise in women's labour-market opportunity, i.e. the price of her time (Wall 4).",,,,,,,,,,,Do Labor Market Opportunities Affect Young Women's Work and Family Decisions? Experimental Evidence from India *
D_WALL_OFF_SCHOOLING_ECONOMIC,3,abstract,W2019394855,10.1002/ajhb.10043,2002,American Journal of Human Biology,NOT_RELEVANT,OFF_SCHOOLING_ECONOMIC,NA,SDT,no,structural,"Life-history model of schooling and work as opportunity cost of early births; mechanism is identified as SES return, Wall 5 routes to C.3.b/C.2.e.",,,,,,,,,,,An evolutionary ecological perspective on demographic transitions: Modeling multiple currencies
D_WALL_OFF_SCHOOLING_ECONOMIC,3,abstract,W2019706326,10.2307/3088937,2002,American Sociological Review,NOT_RELEVANT,OFF_SCHOOLING_ECONOMIC,NA,SDT,no,observational,"economic prospects and the price of women's time as determinants of marriage, an identified economic mechanism (Wall 4/5)",,,,,,,,,,,Two Decades of Family Change: The Shifting Economic Foundations of Marriage
D_WALL_OFF_SCHOOLING_ECONOMIC,3,abstract,W2124118421,10.1146/annurev.soc.23.1.431,1997,Annual Review of Sociology,NOT_RELEVANT,OFF_SCHOOLING_ECONOMIC,NA,NA,unclear,review,"Tests the female economic-independence hypothesis; the operative variable is the price of women's time, not a shared belief about modern family form",,,,,,,,,,,Women's Employment and the Gain to Marriage: The Specialization and Trading Model
D_WALL_OFF_CULTURAL_EVOLUTION_D1c,3,abstract,W2327091734,10.1098/rstb.2015.0154,2016,Philosophical Transactions of the Royal Society B Biological Sciences,NOT_RELEVANT,OFF_CULTURAL_EVOLUTION_D1c,NA,NA,no,structural,"formal evolutionary model of socially transmitted reproductive choice, not contact with or belief about an external modern society",,,,,,,,,,,Evaluating reproductive decisions as discrete choices under social influence
D_WALL_OFF_CULTURAL_EVOLUTION_D1c,3,abstract,W2194392113,10.1016/j.tpb.2023.06.001,2023,Theoretical Population Biology,NOT_RELEVANT,OFF_CULTURAL_EVOLUTION_D1c,NA,NA,unclear,theory,"Formal cultural-transmission model of contraceptive acceptance, not contact with or belief about an external modern society.",,,,,,,,,,,Cultural niche construction with application to fertility control: A model for education and social transmission of contraceptive use
D_WALL_OFF_CULTURAL_EVOLUTION_D1c,3,abstract,W3049211323,10.3386/w27706,2020,National Bureau of Economic Research,NOT_RELEVANT,OFF_CULTURAL_EVOLUTION_D1c,NA,NA,unclear,review,Cultural-evolution framework applied to history; Wall 6 routes formal transmission theory to D.1.c.,,,,,,,,,,,History as Evolution
D_WALL_OFF_CULTURAL_EVOLUTION_D1c,3,abstract,W4405605068,10.1093/oso/9780198908203.001.0001,2024,,NOT_RELEVANT,OFF_CULTURAL_EVOLUTION_D1c,NA,NA,unclear,review,"Textbook survey of sociobiology, behavioural ecology, and cultural evolution schools; routes to D.1.c, no fertility estimand or external-model exposure.",,,,,,,,,,,Sense and Nonsense
D_WALL_OFF_CULTURAL_EVOLUTION_D1c,3,abstract,W2102990861,10.4054/demres.2014.30.37,2014,Demographic Research,NOT_RELEVANT,OFF_CULTURAL_EVOLUTION_D1c,NA,NA,unclear,theory,"Theoretical foundations from evolutionary demography and anthropology; belongs to the cultural-evolution stream, not imported-family-model exposure.",,,,,,,,,,,When not to have another baby: An evolutionary approach to low fertility
D_WALL_OFF_CULTURAL_EVOLUTION_D1c,3,abstract,W1811781384,10.2307/1367778,1986,Ornithological Applications,NOT_RELEVANT,OFF_CULTURAL_EVOLUTION_D1c,NA,NA,no,theory,"Cultural-evolutionary transmission theory, Wall 6 routing; no fertility estimand and no external-modern-society exposure variable.",,,,,,,,,,,Culture and the Evolutionary Process
D_WALL_OFF_CULTURAL_EVOLUTION_D1c,3,abstract,W2307280253,10.1098/rstb.2015.0157,2016,Philosophical Transactions of the Royal Society B Biological Sciences,NOT_RELEVANT,OFF_CULTURAL_EVOLUTION_D1c,NA,SDT,unclear,review,Evolutionary-demographic critique of transition irreversibility; no developmental-idealism exposure.,,,,,,,,,,,What if fertility decline is not permanent? The need for an evolutionarily informed approach to understanding low fertility
D_WALL_OFF_CULTURAL_EVOLUTION_D1c,3,abstract,W3209754588,10.1093/oxfordhb/9780190674687.013.25,2021,Oxford University Press eBooks,NOT_RELEVANT,OFF_CULTURAL_EVOLUTION_D1c,NA,NA,unclear,theory,Evolutionary/dual-inheritance framing of parenting and technology; no exposure to an external modern-family model.,,,,,,,,,,,The Cradle of Humankind
D_WALL_OFF_CULTURAL_EVOLUTION_D1c,3,abstract,W2785772421,10.1098/rstb.2017.0060,2018,Philosophical Transactions of the Royal Society B Biological Sciences,NOT_RELEVANT,OFF_CULTURAL_EVOLUTION_D1c,NA,NA,unclear,observational,"Tests cultural-evolution and behavioural-ecology transmission models of reproductive timing, not exposure to an external modern family model.",,,,,,,,,,,Evolutionary demography of age at last birth: integrating approaches from human behavioural ecology and cultural evolution
D_WALL_OFF_CULTURAL_EVOLUTION_D1c,3,abstract,W1997478529,10.1207/s15327957pspr0904_5,2005,Personality and Social Psychology Review,NOT_RELEVANT,OFF_CULTURAL_EVOLUTION_D1c,NA,NA,no,theory,Formal cultural-evolution model of norm transmission through network composition rather than exposure to an external modern family model (Wall 6).,,,,,,,,,,,Why Are Modern Families Small? Toward an Evolutionary and Cultural Explanation for the Demographic Transition
D_WALL_OFF_CULTURAL_EVOLUTION_D1c,3,abstract,W4256093703,10.31235/osf.io/k23md,2019,,NOT_RELEVANT,OFF_CULTURAL_EVOLUTION_D1c,NA,NA,no,review,"Frames the media-fertility example inside human behavioural ecology and dual-inheritance transmission theory, which is Wall 6's cultural-evolution route.",,,,,,,,,,,The Cradle of Humankind: Evolutionary Approaches to Technology and Parenting
D_WALL_OFF_CULTURAL_EVOLUTION_D1c,3,abstract,W4405605226,10.1093/oso/9780198908203.003.0008,2024,,NOT_RELEVANT,OFF_CULTURAL_EVOLUTION_D1c,NA,NA,unclear,review,Synthesis of evolutionary sub-fields and social learning; no fertility estimand and no external-model exposure.,,,,,,,,,,,Comparing and integrating approaches
