work,tier,design,route,verdict,id,doi,year,venue,type,is_oa,outcome,last_url,title
W1_browser,T1_wall1_packet,identified,MIXED_PRICE_ARRANGEMENT,RELEVANT,W1983947289,10.1515/bejeap-2014-0003,2014,The B E Journal of Economic Analysis & Policy,article,True,route_blocked,https://www.degruyter.com/document/doi/10.1515/bejeap-2014-0003/pdf,Fostering Household Formation: Evidence from a Spanish Rental Subsidy
W1_browser,T1_wall1_packet,identified,MIXED_PRICE_ARRANGEMENT,RELEVANT,W2791040281,10.1007/s13524-018-0656-9,2018,Demography,article,True,route_blocked,https://read.dukeupress.edu/demography/article-pdf/55/2/617/840387/617kucheva.pdf,Subsidized Housing and the Transition to Adulthood
W1_browser,T1_wall1_packet,identified,MIXED_PRICE_ARRANGEMENT,RELEVANT,W3125671386,10.1111/jmcb.12408,2017,Journal of money credit and banking,article,True,route_blocked,https://onlinelibrary.wiley.com/doi/pdfdirect/10.1111/jmcb.12408,Waking Up from the American Dream: On the Experience of Young Americans during the Housing Boom of the 2000s
W1_browser,T1_wall1_packet,observational,MIXED_PRICE_ARRANGEMENT,RELEVANT,W3160060909,10.17045/sthlmuni.14555868.v1,2021,Figshare,article,True,route_blocked,https://figshare.com/articles/preprint/Childbearing_Behavior_in_the_Light_of_Different_Housing_Regimes_First_Births_in_Sweden_1975-2004/14555868,Childbearing Behavior in the Light of Different Housing Regimes: First Births in Sweden 1975-2004
W1_browser,T1_wall1_packet,observational,MIXED_PRICE_ARRANGEMENT,RELEVANT,W4385496510,10.7454/jessd.v6i1.1145,2023,Journal of Environmental Science and Sustainable Development,article,True,route_blocked,https://scholarhub.ui.ac.id/cgi/viewcontent.cgi?article=1145&context=jessd,LIVING ARRANGEMENT AND HOMEOWNERSHIP IMPACTS ON FERTILITY INTENTION TO ACHIEVE THE SUSTAINABLE DEVELOPMENT GOALS
W1_browser,T1_wall1_packet,observational,MIXED_PRICE_ARRANGEMENT,UNCERTAIN,W2230722406,10.1080/14445921.2014.11104385,2014,Pacific Rim Property Research Journal,article,True,route_blocked,https://figshare.com/articles/journal_contribution/The_marginal_cost_of_a_bedroom_An_Australian_case_study/27606084,The Marginal Cost of a Bedroom: An Australian Case Study
W1_browser,T1_wall1_packet,observational,MIXED_PRICE_ARRANGEMENT,RELEVANT,W4386826586,10.1016/j.alcr.2023.100577,2023,Advances in Life Course Research,article,True,route_blocked,https://doi.org/10.1016/j.alcr.2023.100577,"The trifecta of adulthood: Housing, partnering and childbearing trajectories"
W1_browser,T1_wall1_packet,observational,MIXED_PRICE_ARRANGEMENT,RELEVANT,W4389069534,10.1111/1540-6229.12467,2023,Real Estate Economics,article,True,route_blocked,https://onlinelibrary.wiley.com/doi/pdfdirect/10.1111/1540-6229.12467,Why do young adults coreside with their parents?
W1_browser,T1_wall1_packet,cannot_tell,MIXED_PRICE_ARRANGEMENT,UNCERTAIN,W7161410500,10.2139/ssrn.6754062,2026,SSRN Electronic Journal,preprint,True,route_blocked,https://doi.org/10.2139/ssrn.6754062,"Infrastructure and the American Family: Material Conditions, Household Structure, and the Visibility Gap, 1973–2024"
W1_browser,T1_wall1_packet,descriptive,MIXED_PRICE_ARRANGEMENT,UNCERTAIN,W4226201035,10.36004/nier.cdr.2021.15-20,2021,,conference-paper,True,empty_or_tiny,https://doi.org/10.36004/nier.cdr.2021.15-20,ЖИЛИЩНЫЕ УСЛОВИЯ И ДЕТНОСТЬ: СВЯЗЬ И ВОЗМОЖНОСТИ ВЛИЯНИЯ
W1_browser,T1_wall1_packet,theory,MIXED_PRICE_ARRANGEMENT,UNCERTAIN,W2544536248,10.1080/14616718.2016.1241936,2016,International Journal of Housing Policy,article,True,empty_or_tiny,http://orbilu.uni.lu/handle/10993/46209,Delayed and depressed: from expensive housing to smaller families
W1_browser,T1_primary_identified,identified,PRIMARY_EXTENDED_COUPLE,RELEVANT,W2099331743,10.1007/s13524-013-0244-y,2014,Demography,article,True,route_blocked,https://read.dukeupress.edu/demography/article-pdf/51/1/185/878253/185chu.pdf,"Coresidence With Husband’s Parents, Labor Supply, and Duration to First Birth"
W1_browser,T1_primary_identified,identified,PRIMARY_EXTENDED_COUPLE,UNCERTAIN,W2201874083,10.2139/ssrn.2563597,2015,SSRN Electronic Journal,preprint,True,route_blocked,https://doi.org/10.2139/ssrn.2563597,"Geology, Household Formation Rules and the Demand for Sons in Vietnam"
W1_browser,T2_primary_relevant,observational,PRIMARY_EXTENDED_COUPLE,RELEVANT,W3001025201,10.22004/ag.econ.296666,2019,RePEc: Research Papers in Economics,preprint,True,route_blocked,http://ageconsearch.umn.edu/record/296666,"Curse of the Mummy-ji: The Influence of Mothers-in-Law on Women's Social Networks, Mobility, and Reproductive Health in India"
W1_browser,T2_primary_relevant,observational,PRIMARY_EXTENDED_COUPLE,RELEVANT,W3021464029,10.1111/ajae.12114,2020,American Journal of Agricultural Economics,article,True,empty_or_tiny,https://open.bu.edu/bitstreams/aa690fcf-e868-4c06-a882-2c53b59d944e/download,Curse of the Mummy‐ji : The Influence of Mothers‐in‐Law on Women in India †
W1_browser,T2_primary_relevant,observational,PRIMARY_PRELAUNCH,RELEVANT,W2074590864,10.1080/19424620.2013.789976,2012,Family Science,article,True,route_blocked,https://pure.knaw.nl/portal/en/publications/24472922-95d4-4c33-98a3-4fcc44ae4ea5,Fertility intentions depend on intergenerational relations: A life course perspective
W1_browser,T2_primary_relevant,observational,PRIMARY_EXTENDED_COUPLE,RELEVANT,W4399547837,10.1007/s40622-024-00390-3,2024,DECISION,article,True,route_blocked,http://dx.doi.org/10.1007/s40622-024-00390-3,Grandparents “on board”: How they translate into the households’ fertility decisions
W1_browser,T2_primary_relevant,observational,PRIMARY_EXTENDED_COUPLE,RELEVANT,W2120652126,10.1016/s0968-8080(10)35497-8,2010,Reproductive Health Matters,article,True,route_blocked,https://www.tandfonline.com/doi/pdf/10.1016/S0968-8080%2810%2935497-8?needAccess=true,Influence of mothers-in-law on young couples’ family planning decisions in rural India
W1_browser,T2_primary_relevant,observational,PRIMARY_PRELAUNCH,RELEVANT,W2926993263,10.1177/2057150x19838728,2019,Chinese Journal of Sociology,article,True,route_blocked,https://journals.sagepub.com/doi/pdf/10.1177/2057150X19838728,"The transition to adulthood in China, Germany and the US: Prevalence and timing in private and professional life"
W1_browser,T2_primary_relevant,cannot_tell,PRIMARY_PRELAUNCH,RELEVANT,W2258717442,10.1016/j.jce.2012.11.001,2012,Journal of Comparative Economics,article,True,route_blocked,https://papers.ssrn.com/sol3/papers.cfm?abstract_id=2280835,"Household formation rules, fertility and female labour supply: Evidence from post-communist countries"
W1_browser,T3_primary_uncertain,observational,PRIMARY_EXTENDED_COUPLE,UNCERTAIN,W377178670,10.1002/ajhb.10167,2003,American Journal of Human Biology,conference-abstract,True,route_blocked,https://digitalcommons.calpoly.edu/ssci_fac/73,"Abstracts of the 28th annual meeting of the Human Biology Association, Tempe, Arizona, April 25–27, 2003"
W1_browser,T3_primary_uncertain,observational,PRIMARY_EXTENDED_COUPLE,UNCERTAIN,W2777839591,10.1093/beheco/arx168,2017,Behavioral Ecology,article,True,route_blocked,https://academic.oup.com/beheco/article-pdf/29/2/333/24353624/arx168.pdf,Effects of female reproductive competition on birth rate and reproductive scheduling in a historical human population
W1_browser,T3_primary_uncertain,observational,PRIMARY_PROXIMITY,UNCERTAIN,W4416225877,10.1080/1081602x.2025.2583972,2025,The History of the Family,article,True,route_blocked,https://www.tandfonline.com/doi/pdf/10.1080/1081602X.2025.2583972?needAccess=true,Settlement and the intergenerational dispersion of kin as a spatial process in the nineteenth century US
W1_browser,T3_primary_uncertain,cannot_tell,PRIMARY_EXTENDED_COUPLE,UNCERTAIN,W4285189469,10.2139/ssrn.4145178,2022,SSRN Electronic Journal,preprint,True,route_blocked,https://doi.org/10.2139/ssrn.4145178,How Grandparents' Coresidence Affects the Relationship Between Fertility and Parental Labor Market Choices: Evidence From China
W1_browser,T5_link1,observational,LINK1_DRIVER_TO_ARRANGEMENT,UNCERTAIN,W2622956195,10.12759/hsr.42.2017.2.59-91,2017,Social Science Open Access Repository (GESIS – Leibniz Institute for the Social Sciences),article,True,route_blocked,http://www.ssoar.info/ssoar/handle/document/51884,"Church Affiliation and Life Course Transitions in The Netherlands, 1850-1970"
W1_browser,T5_link1,observational,LINK1_ARRANGEMENT_TO_UNION,UNCERTAIN,W3097136757,10.17045/sthlmuni.12668741.v1,2020,DiVA (Stockholm University),report,True,route_blocked,http://urn.kb.se/resolve?urn=urn:nbn:se:su:diva-183526,Committed to independence? An exploratory study of living-apart-together (LAT) in contemporary Sweden
W1_browser,T5_link1,observational,LINK1_DRIVER_TO_ARRANGEMENT,UNCERTAIN,W2315058528,10.1093/esr/jcw003,2016,European Sociological Review,article,True,route_blocked,https://spire.sciencespo.fr/hdl:/2441/7p91ba9ca08ogq7pk72cg7pij4/resources/2016-lesnard-chanvril-do-transitions-to-adulthood-converge-in-europe-vauteur.pdf,Do Transitions to Adulthood Converge in Europe? An Optimal Matching Analysis of Work–Family Trajectories of Men and Women from 20 European Countries
W1_browser,T5_link1,observational,LINK1_DRIVER_TO_ARRANGEMENT,UNCERTAIN,W2785932253,10.17863/cam.18726,2018,Apollo (University of Cambridge),dissertation,True,empty_or_tiny,https://www.repository.cam.ac.uk/handle/1810/271737,Extended living arrangements in Chile: An analysis of subfamilies
W1_browser,T5_link1,observational,LINK1_DRIVER_TO_ARRANGEMENT,UNCERTAIN,W2032781774,10.1007/s13524-013-0247-8,2013,Demography,article,True,route_blocked,https://read.dukeupress.edu/demography/article-pdf/51/1/257/878100/257stone.pdf,"Gender, Turning Points, and Boomerangs: Returning Home in Young Adulthood in Great Britain"
W1_browser,T5_link1,observational,LINK1_ARRANGEMENT_TO_UNION,RELEVANT,W4312039345,10.1093/esr/jcac064,2022,European Sociological Review,article,True,route_blocked,https://academic.oup.com/esr/advance-article-pdf/doi/10.1093/esr/jcac064/47763826/jcac064.pdf,Long goodbyes: pathways of leaving home by gender and destination in Spain
W1_browser,T5_link1,observational,LINK1_DRIVER_TO_ARRANGEMENT,RELEVANT,W4416897549,10.1177/23780231251395464,2025,Socius Sociological Research for a Dynamic World,article,True,route_blocked,https://doi.org/10.1177/23780231251395464,Parental Homes as Feathered Nets: Home-Leaving Trajectories of Young People in China
W1_browser,T5_link1,observational,LINK1_DRIVER_TO_ARRANGEMENT,UNCERTAIN,W563327353,10.15453/0191-5096.2661,2000,The Journal of Sociology & Social Welfare,article,True,route_blocked,https://scholarworks.wmich.edu/cgi/viewcontent.cgi?article=2661&context=jssw,"Second-Generation Parenthood: A Panel Study of Grandmother and Grandchild Coresidency Among Low-Income Families, 1967-1992"
W1_browser,T5_link1,observational,LINK1_DRIVER_TO_ARRANGEMENT,UNCERTAIN,W4410835045,10.33612/diss.1307251158,2025,,dissertation,True,route_blocked,https://research.rug.nl/files/1307251160/Title_and_contents.pdf,The Way We Move: The Role of Parents in Geographical Mobility
W1_browser,T5_link1,observational,LINK1_DRIVER_TO_ARRANGEMENT,RELEVANT,W4413411900,10.1111/padr.70021,2025,Population and Development Review,article,True,route_blocked,https://onlinelibrary.wiley.com/doi/pdfdirect/10.1111/padr.70021,"Who Achieves Residential Independence? Living Arrangements of Never‐Married Young Adults in Urban China, 2003–2018"
W1_browser,T5_link1,observational,LINK1_DRIVER_TO_ARRANGEMENT,UNCERTAIN,W7154721579,10.1016/j.alcr.2026.100743,2026,Advances in Life Course Research,article,True,empty_or_tiny,https://doi.org/10.1016/j.alcr.2026.100743,"Young women’s living arrangements in Mexico: Diversity, stability, and social stratification"
W1_browser,T5_link1,cannot_tell,LINK1_DRIVER_TO_ARRANGEMENT,UNCERTAIN,W4323348478,10.1007/s10964-023-01755-0,2023,Journal of Youth and Adolescence,article,True,route_blocked,https://pmc.ncbi.nlm.nih.gov/articles/PMC10866393/pdf/nihms-1958858.pdf,Pathways to Adulthood in Rural America: A Latent Profile and Latent Transition Analysis of Adult Social Roles
W1_browser,T5_link1,cannot_tell,LINK1_DRIVER_TO_ARRANGEMENT,UNCERTAIN,W2233928665,10.2139/ssrn.2285260,2013,SSRN Electronic Journal,preprint,True,route_blocked,https://doi.org/10.2139/ssrn.2285260,"The Capacity of Families to Support Young Australians: Financial Transfers From Parents, Co-Residence and Youth Outcomes"
W1_browser,T5_link1,descriptive,LINK1_DRIVER_TO_ARRANGEMENT,UNCERTAIN,W4384833116,10.1355/9789814951500-004,2023,,book-chapter,True,route_blocked,https://dr.ntu.edu.sg/bitstream/10356/179490/2/Dommaraju%20-%202023%20-%20Transformation%20of%20family%20structure%20in%20Southeast%20Asia.pdf,2 Transformation of the Family Structure in Southeast Asia: Trends and Implications
W1_browser,T5_link1,descriptive,LINK1_DRIVER_TO_ARRANGEMENT,UNCERTAIN,W2895972864,10.1007/s13524-018-0719-y,2018,Demography,article,True,route_blocked,https://read.dukeupress.edu/demography/article-pdf/55/6/2283/842477/2283pilkauskas.pdf,Beyond the Nuclear Family: Trends in Children Living in Shared Households
W1_browser,T5_link1,descriptive,LINK1_DRIVER_TO_ARRANGEMENT,UNCERTAIN,W2095400194,10.3917/pope.1204.0551,2012,Population (English Edition),article,True,route_blocked,http://hdl.handle.net/20.500.12204/AWRH_XPQgpz89Adag5VI,"Changes in Family Situations as Reflected in the French Censuses, 1962-2009"
W1_browser,T5_link1,descriptive,LINK1_DRIVER_TO_ARRANGEMENT,UNCERTAIN,W4408026238,10.1111/sifp.12282,2025,Studies in Family Planning,article,True,empty_or_tiny,https://onlinelibrary.wiley.com/doi/pdfdirect/10.1111/sifp.12282,"Changes in Latin American and Caribbean Household Structure Amidst Fertility Decline, 1960–2020"
W1_browser,T5_link1,descriptive,LINK1_DRIVER_TO_ARRANGEMENT,UNCERTAIN,W1991584024,10.1111/j.1728-4457.2010.00332.x,2010,Population and Development Review,article,True,route_blocked,https://hdl.handle.net/2027.42/79362,"Emptying the Nest: Older Men in the United States, 1880–2000"
W1_browser,T5_link1,descriptive,LINK1_DRIVER_TO_ARRANGEMENT,UNCERTAIN,W1991809256,10.2174/1874922401305010001,2013,The Open Family Studies Journal,article,True,route_blocked,https://openfamilystudiesjournal.com/VOLUME/5/PAGE/1/PDF/,Household Size and Structure in Iran: 1976-2006
W1_browser,T5_link1,descriptive,LINK1_DRIVER_TO_ARRANGEMENT,UNCERTAIN,W1948357180,10.1186/s40711-015-0011-0,2015,The Journal of Chinese Sociology,article,True,route_blocked,https://link.springer.com/content/pdf/10.1186/s40711-015-0011-0.pdf,Household changes in contemporary China: an analysis based on the four recent censuses
W1_browser,T5_link1,descriptive,LINK1_DRIVER_TO_ARRANGEMENT,UNCERTAIN,W4411017335,10.3917/e.popu.2402.0283,2025,Population (English Edition),article,True,route_blocked,https://shs.cairn.info/article/E_POPU_2402_0283/pdf?lang=en,Life-Course Patterns of Young Russian-Origin Estonians: An Origin-Destination Comparison
W1_browser,T5_link1,descriptive,LINK1_DRIVER_TO_ARRANGEMENT,UNCERTAIN,W1489635444,10.17026/dans-xvh-7eqd,2014,Socio-Environmental Systems Modeling,dataset,True,route_blocked,https://research.wur.nl/en/datasets/relatievormen-in-nederland-1984-orin-ways-of-cohabitation-in-the-,"Relatievormen in Nederland, 1984 ( ORIN )"
W1_browser,T5_link1,descriptive,LINK1_DRIVER_TO_ARRANGEMENT,UNCERTAIN,W2990023259,10.21543/dem.62.2-3.1,2019,Demográfia,article,True,route_blocked,http://demografia.hu/kiadvanyokonline/index.php/demografia/article/download/2772/2676,What makes someone adult? The role of family transitions and independence in opinions about becoming adult
W1_browser,T5_link1,theory,LINK1_DRIVER_TO_ARRANGEMENT,UNCERTAIN,W3004278016,10.1215/00703370-9624050,2021,Demography,article,True,route_blocked,https://read.dukeupress.edu/demography/article-pdf/59/1/137/1479301/137boissonneault.pdf,Microsimulation of Household and Marital Transitions Leading to Childlessness Among Dutch Women Born Between 1971 and 2000
W1_browser,T6_theory_stream,cannot_tell,THEORY,UNCERTAIN,W7171722536,10.2139/ssrn.6820498,2026,SSRN Electronic Journal,preprint,True,route_blocked,https://papers.ssrn.com/sol3/Delivery.cfm/6820498.pdf?abstractid=6820498&mirid=1,"Family Formation under a Subjective Future Constraint: Well-Being, Optimism, and Population Economics"
W1_browser,T6_theory_stream,descriptive,THEORY,UNCERTAIN,W2402057451,10.14288/1.0094695,2009,Open Collections,article,True,route_blocked,https://doi.org/10.14288/1.0094695,Demographic transition: its effects on women’s liberation in Taiwan
W1_browser,T6_theory_stream,descriptive,THEORY,UNCERTAIN,W7160510926,10.5281/zenodo.20073175,2026,Zenodo (CERN European Organization for Nuclear Research),other,True,empty_or_tiny,https://doi.org/10.5281/zenodo.20073175,"Mother and Father in the ""empty nest"""
W1_browser,T6_theory_stream,descriptive,THEORY,UNCERTAIN,W2143928126,10.1353/foc.0.0038,2010,The Future of Children,article,True,empty_or_tiny,https://repository.upenn.edu/sociology_papers/8,On a New Schedule: Transitions to Adulthood and Family Change
W1_browser,T6_theory_stream,theory,THEORY,UNCERTAIN,W4391412879,10.3138/9781487535018-005,2019,University of Toronto Press eBooks,book-chapter,True,route_blocked,https://www.degruyter.com/document/doi/10.3138/9781487535018-005/pdf,"4 Postponed Adulthood, the Inequality Surge, and the Millennial Burden"
W1_browser,T6_theory_stream,theory,THEORY,UNCERTAIN,W51496512,10.7936/k70c4sx5,2014,Open Scholarship Institutional Repository (Washington University in St. Louis),article,True,route_blocked,https://doi.org/10.7936/k70c4sx5,Essays on the Economics of Human Capital
W1_browser,T6_theory_stream,theory,THEORY,UNCERTAIN,W4288708926,10.1146/annurev-soc-030420-015156,2022,Annual Review of Sociology,article,True,route_blocked,https://www.annualreviews.org/doi/pdf/10.1146/annurev-soc-030420-015156,"Families in Latin America: Trends, Singularities, and Contextual Factors"
W2_library_proxy,T1_wall1_packet,identified,MIXED_PRICE_ARRANGEMENT,RELEVANT,W2069432153,10.1162/jeea.2009.7.5.974,2009,Journal of the European Economic Association,article,False,no_url,,Does High Cost of Mortgage Debt Explain Why Young Adults Live with Their Parents?
W2_library_proxy,T1_wall1_packet,observational,MIXED_PRICE_ARRANGEMENT,RELEVANT,W3125001667,10.1177/0042098015615742,2015,Urban Studies,article,False,no_url,,Do housing options affect child birth decisions? Evidence from Taiwan
W2_library_proxy,T1_wall1_packet,cannot_tell,MIXED_PRICE_ARRANGEMENT,UNCERTAIN,W7164878078,10.1016/b978-0-443-44207-0.00009-2,2026,Elsevier eBooks,book-chapter,False,no_url,,"Housing Careers and Demographic Change: Life Courses, Inequality, and Intergenerational Housing Futures"
W2_library_proxy,T1_wall1_packet,descriptive,MIXED_PRICE_ARRANGEMENT,UNCERTAIN,W4409225230,10.62986/pn2025.07,2025,,report,False,no_url,,Aging Population and Lower Fertility Affect Housing Market
W2_library_proxy,T1_wall1_packet,descriptive,MIXED_PRICE_ARRANGEMENT,UNCERTAIN,W4391348501,10.1332/policypress/9781447357667.003.0003,2023,Policy Press eBooks,book-chapter,False,no_url,,Households and families
W2_library_proxy,T1_wall1_packet,descriptive,MIXED_PRICE_ARRANGEMENT,UNCERTAIN,W4254615941,10.4324/9781315587110-8,2016,,book-chapter,False,no_url,,Housing Multigenerational Households in Australian Cities: Evidence from Sydney and Brisbane at the Turn of the 21st century
W2_library_proxy,T1_wall1_packet,descriptive,MIXED_PRICE_ARRANGEMENT,RELEVANT,W3025493284,10.1177/0888325419897748,2020,East European Politics and Societies and Cultures,article,False,no_url,,"Housing as a Fertility Trap: The Inability of States, Markets, or Families to Provide Adequate Housing in East Central Europe"
W2_library_proxy,T1_wall1_packet,descriptive,MIXED_PRICE_ARRANGEMENT,UNCERTAIN,W2548705618,10.5339/qfarc.2016.sshapp2665,2016,Qatar Foundation Annual Research Conference Proceedings Volume 2016 Issue 1,conference-paper,False,no_url,,The Impact of Housing Welfare System on Family Formation and Family Dissolution in Qatar
W2_library_proxy,T1_primary_identified,identified,PRIMARY_PRELAUNCH,RELEVANT,W2344506526,10.1142/s0217590816500181,2016,The Singapore Economic Review,article,False,no_url,,AN EMPIRICAL ANALYSIS OF MARITAL STATUS IN JAPAN
W2_library_proxy,T1_primary_identified,identified,PRIMARY_EXTENDED_COUPLE,RELEVANT,W3213314826,10.1080/21620555.2021.1995857,2021,Chinese Sociological Review,article,False,no_url,,Intergenerational living arrangements and marital fertility in Japan: a counterfactual approach
W2_library_proxy,T2_primary_relevant,observational,PRIMARY_EXTENDED_COUPLE,RELEVANT,W2289987374,10.1177/2057150x15614545,2015,Chinese Journal of Sociology,article,False,no_url,,Do parents matter? Intergenerational ties and fertility preferences in a low-fertility context
W2_library_proxy,T2_primary_relevant,observational,PRIMARY_EXTENDED_COUPLE,RELEVANT,W4411492666,10.1080/1081602x.2025.2517163,2025,The History of the Family,article,False,no_url,,Dynamic interplay of kinship and net-fertility: a comprehensive analysis across demographic transitions in Mexico
W2_library_proxy,T2_primary_relevant,observational,PRIMARY_EXTENDED_COUPLE,RELEVANT,W2805633869,10.7856/kjcls.2018.29.2.221,2018,The Korean Journal of Community Living Science,article,False,no_url,,Effects of the Conversation and Support of Family Network Factors on Fertility Intentions among Korean Married Women
W2_library_proxy,T2_primary_relevant,observational,PRIMARY_EXTENDED_COUPLE,RELEVANT,W4406768844,10.1080/13229400.2025.2452243,2025,Journal of Family Studies,article,False,no_url,,Family migration in Chinese superstar cities: are fertility intentions of migrants affected by co-resident parents?
W2_library_proxy,T2_primary_relevant,observational,PRIMARY_EXTENDED_COUPLE,RELEVANT,W2983797499,10.1080/00324728.1982.10405594,1982,Population Studies,article,False,no_url,,"Household composition, extended kinship and reproduction in Taiwan: 1973–1980"
W2_library_proxy,T2_primary_relevant,observational,PRIMARY_EXTENDED_COUPLE,RELEVANT,W2120621881,10.1017/s0021932000016928,1987,Journal of Biosocial Science,article,False,no_url,,Household extension and reproductive behaviour in Taiwan
W2_library_proxy,T2_primary_relevant,observational,PRIMARY_EXTENDED_COUPLE,RELEVANT,W1973591124,10.1080/19485565.1984.9988564,1984,Biodemography and Social Biology,article,False,no_url,,"Household type and family size in Maharashtra, 1970"
W2_library_proxy,T2_primary_relevant,observational,PRIMARY_PROXIMITY,RELEVANT,W1604329332,10.1080/17441730.2010.494445,2010,Asian Population Studies,article,False,no_url,,INTERGENERATIONAL PROXIMITY AND THE FERTILITY INTENTIONS OF MARRIED WOMEN
W2_library_proxy,T2_primary_relevant,observational,PRIMARY_PROXIMITY,RELEVANT,W4409204645,10.35136/krer.35.1.1,2025,,article,False,no_url,,Impact of Close Residence between Aging Parents and Adult Daughters on Grandchild Care and First Births
W2_library_proxy,T2_primary_relevant,observational,PRIMARY_PRELAUNCH,RELEVANT,W4300486138,10.7249/n2528,1986,RAND Corporation eBooks,book,False,no_url,,Nonfamily Living and the Erosion of Traditional Family Orientations Among Young Adults
W2_library_proxy,T2_primary_relevant,observational,PRIMARY_EXTENDED_COUPLE,RELEVANT,W4388085138,10.1093/oso/9780198288183.003.0006,1994,,book-chapter,False,no_url,,"Patrilocality, Childbearing, and the Labour Supply and Earning Power of Married Japanese Women"
W2_library_proxy,T2_primary_relevant,observational,PRIMARY_PRELAUNCH,RELEVANT,W2472458645,10.1177/0192513x16657127,2016,Journal of Family Issues,article,False,no_url,,"Race, Family Status, and Young Women’s Residential and Financial Dependency: 1970 to 2010"
W2_library_proxy,T2_primary_relevant,observational,PRIMARY_EXTENDED_COUPLE,RELEVANT,W1965099757,10.1163/156852169x00278,1969,Journal of Asian and African Studies,article,False,no_url,,"Social Class, Fertility, and Authority in Nuclear and Joint Households in Bombay*"
W2_library_proxy,T2_primary_relevant,observational,PRIMARY_EXTENDED_COUPLE,RELEVANT,W2601990648,10.3138/jcfs.43.3.439,2012,Journal of Comparative Family Studies,article,False,no_url,,Starting a Family at Your Parents’ House: Multigenerational Households and Below Replacement Fertility in Urban Bulgaria
W2_library_proxy,T2_primary_relevant,observational,PRIMARY_PRELAUNCH,RELEVANT,W2116750899,10.1177/019251394015004004,1994,Journal of Family Issues,article,False,no_url,,The Association Between Grandparental Coresidence and Adolescent Childbearing
W2_library_proxy,T2_primary_relevant,observational,PRIMARY_EXTENDED_COUPLE,RELEVANT,W2010078906,10.1086/451997,1992,Economic Development and Cultural Change,article,False,no_url,,The Effect of Household Structure on Women's Economic Activity and Fertility: Evidence from Recent Mothers in Urban Mexico
W2_library_proxy,T2_primary_relevant,observational,PRIMARY_PRELAUNCH,RELEVANT,W2000385836,10.1300/j002v42n01_03,2007,Marriage & Family Review,article,False,no_url,,The Timing of Leaving the Parental Home and Its Linkages to Other Life Course Events in Turkey
W2_library_proxy,T2_primary_relevant,observational,PRIMARY_PRELAUNCH,RELEVANT,W1506961954,10.1017/cbo9780511809798.007,2009,Cambridge University Press eBooks,book-chapter,False,no_url,,Ties That Matter: Cultural Norms and Family Formation in Western Europe
W2_library_proxy,T2_primary_relevant,observational,PRIMARY_EXTENDED_COUPLE,RELEVANT,W2063285982,10.2307/2061836,1993,Demography,article,False,no_url,,"Writing the names: Marriage style, living arrangements, and first birth interval in a Nepali society"
W2_library_proxy,T2_primary_relevant,descriptive,PRIMARY_PRELAUNCH,RELEVANT,W2956585401,10.4324/9780429043314-5,2019,,book-chapter,False,no_url,,"Becoming Independent: Leaving Home, Cohabitation, Marriage, and Parenthood"
W2_library_proxy,T2_primary_relevant,descriptive,PRIMARY_PRELAUNCH,RELEVANT,W2101110009,10.1177/000271620258000103,2002,The Annals of the American Academy of Political and Social Science,article,False,no_url,,Regional Differences in the Transition to Adulthood
W2_library_proxy,T2_primary_relevant,descriptive,PRIMARY_PRELAUNCH,RELEVANT,W3031747612,10.4324/9781003084761-9,2020,,book-chapter,False,no_url,,"“We’re Fine at Home”: Young People, Family and Low Fertility in Spain"
W2_library_proxy,T3_primary_uncertain,observational,PRIMARY_PRELAUNCH,UNCERTAIN,W2011207593,10.5153/sro.597,2001,Sociological Research Online,article,False,no_url,,The Timing of Family Formation in Britain and Spain
W2_library_proxy,T3_primary_uncertain,cannot_tell,PRIMARY_EXTENDED_COUPLE,UNCERTAIN,W7163907414,10.1007/s11113-026-10017-3,2026,Population Research and Policy Review,article,False,no_url,,Continuing the Family Lineage? Primary Family Members’ Traditional Fertility Values and Fertility in Rural China
W2_library_proxy,T3_primary_uncertain,cannot_tell,PRIMARY_EXTENDED_COUPLE,UNCERTAIN,W3150384026,10.1007/s42379-021-00082-w,2021,China Population and Development Studies,article,False,no_url,,Division of domestic labor and fertility behaviors in China: the impact of extended family traditions on gender equity theory
W2_library_proxy,T3_primary_uncertain,cannot_tell,PRIMARY_EXTENDED_COUPLE,UNCERTAIN,W3122536053,10.1016/j.jce.2017.10.005,2017,Journal of Comparative Economics,article,False,no_url,,"Fertility, household structure, and parental labor supply: Evidence from China"
W2_library_proxy,T3_primary_uncertain,cannot_tell,PRIMARY_EXTENDED_COUPLE,UNCERTAIN,W4412539469,10.1007/s12546-025-09388-9,2025,Journal of Population Research,article,False,no_url,,"Intrahousehold bargaining power, intergenerational influence, and women's fertility preferences in Indonesia: insights from longitudinal panel data"
W2_library_proxy,T3_primary_uncertain,cannot_tell,PRIMARY_EXTENDED_COUPLE,UNCERTAIN,W2413120360,10.1007/s11205-016-1386-2,2016,Social Indicators Research,article,False,no_url,,The Intergenerational Effect and Second Childbirth: Survey Findings from the Shaanxi Province of China
W2_library_proxy,T3_primary_uncertain,descriptive,PRIMARY_PRELAUNCH,UNCERTAIN,W2497062295,10.7208/chicago/9780226748924.003.0003,2005,,book-chapter,False,no_url,,American Women's Transition to Adulthood in Comparative Perspective
W2_library_proxy,T3_primary_uncertain,descriptive,PRIMARY_PRELAUNCH,UNCERTAIN,W2552907058,10.3138/jcfs.37.3.325,2006,Journal of Comparative Family Studies,article,False,no_url,,Changing Courses: The Pendulum of Family Transitions in Comparative Perspective
W2_library_proxy,T3_primary_uncertain,descriptive,PRIMARY_PRELAUNCH,UNCERTAIN,W2497446658,10.7208/chicago/9780226754758.003.0011,2010,,book-chapter,False,no_url,,Italians Are Late
W2_library_proxy,T3_primary_uncertain,descriptive,PRIMARY_EXTENDED_COUPLE,UNCERTAIN,W1592960464,10.18356/9c472e3a-en,2002,Asia-Pacific population journal,article,False,no_url,,"Patrilines, patrilocality and fertility decline in Viet Nam"
W2_library_proxy,T3_primary_uncertain,theory,PRIMARY_PRELAUNCH,UNCERTAIN,W2483457567,10.1525/california/9780520217546.003.0002,2002,,book-chapter,False,no_url,,Why Families Are a National Security Issue
W2_library_proxy,T3_link1_identified,identified,LINK1_DRIVER_TO_ARRANGEMENT,UNCERTAIN,W4253984199,10.3368/jhr.xl.1.186,2005,The Journal of Human Resources,article,False,no_url,,Rearranging the Family?
W2_library_proxy,T3_link1_identified,identified,LINK1_DRIVER_TO_ARRANGEMENT,UNCERTAIN,W1580589581,10.2307/3069660,2001,The Journal of Human Resources,article,False,no_url,,Welfare and Family Stability: Do Benefits Affect When Children Leave the Nest?
W2_library_proxy,T4_insufficient_resolve_at_retrieval,observational,INSUFFICIENT_INFO,UNCERTAIN,W1858367105,10.1002/ajhb.22776,2015,American Journal of Human Biology,article,False,no_url,,A panel data analysis of the probability of childbirth in a J apanese sample: New evidence of the two‐child norm
W2_library_proxy,T4_insufficient_resolve_at_retrieval,observational,INSUFFICIENT_INFO,UNCERTAIN,W2075521765,10.1080/0032472031000146746,1993,Population Studies,article,False,no_url,,Cultural Influences on the Timing of First Births in India: Large Differences that add up to Little Difference
W2_library_proxy,T4_insufficient_resolve_at_retrieval,observational,INSUFFICIENT_INFO,UNCERTAIN,W3217637565,10.1111/fare.12620,2021,Family Relations,article,False,no_url,,Does the one‐child generation want more than one child at their fertility age?
W2_library_proxy,T4_insufficient_resolve_at_retrieval,observational,INSUFFICIENT_INFO,UNCERTAIN,W113384975,10.2307/2134414,1978,Family Planning Perspectives,article,False,no_url,,Family Support: Helping Teenage Mothers to Cope
W2_library_proxy,T4_insufficient_resolve_at_retrieval,observational,INSUFFICIENT_INFO,UNCERTAIN,W2952297802,10.1016/j.puhe.2019.05.006,2019,Public Health,article,False,no_url,,"Fertility intentions for a second child among urban working women with one child in Hunan Province, China: a cross-sectional study"
W2_library_proxy,T4_insufficient_resolve_at_retrieval,observational,INSUFFICIENT_INFO,UNCERTAIN,W4408977344,10.1007/s42379-025-00183-w,2025,China Population and Development Studies,article,False,no_url,,Fertility intentions in Chinese families: a comparative analysis of spousal differences and influencing factors across family size
W2_library_proxy,T4_insufficient_resolve_at_retrieval,cannot_tell,INSUFFICIENT_INFO,NOT_RELEVANT,W1494457511,10.1023/a:1011904615180,2001,Sociological Forum,article,False,no_url,,
W2_library_proxy,T4_insufficient_resolve_at_retrieval,cannot_tell,INSUFFICIENT_INFO,NOT_RELEVANT,W4238343018,10.1023/a:1016962202639,1998,Human Relations,article,False,no_url,,
W2_library_proxy,T4_insufficient_resolve_at_retrieval,cannot_tell,INSUFFICIENT_INFO,UNCERTAIN,W2062552062,10.1007/s12062-010-9022-4,2009,Journal of Population Ageing,article,False,no_url,,Between Elderly Parents and Grandchildren—Geographic Proximity and Trends in Four-Generation Families
W2_library_proxy,T4_insufficient_resolve_at_retrieval,cannot_tell,INSUFFICIENT_INFO,UNCERTAIN,W3133636415,10.1525/9780520335455-012,1989,,book-chapter,False,no_url,,CHAPTER NINE. Childrearing versus Childbearing: Coresidence of Mother and Child in Sub-Saharan Africa
W2_library_proxy,T4_insufficient_resolve_at_retrieval,cannot_tell,INSUFFICIENT_INFO,UNCERTAIN,W2091144280,10.1007/bf00124937,1992,Population Research and Policy Review,article,False,no_url,,Children's living arrangements in developing countries
W2_library_proxy,T4_insufficient_resolve_at_retrieval,cannot_tell,INSUFFICIENT_INFO,UNCERTAIN,W2490849082,10.1093/acprof:oso/9780199578092.003.0003,2009,Oxford University Press eBooks,book-chapter,False,no_url,,Co‐residence and Family Size
W2_library_proxy,T4_insufficient_resolve_at_retrieval,cannot_tell,INSUFFICIENT_INFO,UNCERTAIN,W1572260106,10.1007/s12110-011-9109-5,2011,Human Nature,article,False,no_url,,Dynamics of Postmarital Residence among the Hadza
W2_library_proxy,T4_insufficient_resolve_at_retrieval,cannot_tell,INSUFFICIENT_INFO,UNCERTAIN,W2970815614,10.1007/978-3-030-14887-4_11,2019,,book-chapter,False,no_url,,Family Changes and Childbearing in Sub-Saharan Africa
W2_library_proxy,T4_insufficient_resolve_at_retrieval,cannot_tell,INSUFFICIENT_INFO,UNCERTAIN,W4243808853,10.1007/978-1-4020-5614-7_1118,2008,,reference-entry,False,no_url,,Family Formation
W2_library_proxy,T4_insufficient_resolve_at_retrieval,cannot_tell,INSUFFICIENT_INFO,UNCERTAIN,W4416069975,10.1007/s12546-025-09409-7,2025,Journal of Population Research,article,False,no_url,,"Family structure, orphanhood, and adolescent sexual debut and motherhood: evidence from Africa and Asia"
W2_library_proxy,T4_insufficient_resolve_at_retrieval,cannot_tell,INSUFFICIENT_INFO,UNCERTAIN,W2166456894,10.1016/j.ssresearch.2012.03.004,2012,Social Science Research,article,False,no_url,,How far do children move? Spatial distances after leaving the parental home
W2_library_proxy,T4_insufficient_resolve_at_retrieval,cannot_tell,INSUFFICIENT_INFO,UNCERTAIN,W139492554,10.1007/978-981-287-185-5_4,2014,,book-chapter,False,no_url,,International Marriage in Japan: A Strategy to Maintain Rural Farm Households
W2_library_proxy,T4_insufficient_resolve_at_retrieval,cannot_tell,INSUFFICIENT_INFO,UNCERTAIN,W107862330,10.1007/978-1-4020-9682-2_7,2009,,book-chapter,False,no_url,,"Living Arrangements, Health and Well-Being"
W2_library_proxy,T4_insufficient_resolve_at_retrieval,cannot_tell,INSUFFICIENT_INFO,UNCERTAIN,W2294037556,10.3138/jcfs.22.3.273,1991,Journal of Comparative Family Studies,article,False,no_url,,Mate Selection and Fertility in Urban Nigeria
W2_library_proxy,T4_insufficient_resolve_at_retrieval,cannot_tell,INSUFFICIENT_INFO,UNCERTAIN,W2007008588,10.1007/bf00889468,1990,Human Ecology,article,False,no_url,,Modernization and household formation on St. Bart: Continuity and change
W2_library_proxy,T4_insufficient_resolve_at_retrieval,cannot_tell,INSUFFICIENT_INFO,UNCERTAIN,W2088077897,10.1007/978-1-4684-7021-5_9,1980,,book-chapter,False,no_url,,Normal Stresses during the Transition to Parenthood
W2_library_proxy,T4_insufficient_resolve_at_retrieval,cannot_tell,INSUFFICIENT_INFO,UNCERTAIN,W219384829,10.1016/0743-0167(87)90065-9,1987,Journal of Rural Studies,book-review,False,no_url,,Planning for population change
W2_library_proxy,T4_insufficient_resolve_at_retrieval,cannot_tell,INSUFFICIENT_INFO,UNCERTAIN,W1995138654,10.1007/s10680-005-7434-2,2006,European Journal of Population / Revue européenne de Démographie,article,False,no_url,,"Societal Transition, Policy Changes and Family Formation: Evidence from Hungary"
W2_library_proxy,T4_insufficient_resolve_at_retrieval,cannot_tell,INSUFFICIENT_INFO,UNCERTAIN,W1813091085,10.1007/978-3-319-32997-0_8,2016,,book-chapter,False,no_url,,The Policy Context of Fertility in Spain: Toward a Gender-Egalitarian Model?
W2_library_proxy,T4_insufficient_resolve_at_retrieval,cannot_tell,INSUFFICIENT_INFO,UNCERTAIN,W44934614,10.1007/bf01796620,1990,European Journal of Population / Revue européenne de Démographie,article,False,no_url,,The family histories of australian women
W2_library_proxy,T4_insufficient_resolve_at_retrieval,cannot_tell,INSUFFICIENT_INFO,UNCERTAIN,W1990796408,10.1016/0277-9536(96)00035-4,1996,Social Science & Medicine,article,False,no_url,,"Urbanisation, household composition and the reproductive health of women in a South African city"
W2_library_proxy,T5_link1,observational,LINK1_DRIVER_TO_ARRANGEMENT,UNCERTAIN,W3180508972,10.1093/sf/soab084,2021,Social Forces,article,False,no_url,,Complexity in Employment and Coresidential Trajectories Among (Dis)Advantaged Social Groups in Chile
W2_library_proxy,T5_link1,observational,LINK1_DRIVER_TO_ARRANGEMENT,UNCERTAIN,W1966161123,10.2307/353598,1994,Journal of Marriage and the Family,article,False,no_url,,Covariates of Household Extension in Rural India: Change Over Time
W2_library_proxy,T5_link1,observational,LINK1_DRIVER_TO_ARRANGEMENT,UNCERTAIN,W2323021926,10.1017/s0145553200015911,1987,Social Science History,article,False,no_url,,Economic Determinants of the Age at Leaving Home: Evidence from the Lives of Nineteenth-Century New England Manufacturers
W2_library_proxy,T5_link1,observational,LINK1_DRIVER_TO_ARRANGEMENT,UNCERTAIN,W7160865689,10.17997/swry.87.1.3,2026,The Center for Social Welfare Research Yonsei University,article,False,no_url,,Factors Affecting Marriage and Fertility Intentions among Unmarried Employed Young Adults in Seoul: Focusing on the Perspective of Social Exclusion
W2_library_proxy,T5_link1,observational,LINK1_DRIVER_TO_ARRANGEMENT,UNCERTAIN,W2260168693,10.2307/2136152,1993,Family Planning Perspectives,article,False,no_url,,"Family Instability, Stress Heighten Adolescents' Risk of Premarital Birth"
W2_library_proxy,T5_link1,observational,LINK1_DRIVER_TO_ARRANGEMENT,UNCERTAIN,W2037694804,10.1207/s15327795jra0904_1,1999,Journal of Research on Adolescence,article,False,no_url,,Family Structure Differences in the Timing of Leaving Home: Exploring Mediating Factors
W2_library_proxy,T5_link1,observational,LINK1_DRIVER_TO_ARRANGEMENT,UNCERTAIN,W2113716832,10.1093/sf/77.4.1253,1999,Social Forces,article,False,no_url,,Family Values and Coresidence with Married Children in Urban China
W2_library_proxy,T5_link1,observational,LINK1_DRIVER_TO_ARRANGEMENT,UNCERTAIN,W4390381984,10.3917/popu.p1987.42n1.0081,1989,Population (English Edition),article,False,no_url,,Family formation and urbanization
W2_library_proxy,T5_link1,observational,LINK1_DRIVER_TO_ARRANGEMENT,UNCERTAIN,W2086295523,10.1177/0002716213483427,2013,The Annals of the American Academy of Political and Social Science,article,False,no_url,,Female Migrants and the Transition to Adulthood in Greater Jakarta
W2_library_proxy,T5_link1,observational,LINK1_DRIVER_TO_ARRANGEMENT,UNCERTAIN,W1988501482,10.1177/2167696815574639,2015,Emerging Adulthood,article,False,no_url,,From Emerging to Established
W2_library_proxy,T5_link1,observational,LINK1_DRIVER_TO_ARRANGEMENT,UNCERTAIN,W4392195809,10.1016/j.asieco.2024.101715,2024,Journal of Asian Economics,article,False,no_url,,"Gender imbalance, wife’s bargain power and shrinking household size in Rural China"
W2_library_proxy,T5_link1,observational,LINK1_DRIVER_TO_ARRANGEMENT,UNCERTAIN,W2153503600,10.1606/1044-3894.654,1999,Families in Society The Journal of Contemporary Social Services,article,False,no_url,,Grandmothers and Coresident Grandchildren
W2_library_proxy,T5_link1,observational,LINK1_DRIVER_TO_ARRANGEMENT,UNCERTAIN,W2095101061,10.1093/sf/69.1.235,1990,Social Forces,article,False,no_url,,Industrialization and Household Complexity in Rural Taiwan
W2_library_proxy,T5_link1,observational,LINK1_DRIVER_TO_ARRANGEMENT,UNCERTAIN,W1620194732,10.1400/94181,2007,Archivio istituzionale della ricerca (Alma Mater Studiorum Università di Bologna),article,False,no_url,,La transizione allo stato adulto (TSA) di due coorti di giovani italiani
W2_library_proxy,T5_link1,observational,LINK1_DRIVER_TO_ARRANGEMENT,UNCERTAIN,W2145054959,10.1093/esr/16.1.67,2000,European Sociological Review,article,False,no_url,,Parental divorce and outcomes for children: evidence and interpretation
W2_library_proxy,T5_link1,observational,LINK1_DRIVER_TO_ARRANGEMENT,UNCERTAIN,W2122655835,10.1017/s0305741000040789,1992,The China Quarterly,article,False,no_url,,"Patrilocality and Early Marital Co-residence in Rural China, 1955–85"
W2_library_proxy,T5_link1,observational,LINK1_DRIVER_TO_ARRANGEMENT,UNCERTAIN,W2776857404,10.1080/13676261.2017.1421750,2017,Journal of Youth Studies,article,False,no_url,,"Quick, uncertain, and delayed adults: timing, sequencing and duration of youth-adult transitions in Canada"
W2_library_proxy,T5_link1,observational,LINK1_DRIVER_TO_ARRANGEMENT,UNCERTAIN,W4407895808,10.1332/17579597y2025d000000040,2025,Longitudinal and Life Course Studies,article,False,no_url,,Short- and long-distance home-leaving and home-returning: exploring the role of life course transitions
W2_library_proxy,T5_link1,observational,LINK1_DRIVER_TO_ARRANGEMENT,UNCERTAIN,W2075906583,10.1177/0961463x08099947,2009,Time & Society,article,False,no_url,,Social Change and the Timing of Family Transitions in West Germany
W2_library_proxy,T5_link1,observational,LINK1_DRIVER_TO_ARRANGEMENT,UNCERTAIN,W2028584245,10.2307/353543,1998,Journal of Marriage and the Family,article,False,no_url,,The Effects of Childhood Family Structure on Leaving and Returning Home
W2_library_proxy,T5_link1,observational,LINK1_DRIVER_TO_ARRANGEMENT,UNCERTAIN,W2102282088,10.1177/0002716213500643,2013,The Annals of the American Academy of Political and Social Science,article,False,no_url,,The Effects of the Great Recession on Family Structure and Fertility
W2_library_proxy,T5_link1,observational,LINK1_DRIVER_TO_ARRANGEMENT,UNCERTAIN,W2012853649,10.2307/352160,1989,Journal of Marriage and the Family,article,False,no_url,,The Family Environment and Leaving the Parental Home
W2_library_proxy,T5_link1,observational,LINK1_DRIVER_TO_ARRANGEMENT,UNCERTAIN,W2155889633,10.1177/0044118x09351909,2009,Youth & Society,article,False,no_url,,Understanding the Impact of Poverty on Critical Events in Emerging Adulthood
W2_library_proxy,T5_link1,cannot_tell,LINK1_DRIVER_TO_ARRANGEMENT,UNCERTAIN,W1965639278,10.1007/bf03033891,2008,Journal of Population Research,article,False,no_url,,Changes in household formation and composition in China since the mid-twentieth century
W2_library_proxy,T5_link1,cannot_tell,LINK1_DRIVER_TO_ARRANGEMENT,UNCERTAIN,W1526298370,10.1023/a:1006068102735,1998,European Journal of Population / Revue européenne de Démographie,article,False,no_url,,"Early Life Transitions of Canadian Women: A Cohort Analysis of Timing, Sequences, and Variations"
W2_library_proxy,T5_link1,cannot_tell,LINK1_DRIVER_TO_ARRANGEMENT,UNCERTAIN,W1525519266,10.1007/s10680-007-9136-4,2007,European Journal of Population / Revue européenne de Démographie,article,False,no_url,,"Heterogeneity in the Transition to Adulthood: The Cases of Australia, Canada, and the United States"
W2_library_proxy,T5_link1,cannot_tell,LINK1_DRIVER_TO_ARRANGEMENT,UNCERTAIN,W2010502770,10.1006/ssre.1997.0590,1997,Social Science Research,article,False,no_url,,Home or Alone: The Costs of Independent Living for Youth
W2_library_proxy,T5_link1,cannot_tell,LINK1_DRIVER_TO_ARRANGEMENT,UNCERTAIN,W4213159238,10.1016/j.alcr.2022.100465,2022,Advances in Life Course Research,article,False,no_url,,Interactions between educational lifecycle and transition to adulthood: A proposal for a new questionnaire
W2_library_proxy,T5_link1,cannot_tell,LINK1_DRIVER_TO_ARRANGEMENT,UNCERTAIN,W2109922457,10.1007/978-3-642-17472-8_6,2011,,book-chapter,False,no_url,,Nest Leaving in Europe
W2_library_proxy,T5_link1,cannot_tell,LINK1_DRIVER_TO_ARRANGEMENT,UNCERTAIN,W4415235960,10.1007/978-981-96-8947-7_4,2025,Perspectives on children and young people,book-chapter,False,no_url,,Prolonged Transitions into Adulthood in Germany
W2_library_proxy,T5_link1,cannot_tell,LINK1_DRIVER_TO_ARRANGEMENT,UNCERTAIN,W2187770346,10.1007/978-94-011-0269-8_2,1995,European studies of population,book-chapter,False,no_url,,Standardization and Individualization: The transition from youth to adulthood among cohorts born between 1903 and 1965
W2_library_proxy,T5_link1,cannot_tell,LINK1_DRIVER_TO_ARRANGEMENT,UNCERTAIN,W102972701,10.1007/978-3-319-08308-7_10,2014,National symposium on family issues,conference-paper,False,no_url,,The Transition to Adulthood Matters
W2_library_proxy,T5_link1,cannot_tell,LINK1_DRIVER_TO_ARRANGEMENT,UNCERTAIN,W2215293663,10.1007/978-90-481-9063-8_69,2013,,book-chapter,False,no_url,,Transition to Adulthood
W2_library_proxy,T5_link1,cannot_tell,LINK1_DRIVER_TO_ARRANGEMENT,UNCERTAIN,W2189947940,10.1007/978-94-015-9717-3_4,2001,European studies of population,book-chapter,False,no_url,,Transition to Adulthood in Britain
W2_library_proxy,T5_link1,cannot_tell,LINK1_DRIVER_TO_ARRANGEMENT,UNCERTAIN,W4415235988,10.1007/978-981-96-8947-7_3,2025,Perspectives on children and young people,book-chapter,False,no_url,,Uncertain Futures Among Those in Precarious Employment in Japan
W2_library_proxy,T5_link1,cannot_tell,LINK1_DRIVER_TO_ARRANGEMENT,UNCERTAIN,W4247924640,10.1891/9780826120298.0007,2015,,book-chapter,False,no_url,,Young Adulthood
W2_library_proxy,T5_link1,cannot_tell,LINK1_DRIVER_TO_ARRANGEMENT,UNCERTAIN,W4415235964,10.1007/978-981-96-8947-7_6,2025,Perspectives on children and young people,book-chapter,False,no_url,,Young Adults Transitions to Adulthood in the United Kingdom: Protracted Yet Highly Diversified Pathways
W2_library_proxy,T5_link1,cannot_tell,LINK1_DRIVER_TO_ARRANGEMENT,UNCERTAIN,W4415235952,10.1007/978-981-96-8947-7_7,2025,Perspectives on children and young people,book-chapter,False,no_url,,"Youth Transition Pathways in Norway: How Education, Work and Gender Matter"
W2_library_proxy,T5_link1,descriptive,LINK1_DRIVER_TO_ARRANGEMENT,UNCERTAIN,W2000240205,10.1080/00324728.1969.10405294,1969,Population Studies,article,False,no_url,,"A study of cohort life cycles: Cohorts of native born Massachusetts women, 1830–1920"
W2_library_proxy,T5_link1,descriptive,LINK1_DRIVER_TO_ARRANGEMENT,UNCERTAIN,W3015872333,10.4324/9781351039949-16,2020,,book-chapter,False,no_url,,Becoming an adult in the new millennium
W2_library_proxy,T5_link1,descriptive,LINK1_DRIVER_TO_ARRANGEMENT,UNCERTAIN,W2045405029,10.1080/01494929.2011.619303,2011,Marriage & Family Review,article,False,no_url,,Being a Good Grandparent: Roles and Expectations in Intergenerational Relationships in Japan and Singapore
W2_library_proxy,T5_link1,descriptive,LINK1_DRIVER_TO_ARRANGEMENT,UNCERTAIN,W2963402664,10.1177/0192513x19863203,2019,Journal of Family Issues,article,False,no_url,,"Changes and Trends in Family Structure in Taiwan, 1990 to 2010"
W2_library_proxy,T5_link1,descriptive,LINK1_DRIVER_TO_ARRANGEMENT,UNCERTAIN,W2303649240,10.3138/jcfs.38.2.265,2007,Journal of Comparative Family Studies,article,False,no_url,,Changing Transition to Adulthood in Urban Burkina Faso
W2_library_proxy,T5_link1,descriptive,LINK1_DRIVER_TO_ARRANGEMENT,UNCERTAIN,W4300848464,10.46692/9781447307426.004,2012,,other,False,no_url,,Comparing transitions to motherhood across contexts
W2_library_proxy,T5_link1,descriptive,LINK1_DRIVER_TO_ARRANGEMENT,UNCERTAIN,W4298078678,10.51952/9781847421319.ch004,2005,Policy Press eBooks,book-chapter,False,no_url,,Comparison of living arrangements
W2_library_proxy,T5_link1,descriptive,LINK1_DRIVER_TO_ARRANGEMENT,UNCERTAIN,W2523235138,10.7765/9781526131683.00013,2017,Manchester University Press eBooks,book-chapter,False,no_url,,Early adulthood and family formation
W2_library_proxy,T5_link1,descriptive,LINK1_DRIVER_TO_ARRANGEMENT,UNCERTAIN,W2089459399,10.1080/00324728.1975.10410185,1975,Population Studies,article,False,no_url,,Factors associated with the timing and duration of the leaving-home stage of the family life cycle
W2_library_proxy,T5_link1,descriptive,LINK1_DRIVER_TO_ARRANGEMENT,UNCERTAIN,W2500142938,10.1057/9781137284198_5,2012,Palgrave Macmillan UK eBooks,book-chapter,False,no_url,,Family Change in Europe from a Transition-to-Adulthood Perspective
W2_library_proxy,T5_link1,descriptive,LINK1_DRIVER_TO_ARRANGEMENT,UNCERTAIN,W2032320525,10.1177/036319908400900104,1984,Journal of Family History,article,False,no_url,,"Family and Class: the Household Economy of Languedoc Winegrowers, 1830-1870"
W2_library_proxy,T5_link1,descriptive,LINK1_DRIVER_TO_ARRANGEMENT,UNCERTAIN,W3074764640,10.4324/9781315544748-12,2020,,book-chapter,False,no_url,,Family and Demographic Issues in Japan
W2_library_proxy,T5_link1,descriptive,LINK1_DRIVER_TO_ARRANGEMENT,UNCERTAIN,W2894773831,10.4324/9781315148458-20,2017,,book-chapter,False,no_url,,Family and household composition in Asia
W2_library_proxy,T5_link1,descriptive,LINK1_DRIVER_TO_ARRANGEMENT,UNCERTAIN,W4405285699,10.1080/17441730.2024.2431752,2024,Asian Population Studies,article,False,no_url,,Five decades of household change across Asian societies
W2_library_proxy,T5_link1,descriptive,LINK1_DRIVER_TO_ARRANGEMENT,UNCERTAIN,W3119626742,10.4324/9780203214138-15,2003,,book-chapter,False,no_url,,Household Composition in Shitayama–cho
W2_library_proxy,T5_link1,descriptive,LINK1_DRIVER_TO_ARRANGEMENT,UNCERTAIN,W1990026317,10.1017/s0143814x00004049,1986,Journal of Public Policy,article,False,no_url,,Impacts of Policy Actions on the Family and Household
W2_library_proxy,T5_link1,descriptive,LINK1_DRIVER_TO_ARRANGEMENT,UNCERTAIN,W3097668493,10.1163/9789004447516,2020,,book,False,no_url,,Intergenerational Relationships between Married Children and Their Parents in 21st Century Japan
W2_library_proxy,T5_link1,descriptive,LINK1_DRIVER_TO_ARRANGEMENT,UNCERTAIN,W939940128,10.1017/cbo9781139168625.005,2009,Cambridge University Press eBooks,book-chapter,False,no_url,,"Leaving home, rights to support and emancipation"
W2_library_proxy,T5_link1,descriptive,LINK1_DRIVER_TO_ARRANGEMENT,UNCERTAIN,W1975606474,10.2307/352161,1989,Journal of Marriage and the Family,article,False,no_url,,Leaving the Parental Home: Patterns in Six Latin American Countries
W2_library_proxy,T5_link1,descriptive,LINK1_DRIVER_TO_ARRANGEMENT,UNCERTAIN,W2169411513,10.1353/dem.2006.0038,2006,Demography,article,False,no_url,,"Less help for mother: The decline in coresidential female support for the mothers of young children, 1880–2000"
W2_library_proxy,T5_link1,descriptive,LINK1_DRIVER_TO_ARRANGEMENT,UNCERTAIN,W2066280819,10.1177/0265407513510478,2013,Journal of Social and Personal Relationships,article,False,no_url,,Lifestyle and close relationship trends among young adults in Poland
W2_library_proxy,T5_link1,descriptive,LINK1_ARRANGEMENT_TO_UNION,UNCERTAIN,W4399253540,10.1016/j.alcr.2024.100627,2024,Advances in Life Course Research,article,False,no_url,,Living apart together in contemporary Spain: Diverse motivations across life stages
W2_library_proxy,T5_link1,descriptive,LINK1_DRIVER_TO_ARRANGEMENT,UNCERTAIN,W7169862775,10.1177/03631990261470074,2026,Journal of Family History,article,False,no_url,,Nuclearization of Family: Changing Family Structure in Selected South Asian Countries
W2_library_proxy,T5_link1,descriptive,LINK1_DRIVER_TO_ARRANGEMENT,UNCERTAIN,W1558903997,10.51952/9781447366898.ch002,2000,Policy Press eBooks,book-chapter,False,no_url,,Patterns of household and family formation
W2_library_proxy,T5_link1,descriptive,LINK1_DRIVER_TO_ARRANGEMENT,UNCERTAIN,W103091406,10.1007/bf01796903,1988,European Journal of Population / Revue européenne de Démographie,article,False,no_url,,Recent trends in family and household composition in europe
W2_library_proxy,T5_link1,descriptive,LINK1_DRIVER_TO_ARRANGEMENT,UNCERTAIN,W2314373327,10.1017/s0145553200017545,1996,Social Science History,article,False,no_url,,"The Age at Leaving Home in the United States, 1850–1860"
W2_library_proxy,T5_link1,descriptive,LINK1_DRIVER_TO_ARRANGEMENT,UNCERTAIN,W4200347062,10.1093/oxfordhb/9780192894199.013.35,2021,Oxford University Press eBooks,book-chapter,False,no_url,,The Economics of Households in South Africa
W2_library_proxy,T5_link1,descriptive,LINK1_DRIVER_TO_ARRANGEMENT,UNCERTAIN,W2166588940,10.1111/j.1728-4457.2012.00533.x,2012,Population and Development Review,article,False,no_url,,The Family Context of Cohabitation and Single Motherhood in Latin America
W2_library_proxy,T5_link1,descriptive,LINK1_DRIVER_TO_ARRANGEMENT,UNCERTAIN,W2293138037,10.3138/jcfs.20.3.291,1989,Journal of Comparative Family Studies,article,False,no_url,,The Relationship Between Age and Household Type in Sri Lanka
W2_library_proxy,T5_link1,descriptive,LINK1_DRIVER_TO_ARRANGEMENT,UNCERTAIN,W2499169646,10.7208/chicago/9780226748924.003.0002,2005,,book-chapter,False,no_url,,The Transition to Adulthood During the Twentieth Century
W2_library_proxy,T5_link1,descriptive,LINK1_DRIVER_TO_ARRANGEMENT,UNCERTAIN,W1993563210,10.1080/0032472031000145916,1991,Population Studies,article,False,no_url,,Transitions in Young Adulthood in Great Britain
W2_library_proxy,T5_link1,descriptive,LINK1_DRIVER_TO_ARRANGEMENT,UNCERTAIN,W4249855535,10.18356/039c540a-en,2006,Social panorama of Latin America,book-chapter,False,no_url,,"Trends in different family structures, by type of household and stage of the family life cycle"
W2_library_proxy,T5_link1,descriptive,LINK1_ARRANGEMENT_TO_UNION,UNCERTAIN,W2012011868,10.2307/1534530,1997,Population,article,False,no_url,,Vivre en couple chacun chez soi
W2_library_proxy,T5_link1,descriptive,LINK1_DRIVER_TO_ARRANGEMENT,UNCERTAIN,W4300073648,10.46692/9781847423061.006,2009,,other,False,no_url,,Working age: safety nets and housing
W2_library_proxy,T6_theory_stream,identified,THEORY,UNCERTAIN,W2505529149,10.1017/cbo9781139164832.016,2002,Cambridge University Press eBooks,book-chapter,False,no_url,,"Case studies 3 and 4: the Old Poor Law in England and leaving home in the United States, 1850–1860"
W2_library_proxy,T6_theory_stream,cannot_tell,THEORY,UNCERTAIN,W3014887195,10.1007/978-3-030-35079-6_15,2020,International handbooks of population,book-chapter,False,no_url,,Multigenerational Households: A Descriptive Approach to Distinctive Definitions
W2_library_proxy,T6_theory_stream,descriptive,THEORY,NOT_RELEVANT,W4387676257,10.47417/yar.2023.97.5,2023,The Yeongnam Archaeological Society,article,False,no_url,,Bronze Age House Extension and Socioeconomic Significance
W2_library_proxy,T6_theory_stream,descriptive,THEORY,UNCERTAIN,W4321607439,10.1093/oxfordhb/9780197518151.013.4,2023,Oxford University Press eBooks,book-chapter,False,no_url,,Changing Families in Europe
W2_library_proxy,T6_theory_stream,descriptive,THEORY,UNCERTAIN,W4247323056,10.4324/9780203783696-6,2014,,book-chapter,False,no_url,,Changing families
W2_library_proxy,T6_theory_stream,descriptive,THEORY,UNCERTAIN,W1536198000,10.1002/9781118320990.ch23,2013,,other,False,no_url,,Demographic Change and Its Impact on Relationships in Japan and East Asia
W2_library_proxy,T6_theory_stream,descriptive,THEORY,UNCERTAIN,W2029999566,10.5860/choice.38-5193,2001,Choice Reviews Online,book-review,False,no_url,,Family and household in medieval England
W2_library_proxy,T6_theory_stream,descriptive,THEORY,UNCERTAIN,W2051881756,10.1016/j.hisfam.2006.11.007,2006,The History of the Family,article,False,no_url,,Family reproduction and stem-family system: From Pyrenean valleys to Norwegian farms
W2_library_proxy,T6_theory_stream,descriptive,THEORY,UNCERTAIN,W2031544910,10.2307/1972800,1981,Population and Development Review,article,False,no_url,,"Fertility, Economy, and Household Formation in England over Three Centuries"
W2_library_proxy,T6_theory_stream,descriptive,THEORY,UNCERTAIN,W2070846032,10.1177/036319908701200108,1987,Journal of Family History,article,False,no_url,,"Hajnal and the Household in Asia: a Comparativist History of the Family in Preindustrial Japan, 1600-1870"
W2_library_proxy,T6_theory_stream,descriptive,THEORY,UNCERTAIN,W1672530991,10.1177/036319909301800203,1993,Journal of Family History,article,False,no_url,,Household Forms and Living Standards in Preindustrial France: From Models to Realities
W2_library_proxy,T6_theory_stream,descriptive,THEORY,NOT_RELEVANT,W3205793986,10.1002/9781119399919.eahaa00434,2021,The Encyclopedia of Ancient History,reference-entry,False,no_url,,"Houses, Housing, Household Formation, Pharaonic Egypt"
W2_library_proxy,T6_theory_stream,descriptive,THEORY,UNCERTAIN,W2313698633,10.3406/adh.1988.1690,1988,Annales de Démographie Historique,article,False,no_url,,Le fonctionnement de la famille-souche dans les Baronnies des Pyrénées avant 1914
W2_library_proxy,T6_theory_stream,descriptive,THEORY,UNCERTAIN,W7130564578,10.1017/9781009641470,2026,Cambridge University Press eBooks,book,False,no_url,,"Life, Death, and Migration in the Early Modern City"
W2_library_proxy,T6_theory_stream,descriptive,THEORY,UNCERTAIN,W4377249920,10.5871/bacad/9780197267356.003.0009,2022,British Academy eBooks,book-chapter,False,no_url,,"Marriage, Motherhood, and Mobility in Bronze and Iron Age Central Europe"
W2_library_proxy,T6_theory_stream,descriptive,THEORY,UNCERTAIN,W2028062743,10.1080/03057079708708547,1997,Journal of Southern African Studies,article,False,no_url,,"Men, migration, and households in Botswana: an exploration of connections over time and space"
W2_library_proxy,T6_theory_stream,descriptive,THEORY,UNCERTAIN,W4301657077,10.1515/9781503624689,2004,Stanford University Press eBooks,book,False,no_url,,Only Hope
W2_library_proxy,T6_theory_stream,descriptive,THEORY,UNCERTAIN,W3000670880,10.1163/15685268-00211p03,2019,NAN Nü,article,False,no_url,,Reforming Social Customs through Law: Dynamics and Discrepancies in the Nationalist Reform of the Adoptive Daughter-in-Law
W2_library_proxy,T6_theory_stream,descriptive,THEORY,UNCERTAIN,W2496985430,10.1093/acprof:oso/9780199578092.001.0001,2009,Oxford University Press eBooks,book,False,no_url,,Understanding Chinese Families
W2_library_proxy,T6_theory_stream,theory,THEORY,UNCERTAIN,W3135535268,10.1525/9780520322943-004,1984,,book-chapter,False,no_url,,1. Households: Changing Forms and Functions
W2_library_proxy,T6_theory_stream,theory,THEORY,UNCERTAIN,W2072436544,10.1017/s0140525x09991749,2010,Behavioral and Brain Sciences,article,False,no_url,,Are humans cooperative breeders?: Most studies of natural fertility populations do not support the grandmother hypothesis
W2_library_proxy,T6_theory_stream,theory,THEORY,UNCERTAIN,W1499437518,10.1016/s1573-4471(07)04051-x,2007,Handbook of development economics,book-chapter,False,no_url,,Chapter 51 Household Formation and Marriage Markets in Rural Areas
W2_library_proxy,T6_theory_stream,theory,THEORY,UNCERTAIN,W1979899036,10.2307/2137684,1996,Population and Development Review,article,False,no_url,,Comparing Family Systems in Europe and Asia: Are There Different Sets of Rules?
W2_library_proxy,T6_theory_stream,theory,THEORY,UNCERTAIN,W2277451663,10.1086/jar.34.3.3629786,1978,Journal of Anthropological Research,article,False,no_url,,Domestic Development Cycles as a Link between Population Processes and Other Social Processes
W2_library_proxy,T6_theory_stream,theory,THEORY,UNCERTAIN,W4244279677,10.1002/9781119085621.wbefs008,2016,Encyclopedia of Family Studies,reference-entry,False,no_url,,Empty Nest
W2_library_proxy,T6_theory_stream,theory,THEORY,UNCERTAIN,W1968320354,10.2307/350128,1970,Journal of Marriage and the Family,article,False,no_url,,Extended Family Structure and Fertility: Some Conceptual and Methodological Issues
W2_library_proxy,T6_theory_stream,theory,THEORY,UNCERTAIN,W2003926454,10.2307/1972899,1983,Population and Development Review,article,False,no_url,,Fertility and Economic Change in Eighteenth and Nineteenth Century Europe: A Comment
W2_library_proxy,T6_theory_stream,theory,THEORY,UNCERTAIN,W2045594767,10.2307/1973136,1987,Population and Development Review,article,False,no_url,,Household Formation in Developed Societies
W2_library_proxy,T6_theory_stream,theory,THEORY,UNCERTAIN,W2024827095,10.1007/s00148-009-0254-7,2009,Journal of Population Economics,article,False,no_url,,Household division of labor and cross-country differences in household formation rates
W2_library_proxy,T6_theory_stream,theory,THEORY,UNCERTAIN,W4298359026,10.4324/9781315131085-1,2017,,book-chapter,False,no_url,,Introduction and Overview
W2_library_proxy,T6_theory_stream,theory,THEORY,UNCERTAIN,W2487801235,10.1017/cbo9780511582868.011,1997,Cambridge University Press eBooks,book-chapter,False,no_url,,Population growth and the family
W2_library_proxy,T6_theory_stream,theory,THEORY,UNCERTAIN,W2205570910,10.1007/s00148-015-0580-x,2015,Journal of Population Economics,article,False,no_url,,"Relational contracts for household formation, fertility choice and separation"
W2_library_proxy,T6_theory_stream,theory,THEORY,UNCERTAIN,W2138444624,10.1177/0363199015584472,2015,Journal of Family History,article,False,no_url,,Residence Patterns and Demographic Constraints
W2_library_proxy,T6_theory_stream,theory,THEORY,UNCERTAIN,W2037792764,10.2307/2060023,1970,Demography,article,False,no_url,,Some demographic determinants of average household size: An analytic approach
W2_library_proxy,T6_theory_stream,theory,THEORY,UNCERTAIN,W2089050930,10.1177/106939717601100402,1976,Cross-Cultural Research,article,False,no_url,,Structural Variability in Stem Family Development Cycles: A Simulation Approach
W2_library_proxy,T6_theory_stream,theory,THEORY,UNCERTAIN,W4247793371,10.4324/9781315131085,2017,,book,False,no_url,,The Boomerang AGE
W2_library_proxy,T6_theory_stream,theory,THEORY,UNCERTAIN,W2027393511,10.1353/his.2011.0029,2011,Histoire sociale,article,False,no_url,,"The Stem Family in Eurasian Perspective. Revisiting House Societies, 17 th -20 th centuries (review)"
W2_library_proxy,T6_theory_stream,theory,THEORY,UNCERTAIN,W612288200,10.5860/choice.43-6209,2006,Choice Reviews Online,book-review,False,no_url,,The boomerang age: transitions to adulthood in families
W2_library_proxy,T6_theory_stream,theory,THEORY,UNCERTAIN,W2067927006,10.1093/oep/gpv033,2015,Oxford Economic Papers,article,False,no_url,,The decline in average family size and its implications for the average benefits of within‐household sharing
W2_library_proxy,T6_theory_stream,theory,THEORY,UNCERTAIN,W4380787417,10.4324/9781003413233-3,2023,,book-chapter,False,no_url,,The developmental cycle: phases (i) and (ii)
W2_library_proxy,T6_theory_stream,theory,THEORY,UNCERTAIN,W2066948096,10.2307/1972376,1982,Population and Development Review,article,False,no_url,,Two Kinds of Preindustrial Household Formation System
W3_librarian,T1_wall1_packet,observational,MIXED_PRICE_ARRANGEMENT,UNCERTAIN,W7111954011,,2016,,dissertation,False,no_url,,A study on the characteristic of Household Living Arrangements in Taipei Metropolitan Area
W3_librarian,T1_wall1_packet,observational,MIXED_PRICE_ARRANGEMENT,UNCERTAIN,W299825115,,2012,eScholarship (California Digital Library),dissertation,False,no_url,,The Dynamics of Participation in Subsidized Housing Programs in the U.S.
W3_librarian,T2_primary_relevant,observational,PRIMARY_PRELAUNCH,RELEVANT,W328333377,,1993,PubMed,article,False,no_url,,A policy-oriented analysis of fertility behaviors and attitudes in Japan.
W3_librarian,T2_primary_relevant,observational,PRIMARY_EXTENDED_COUPLE,RELEVANT,W2993336192,,2013,Rénkǒu xuékān,article,False,no_url,,Effects of Ethnic Composition and Living with In-laws on Fertility of Foreign Wives in Korea: An Analysis of Neighborhood Effects
W3_librarian,T2_primary_relevant,observational,PRIMARY_EXTENDED_COUPLE,RELEVANT,W1157407606,,2012,OakTrust (Texas A&M University Libraries),dissertation,True,route_blocked,https://hdl.handle.net/1969.1/148218,"Family Structure, Marital Fertility and Premarital Sex among Married and Never-Married Women in Contemporary China"
W3_librarian,T2_primary_relevant,observational,PRIMARY_EXTENDED_COUPLE,RELEVANT,W3172333757,,1988,Deep Blue (University of Michigan),dissertation,False,no_url,,"Family structure, marriage and fertility in Hong Kong: Demographic effects of the changing Chinese family."
W3_librarian,T2_primary_relevant,observational,PRIMARY_EXTENDED_COUPLE,RELEVANT,W7112036870,,,RePEc: Research Papers in Economics,preprint,False,no_url,,"Grandparents """"on Board"""":How They Translateinto the Number of Their Young Grandchildren"
W3_librarian,T2_primary_relevant,observational,PRIMARY_PRELAUNCH,RELEVANT,W2783195760,,2017,KTH Publication Database DiVA (KTH Royal Institute of Technology),dissertation,True,empty_or_tiny,http://urn.kb.se/resolve?urn=urn:nbn:se:su:diva-151453,Home-leaving and Parenthood : Timing of home-leaving and the relation to childbearing behavior in Sweden
W3_librarian,T2_primary_relevant,observational,PRIMARY_PRELAUNCH,RELEVANT,W3000613627,,2019,RePEc: Research Papers in Economics,preprint,False,no_url,,Household precariousness and youth living arrangements in Spain: evidence for a complete business cycle
W3_librarian,T2_primary_relevant,observational,PRIMARY_EXTENDED_COUPLE,RELEVANT,W1517043275,,2010,,article,False,no_url,,"Husbands, Wives, and In-Laws: Family Dynamics and Childbearing Behavior in Nepal."
W3_librarian,T2_primary_relevant,observational,PRIMARY_PRELAUNCH,RELEVANT,W3122781396,,2019,RePEc: Research Papers in Economics,article,False,no_url,,"Independencia Residencial, Dedicación Laboral Y Fertilidad De Los Jóvenes Españoles. Un Análisis Por Comunidades Autónomas"
W3_librarian,T2_primary_relevant,observational,PRIMARY_PRELAUNCH,RELEVANT,W3011464401,,2019,Revista de estudios regionales,article,False,no_url,,Independencia residencial y dedicación laboral de los jóvenes españoles: Un análisis por Comunidades Autónomas
W3_librarian,T2_primary_relevant,observational,PRIMARY_PRELAUNCH,RELEVANT,W2186886523,,2013,,article,False,no_url,,The Problematic Transition to Adulthood in Italy. A Comparison Before and After the Beginning of the Global Crisis
W3_librarian,T2_primary_relevant,observational,PRIMARY_EXTENDED_COUPLE,RELEVANT,W2311727426,,1991,PubMed,other,False,no_url,,[[A hazard analysis of birth timing in Japan since the 1960s]].
W3_librarian,T2_primary_relevant,descriptive,PRIMARY_PRELAUNCH,RELEVANT,W833207267,,2013,ScholarWorks@BGSU (Bowling Green State University),article,True,route_blocked,https://scholarworks.bgsu.edu/ncfmr_family_profiles/15,"FP-13-01 Coresident vs. Non-Coresident Young Adults, 2011"
W3_librarian,T3_primary_uncertain,observational,PRIMARY_PRELAUNCH,UNCERTAIN,W2616563020,,1993,OhioLink ETD Center (Ohio Library and Information Network),article,True,empty_or_tiny,http://rave.ohiolink.edu/etdc/view?acc_num=osu1487844485896055,"Transitions to adulthood among young women: The sequencing of nest-leaving, marriage, and first birth /"
W3_librarian,T3_primary_uncertain,observational,PRIMARY_EXTENDED_COUPLE,UNCERTAIN,W1464774063,,1993,PubMed,other,False,no_url,,[Cohort fertility and the Cigno model].
W3_librarian,T3_link1_identified,identified,LINK1_DRIVER_TO_ARRANGEMENT,UNCERTAIN,W7132477828,,,RePEc: Research Papers in Economics,preprint,False,no_url,,Long-term effects of historical inheritance customs on household formation and gender disparities
W3_librarian,T3_link1_identified,identified,LINK1_DRIVER_TO_ARRANGEMENT,UNCERTAIN,W2190851637,,2015,RePEc: Research Papers in Economics,preprint,True,route_blocked,http://hdl.handle.net/10419/124999,Old-Age Pension and Intergenerational Living Arrangements
W3_librarian,T4_insufficient_resolve_at_retrieval,cannot_tell,INSUFFICIENT_INFO,UNCERTAIN,W3127076315,,2000,VUBIR (Vrije Universiteit Brussel),article,False,no_url,,"Europe's demographic issues: fertility, household formation and replacement migration"
W3_librarian,T5_link1,observational,LINK1_DRIVER_TO_ARRANGEMENT,UNCERTAIN,W1538235994,,2012,,dissertation,False,no_url,,A life course perspective on social and family formation transitions to adulthood of young men and women in Mexico
W3_librarian,T5_link1,observational,LINK1_DRIVER_TO_ARRANGEMENT,UNCERTAIN,W2730253612,,2015,Retraite et société,article,False,no_url,,Coresidence between Adult Family Members: A Form of Reciprocal Support
W3_librarian,T5_link1,observational,LINK1_DRIVER_TO_ARRANGEMENT,UNCERTAIN,W2615035708,,2012,HAL (Le Centre pour la Communication Scientifique Directe),preprint,True,route_blocked,https://sciencespo.hal.science/hal-03460098,Do Transitions to Adulthood Converge in Europe? An Optimal Matching Analysis of Work-Family Trajectories of Young Adults from 20 European Countries 
W3_librarian,T5_link1,observational,LINK1_DRIVER_TO_ARRANGEMENT,UNCERTAIN,W2755272857,,2016,한국사회학회 사회학대회 논문집,article,False,no_url,,Do We Coreside with Parents and Children Shorter than Before
W3_librarian,T5_link1,observational,LINK1_DRIVER_TO_ARRANGEMENT,UNCERTAIN,W2925771555,,2019,UTUPub (University of Turku),dissertation,True,route_blocked,http://www.utupub.fi/handle/10024/146993,Economic difficulties during the transition into adulthood in Finland : a register-based study
W3_librarian,T5_link1,observational,LINK1_DRIVER_TO_ARRANGEMENT,UNCERTAIN,W2592120746,,2017,Dialnet (Universidad de la Rioja),article,False,no_url,,El retorno al hogar de los padres en las diferentes etapas de la vida en Francia
W3_librarian,T5_link1,observational,LINK1_DRIVER_TO_ARRANGEMENT,UNCERTAIN,W3000317536,,2019,KTH Publication Database DiVA (KTH Royal Institute of Technology),dissertation,True,empty_or_tiny,http://urn.kb.se/resolve?urn=urn:nbn:se:su:diva-164767,"Essays on Family Dynamics : Partnering, Fertility and Divorce in Sweden"
W3_librarian,T5_link1,observational,LINK1_DRIVER_TO_ARRANGEMENT,UNCERTAIN,W2188777280,,2009,,article,False,no_url,,Home is where the heart is: living arrangements of young adults in Brazil. *
W3_librarian,T5_link1,observational,LINK1_DRIVER_TO_ARRANGEMENT,UNCERTAIN,W68439634,,1992,Lincoln (University of Nebraska),dissertation,False,no_url,,Home leaving behavior of American youth
W3_librarian,T5_link1,observational,LINK1_DRIVER_TO_ARRANGEMENT,UNCERTAIN,W2595350878,,2016,Data Archiving and Networked Services (DANS),article,True,route_blocked,https://pure.knaw.nl/portal/en/publications/e68e83c9-4659-4f01-bc49-da45b42e0d70,Inequality in demographic behaviour. How important are parents
W3_librarian,T5_link1,observational,LINK1_ARRANGEMENT_TO_UNION,UNCERTAIN,W48229534,,2011,Dialnet (Universidad de la Rioja),article,True,empty_or_tiny,https://dialnet.unirioja.es/descarga/articulo/3686402.pdf,Las mujeres jóvenes y la formación de uniones en España
W3_librarian,T5_link1,observational,LINK1_DRIVER_TO_ARRANGEMENT,UNCERTAIN,W2319864265,,1995,,article,False,no_url,,Leaving the nest? The impact of family structure.
W3_librarian,T5_link1,observational,LINK1_DRIVER_TO_ARRANGEMENT,UNCERTAIN,W50396128,,2011,KTH Publication Database DiVA (KTH Royal Institute of Technology),dissertation,True,empty_or_tiny,http://urn.kb.se/resolve?urn=urn:nbn:se:uu:diva-152725,Livets händelser i glesbygd och tätbygd : En livsbanestudie av ålderskohorten 1968–1971
W3_librarian,T5_link1,observational,LINK1_DRIVER_TO_ARRANGEMENT,UNCERTAIN,W2297174073,,1988,PubMed,article,False,no_url,,Marriage process and household formation in Bolivia and Argentina: the impact of migration in a peasant society.
W3_librarian,T5_link1,observational,LINK1_DRIVER_TO_ARRANGEMENT,UNCERTAIN,W7164729557,,2026,HAL (Le Centre pour la Communication Scientifique Directe),preprint,False,no_url,,"Migrations de travail et structure des ménages au Tadjikistan, 2012-2023"
W3_librarian,T5_link1,observational,LINK1_DRIVER_TO_ARRANGEMENT,UNCERTAIN,W2387494833,,2012,Renkou yu fazhan,article,False,no_url,,Reseach on Relation of Family and Living Arrangements of First Generation of Marriaged Only-child
W3_librarian,T5_link1,observational,LINK1_DRIVER_TO_ARRANGEMENT,UNCERTAIN,W2468061303,,1998,Sociologische Gids,article,False,no_url,,"Sociale herkomst, opvattingen over relaties en gezin en leefvormkeuzes van jongvolwassenen : Resultaten van een panelstudie"
W3_librarian,T5_link1,observational,LINK1_DRIVER_TO_ARRANGEMENT,UNCERTAIN,W2941825002,,2019,LA Referencia (Red Federada de Repositorios Institucionales de Publicaciones Científicas),dissertation,True,route_blocked,http://hdl.handle.net/10803/666224,The diversity of union and fertility trajectories in the uk
W3_librarian,T5_link1,observational,LINK1_DRIVER_TO_ARRANGEMENT,UNCERTAIN,W2804736300,,1999,University of New Hampshire Scholars Repository (University of New Hampshire at Manchester),article,False,no_url,,When does gender matter? Explaining the transition to adulthood as a gendered process
W3_librarian,T5_link1,observational,LINK1_DRIVER_TO_ARRANGEMENT,UNCERTAIN,W2214623197,,1990,PubMed,other,False,no_url,,[Determinants of leaving the parental home].
W3_librarian,T5_link1,observational,LINK1_DRIVER_TO_ARRANGEMENT,UNCERTAIN,W2277933580,,1991,PubMed,other,False,no_url,,[The impact of divorced parents on women's demographic behavior].
W3_librarian,T5_link1,observational,LINK1_DRIVER_TO_ARRANGEMENT,UNCERTAIN,W2285485404,,1996,PubMed,other,False,no_url,,[The impact of parental divorce on the relationships of young adults].
W3_librarian,T5_link1,observational,LINK1_ARRANGEMENT_TO_UNION,UNCERTAIN,W2119470718,,1991,PubMed,other,False,no_url,,[[Coresidence with parents and marriage in modern Japan]].
W3_librarian,T5_link1,observational,LINK1_DRIVER_TO_ARRANGEMENT,UNCERTAIN,W2291372229,,2003,,article,False,no_url,,應用「華人家庭動態資料庫」探討台灣地區新家戶形成之研究
W3_librarian,T5_link1,descriptive,LINK1_DRIVER_TO_ARRANGEMENT,UNCERTAIN,W2134744416,,2007,RePEc: Research Papers in Economics,preprint,False,no_url,,"""Midlife Crises"": Understanding the Changing Nature of Relationships in Middle Age Canadian Families"
W3_librarian,T5_link1,descriptive,LINK1_DRIVER_TO_ARRANGEMENT,UNCERTAIN,W2219327400,,1988,PubMed,article,False,no_url,,A model study on changes and development of urban family structure in China.
W3_librarian,T5_link1,descriptive,LINK1_DRIVER_TO_ARRANGEMENT,UNCERTAIN,W1511295519,,1999,,article,False,no_url,,Age-Uniformity in Life Course Transitions: What Does the 1995 GSS Tell US?
W3_librarian,T5_link1,descriptive,LINK1_DRIVER_TO_ARRANGEMENT,UNCERTAIN,W2948999932,,2018,한국보건사회연구원 eBooks,book,False,no_url,,Changes in Family Attitudes and Behaviors in East Asia: A Comparative Perspective
W3_librarian,T5_link1,descriptive,LINK1_DRIVER_TO_ARRANGEMENT,UNCERTAIN,W1551946969,,2002,RePEc: Research Papers in Economics,preprint,False,no_url,,"Demographic Patterns from the 1960s in France, Italy, Spain and Portugal"
W3_librarian,T5_link1,descriptive,LINK1_DRIVER_TO_ARRANGEMENT,UNCERTAIN,W1563226853,,2003,RePEc: Research Papers in Economics,preprint,False,no_url,,"Demographic Patterns in Europe. A review of Austria, Germany, The Netherlands, Estonia, Latvia, and Lithuania"
W3_librarian,T5_link1,descriptive,LINK1_DRIVER_TO_ARRANGEMENT,UNCERTAIN,W377232973,,2000,Kluwer Academic Publishers eBooks,book,False,no_url,,Diversity in family formation : the 2nd demographic transition in Belgium and the Netherlands
W3_librarian,T5_link1,descriptive,LINK1_DRIVER_TO_ARRANGEMENT,UNCERTAIN,W791998002,,2007,Scholarship@Western (Western University),article,True,route_blocked,https://ir.lib.uwo.ca/cgi/viewcontent.cgi?article=1016&context=pscpapers,Emerging Youth Transition Patterns in Canada: Opportunities and Risks
W3_librarian,T5_link1,descriptive,LINK1_DRIVER_TO_ARRANGEMENT,UNCERTAIN,W3158218977,,2018,LA Referencia (Red Federada de Repositorios Institucionales de Publicaciones Científicas),book-chapter,True,route_blocked,http://ddd.uab.cat/record/220493,Families in Asia : a cross-national comparison of household-size and co-residence
W3_librarian,T5_link1,descriptive,LINK1_DRIVER_TO_ARRANGEMENT,UNCERTAIN,W2063837481,,1999,Medical Entomology and Zoology,book,False,no_url,,Fertility and Family Surveys in countries of the ECE region. Standard country report: Spain.
W3_librarian,T5_link1,descriptive,LINK1_DRIVER_TO_ARRANGEMENT,UNCERTAIN,W1986821578,,1997,Medical Entomology and Zoology,book,False,no_url,,Fertility and family surveys in countries of the ECE region : standard country report : The Netherlands
W3_librarian,T5_link1,descriptive,LINK1_DRIVER_TO_ARRANGEMENT,UNCERTAIN,W1963915627,,1998,United Nations eBooks,book,False,no_url,,Fertility and family surveys in countries of the ECE region. Standard country report: Latvia.
W3_librarian,T5_link1,descriptive,LINK1_DRIVER_TO_ARRANGEMENT,UNCERTAIN,W2060819383,,1996,Medical Entomology and Zoology,book,False,no_url,,Fertility and family surveys in countries of the ECE region. Standard country report: Norway.
W3_librarian,T5_link1,descriptive,LINK1_DRIVER_TO_ARRANGEMENT,UNCERTAIN,W1984348714,,1997,Medical Entomology and Zoology,book,False,no_url,,Fertility and family surveys in countries of the ECE region: standard country report Poland.
W3_librarian,T5_link1,descriptive,LINK1_DRIVER_TO_ARRANGEMENT,UNCERTAIN,W4300617429,,1992,PubMed,article,False,no_url,,Fertility in the Netherlands.
W3_librarian,T5_link1,descriptive,LINK1_DRIVER_TO_ARRANGEMENT,UNCERTAIN,W4311836751,,2007,DOAJ (DOAJ: Directory of Open Access Journals),article,True,route_blocked,https://doaj.org/article/062c6683a00d47aa8f288b4c58fe4931,Generations and Gender Survey (GGS): Towards a Better Understanding of Relationships and Processes in the Life Course
W3_librarian,T5_link1,descriptive,LINK1_DRIVER_TO_ARRANGEMENT,UNCERTAIN,W583092066,,,RePEc: Research Papers in Economics,article,False,no_url,,HETEROGENEITY OF PATHWAYS TO ADULTHOOD IN ITALY
W3_librarian,T5_link1,descriptive,LINK1_DRIVER_TO_ARRANGEMENT,UNCERTAIN,W7113720926,,1979,UNM’s Digital Repository (University of New Mexico),article,False,no_url,,"Historical Demography in the Aland Islands, Finland: The Size and Composition of Households and Families in the Parishes of Finstrom and Kokar from 17"
W3_librarian,T5_link1,descriptive,LINK1_DRIVER_TO_ARRANGEMENT,UNCERTAIN,W47717626,,1978,PubMed,article,False,no_url,,Household and family in Canada: a general review of recent demographic trends.
W3_librarian,T5_link1,descriptive,LINK1_DRIVER_TO_ARRANGEMENT,UNCERTAIN,W1915343530,,2012,한국사회학,article,False,no_url,,"Intergenerational Living Arrangements of Young Married Women in Korea, Japan and China"
W3_librarian,T5_link1,descriptive,LINK1_DRIVER_TO_ARRANGEMENT,UNCERTAIN,W2168115777,,2003,,article,False,no_url,,Negotiating the Life Course: Changes in individual and family transitions
W3_librarian,T5_link1,descriptive,LINK1_DRIVER_TO_ARRANGEMENT,UNCERTAIN,W1898234533,,2015,Scholarship@Western (Western University),conference-paper,True,route_blocked,https://ir.lib.uwo.ca/cgi/viewcontent.cgi?article=1048&context=pclc_conf,Pathways to Adulthood in Uruguay
W3_librarian,T5_link1,descriptive,LINK1_DRIVER_TO_ARRANGEMENT,UNCERTAIN,W2753294240,,2017,,dissertation,False,no_url,,Produženi život mladih s roditeljima
W3_librarian,T5_link1,descriptive,LINK1_DRIVER_TO_ARRANGEMENT,UNCERTAIN,W1883581858,,2000,,article,False,no_url,,Recent trends in fertility and household formation in the industrialized world.
W3_librarian,T5_link1,descriptive,LINK1_DRIVER_TO_ARRANGEMENT,UNCERTAIN,W1500840433,,1990,Econstor (Econstor),report,True,route_blocked,http://hdl.handle.net/10419/160538,THE TREND AND THE MODEL SCHEDULE OF LEAVING THE PARENTAL HOME AFTER MARRIAGE IN CHINA
W3_librarian,T5_link1,descriptive,LINK1_DRIVER_TO_ARRANGEMENT,UNCERTAIN,W28670017,,2004,ScholarWorks@UMassAmherst (University of Massachusetts Amherst),dissertation,False,no_url,,The launch pad: Middle class families and the transition to college
W3_librarian,T5_link1,descriptive,LINK1_DRIVER_TO_ARRANGEMENT,UNCERTAIN,W7133285592,,2026,Digital Repository (National Repository of Grey Literature),dissertation,False,no_url,,The situation of young people in South Korea in the context of changes in the age structure
W3_librarian,T5_link1,descriptive,LINK1_DRIVER_TO_ARRANGEMENT,UNCERTAIN,W1518735238,,1998,Scholarship@Western (Western University),article,True,route_blocked,https://ir.lib.uwo.ca/cgi/viewcontent.cgi?article=1120&context=pscpapers,Trends and Variations in the Early Life Courses of Canadian Men
W3_librarian,T5_link1,descriptive,LINK1_DRIVER_TO_ARRANGEMENT,UNCERTAIN,W2738588363,,2012,Rénkǒu xuékān,article,False,no_url,,"Young Generations, Partnership and Life Stages. Opinions and Attitudes in the Czech Republic"
W3_librarian,T5_link1,descriptive,LINK1_ARRANGEMENT_TO_UNION,UNCERTAIN,W2147827267,,1991,,article,False,no_url,,Young people leaving home
W3_librarian,T5_link1,descriptive,LINK1_DRIVER_TO_ARRANGEMENT,UNCERTAIN,W2229570387,,1981,PubMed,other,False,no_url,,[A study regarding estimates of the trends in the family life cycle in Korea: 1935-1975 (author's transl)].
W3_librarian,T5_link1,descriptive,LINK1_DRIVER_TO_ARRANGEMENT,UNCERTAIN,W2205976936,,1994,PubMed,article,False,no_url,,[Changes in the demographic life course].
W3_librarian,T5_link1,descriptive,LINK1_DRIVER_TO_ARRANGEMENT,UNCERTAIN,W2185169628,,1994,PubMed,other,False,no_url,,[Children become adults].
W3_librarian,T5_link1,descriptive,LINK1_ARRANGEMENT_TO_UNION,UNCERTAIN,W2993165404,,1991,PubMed,article,False,no_url,,[Coresidence with parents and marriage in recent Japan. Comment].
W3_librarian,T5_link1,descriptive,LINK1_DRIVER_TO_ARRANGEMENT,UNCERTAIN,W2230937163,,1983,PubMed,other,False,no_url,,"[Developments in the number and structure of households, 1970-1980]."
W3_librarian,T5_link1,descriptive,LINK1_DRIVER_TO_ARRANGEMENT,UNCERTAIN,W2310460772,,1996,PubMed,other,False,no_url,,"[Household changes in Japan: major findings of the Third National Survey, 1994]."
W3_librarian,T6_theory_stream,observational,THEORY,UNCERTAIN,W2572989871,,2016,Socio-Environmental Systems Modeling,book,True,route_blocked,https://research.wur.nl/en/publications/diverging-pathways-sibling-differences-in-marriage-timing-in-a-co,"Diverging pathways? Sibling differences in marriage timing in a commercialized rural region of the Netherlands, 1860-1940"
W3_librarian,T6_theory_stream,observational,THEORY,UNCERTAIN,W2097461901,,2010,,article,False,no_url,,Pathways to Reproduction in Pre-transitional Europe: A Sequential Approach
W3_librarian,T6_theory_stream,observational,THEORY,UNCERTAIN,W2899884890,,2020,Lund University Publications (Lund University),report,False,no_url,,Windows of opportunity for status attainment in Southern Europe: family impact and industrialization on the individual career in Catalonia (nineteenth
W3_librarian,T6_theory_stream,descriptive,THEORY,UNCERTAIN,W215359068,,2000,KTH Publication Database DiVA (KTH Royal Institute of Technology),dissertation,True,empty_or_tiny,http://urn.kb.se/resolve?urn=urn:nbn:se:umu:diva-60822,'Att blifva sin egen' : ungdomars väg in i vuxenlivet i 1700- och 1800-talens övre Norrland
W3_librarian,T6_theory_stream,descriptive,THEORY,UNCERTAIN,W7164243343,,2012,Institutional Repositories DataBase (IRDB),article,True,empty_or_tiny,https://stars.repo.nii.ac.jp/record/483/files/%E6%B8%85%E6%B0%B4%E7%94%B1%E6%96%87.pdf,Household Structure of Co. Meath in Ireland at the Early 20th Century
W3_librarian,T6_theory_stream,descriptive,THEORY,UNCERTAIN,W7164248348,,2012,Institutional Repositories DataBase (IRDB),article,True,empty_or_tiny,https://stars.repo.nii.ac.jp/records/472,Population and Family Structures of the City of Dublin in the Early 20th Century
W3_librarian,T6_theory_stream,descriptive,THEORY,UNCERTAIN,W1503750539,,2015,Institutional Repositories DataBase (IRDB),article,True,empty_or_tiny,https://stars.repo.nii.ac.jp/records/447,The Structure of Irish Households of Early 20th Century: Comparing Results for Co. Clare and Co. Meath
W3_librarian,T6_theory_stream,descriptive,THEORY,UNCERTAIN,W1547117390,,2009,RePEc: Research Papers in Economics,preprint,False,no_url,,Understanding Chinese Families: A Comparative Study of Taiwan and Southeast China
W3_librarian,T6_theory_stream,descriptive,THEORY,UNCERTAIN,W2285449440,,1996,PubMed,article,False,no_url,,"[Infant and child mortality, marital fertility, and family economy among peasants in Navarre (1860-1930)]."
W3_librarian,T6_theory_stream,theory,THEORY,UNCERTAIN,W2280651352,,1991,PubMed,article,False,no_url,,"A Chinese female postnuptial leaving home model--a procedure for analyzing main parameters alpha and beta in the setting up, testing and estimation of"
W3_librarian,T6_theory_stream,theory,THEORY,UNCERTAIN,W2262465129,,1989,PubMed,article,False,no_url,,Effects of changing demographic factors upon women's family status in China: a model of a family status life table and its application.
W3_librarian,T6_theory_stream,theory,THEORY,UNCERTAIN,W2274237292,,1979,PubMed,article,False,no_url,,Family type and fertility: a review of literature.
W3_librarian,T6_theory_stream,theory,THEORY,UNCERTAIN,W3125976104,,2008,RePEc: Research Papers in Economics,preprint,False,no_url,,Household Formation and Marriage Markets in Rural Areas
W3_librarian,T6_theory_stream,theory,THEORY,UNCERTAIN,W2307638903,,1984,PubMed,article,False,no_url,,Primogeniture and fertility: fertility models with unequal bequest.
W3_librarian,T6_theory_stream,theory,THEORY,UNCERTAIN,W234496859,,1986,Scholarship@Western (Western University),article,False,no_url,,The Demographic Modeling Of Household Cycles: Analytical And Microsimulation Approaches
