doi,openalex,year,type,venue,cited_by,title,prescreen_rule,provisional_cell,first_found_round,ra_verdict,ra_note
10.1007/s11113-024-09865-8,W4392854776,2024,article,Population Research and Policy Review,14,Housing Affordability Crisis and Delayed Fertility: Evidence from the USA,affordability,AFFORDABILITY_RATIO,1,,
10.3390/su16219352,W4403835493,2024,article,Sustainability,5,"Housing Inclusion Perspective: The Causal Structure of Housing Cost Burden, Fertility Intentions, and Social Housing in Urban China",affordability,AFFORDABILITY_RATIO,1,,
10.1007/s12546-025-09402-0,W4414514095,2025,article,Journal of Population Research,4,Does urban housing affordability affect fertility in China,affordability,AFFORDABILITY_RATIO,3,,
10.13060/00380288.2009.45.6.02,W2167640214,2009,article,Czech Sociological Review,3,Housing Affordability in Czech Regions and Demographic Behaviour - Does Housing Affordability Impact Fertility?,affordability,AFFORDABILITY_RATIO,2,,
10.17208/jkpa.2024.08.59.4.159,W4403174972,2024,article,국토계획,2,Does the Housing Cost Burden Affect Fertility Intention of Public Housing Residents?: Focusing on the Effect of Rent to Income Ratio,affordability,AFFORDABILITY_RATIO,2,,
10.2478/bjreecm-2023-0007,W4383268449,2023,article,Baltic Journal of Real Estate Economics and Construction Management,2,Study of the Impact of Housing Affordability on the Fertility Rate in Bulgaria (2014–2021): A Regional Aspect,affordability,AFFORDABILITY_RATIO,1,,
10.54691/fq8w9z48,W4406483225,2025,article,Frontiers in Humanities and Social Sciences,1,The Impact of Housing Price-to-Income Ratio on Fertility Rate,affordability,AFFORDABILITY_RATIO,3,,
10.22459/crgmp.2024.08,W4405308010,2024,book-chapter,ANU Press eBooks,0,The trend in China’s urban housing affordability and its impact on the total fertility rate,affordability,AFFORDABILITY_RATIO,4,,
10.1007/s13524-013-0216-2,W2069584552,2013,article,Demography,116,Interrelationships Between Childbearing and Housing Transitions in the Family Life Course,mobility_context,HOUSING_ONLY_MECHANISM,1,,
10.1016/j.alcr.2014.01.001,W1973953484,2014,article,Advances in Life Course Research,104,"Residential context, migration and fertility in a modern urban society",mobility_context,HOUSING_ONLY_MECHANISM,2,,
10.1068/a44558,W1986885532,2012,article,Environment and Planning A Economy and Space,70,Residential Mobility of Urban Middle Classes in the Field of Parenthood,mobility_context,HOUSING_ONLY_MECHANISM,2,,
10.1007/s13524-017-0592-0,W2736179794,2017,article,Demography,57,Fertility Intentions and Residential Relocations,mobility_context,HOUSING_ONLY_MECHANISM,2,,
10.4054/demres.2016.35.54,W2564508074,2016,article,Demographic Research,22,Fertility expectations and residential mobility in Britain,mobility_context,HOUSING_ONLY_MECHANISM,2,,
10.2307/2060634,W2046117869,1972,article,Demography,19,"Residence background, migration, and fertility",mobility_context,HOUSING_ONLY_MECHANISM,4,,
10.14301/llcs.v5i2.276,W2114399866,2014,article,Longitudinal and Life Course Studies,18,Holistic housing pathways for Australian families through the childbearing years,mobility_context,HOUSING_ONLY_MECHANISM,2,,
10.1002/psp.2265,W2962698112,2019,article,Population Space and Place,13,Fertility intention‐induced relocation: The mediating role of housing markets,mobility_context,HOUSING_ONLY_MECHANISM,2,,
10.1002/psp.2367,W3048871367,2020,article,Population Space and Place,11,Residential mobility of couples around family formation in the Netherlands: Stated and revealed preferences,mobility_context,HOUSING_ONLY_MECHANISM,2,,
10.6107/jkha.2024.35.3.013,W4400427936,2024,article,Journal of the Korean housing association,2,Changes in Housing Satisfaction and Fertility Intentions of Married Young Households After Moving into Public Rental Housing,mobility_context,HOUSING_ONLY_MECHANISM,4,,
10.1080/00324728.2025.2478929,W4409119166,2025,article,Population Studies,1,"Belonging to the neighbourhood, residential mobility, and the transition to parenthood",mobility_context,HOUSING_ONLY_MECHANISM,2,,
10.17208/jkpa.2026.06.61.3.23,W7168258898,2026,article,국토계획,0,"Dynamic Interactions among Net Migration of Women of Childbearing Age, Female Employment, Housing Prices, and Fertility: A Comparison between the Capital and Non-Capital Regions",mobility_context,HOUSING_ONLY_MECHANISM,1,,
10.20473/jbk.v12i2.2023.219-229,W4388913919,2023,article,Jurnal Biometrika dan Kependudukan,0,"AGE AT MIGRATION, DURATION OF RESIDENCE, AND FERTILITY AMONG FEMALE MIGRANTS INTO JAVA",mobility_context,HOUSING_ONLY_MECHANISM,4,,
10.1093/rfs/hhaa073,W3007987552,2020,article,Review of Financial Studies,28,The Babies of Mortgage Market Deregulation,credit_treatment,OFF_CREDIT_C3e,1,,
10.17016/ifdp.2005.847,W1597793728,2005,article,International Finance Discussion Paper,28,The Baby Boom: Predictability in House Prices and Interest Rates,credit_treatment,OFF_CREDIT_C3e,5,,
10.1093/restud/rdad034,W3122498213,2023,article,The Review of Economic Studies,17,Monetary Policy and Birth Rates: The Effect of Mortgage Rate Pass-Through on Fertility,credit_treatment,OFF_CREDIT_C3e,1,,
10.3390/jrfm15090403,W4295539930,2022,article,Journal of risk and financial management,7,"Interest Rates, House Prices, Fertility, and the Macroeconomy",credit_treatment,OFF_CREDIT_C3e,1,,
10.2139/ssrn.4473936,W4381108710,2023,preprint,SSRN Electronic Journal,4,"More Credit, Fewer Babies? Bank Credit Expansion, House Price, and Fertility",credit_treatment,OFF_CREDIT_C3e,1,,
10.2139/ssrn.6213441,W7128532933,2026,preprint,SSRN Electronic Journal,0,"More Credit, More Babies? Bank Credit Expansion, House Prices, and Fertility",credit_treatment,OFF_CREDIT_C3e,1,,
10.30902/jrea.2025.11.2.41,W4413296757,2025,article,Journal of Real Estate Analysis,0,The Impact of Parental Homeownership on Children’s Housing Stability and Childbirth Decisions,living_arrangement,OFF_LIVING_ARRANGEMENT_A23,1,,
10.1186/s12905-022-01626-z,W4225684899,2022,article,BMC Women s Health,7,Fertility awareness and subclinical infertility among women trying to get pregnant at home,clinical_or_nonhousing,OFF_OTHER,4,,
10.1186/s12978-024-01795-0,W4395046133,2024,article,Reproductive Health,1,Validation and measurement properties of the Male and Female Fertility Knowledge Inventories (MFKI and FFKI) in Iranian couples,clinical_or_nonhousing,OFF_OTHER,4,,
10.1289/ehp.1308049,W2075965707,2014,article,Environmental Health Perspectives,269,Residential Greenness and Birth Outcomes: Evaluating the Influence of Spatially Correlated Built-Environment Factors,birth_outcome_health,OFF_OUTCOME,5,,
10.1016/j.ufug.2014.09.004,W1986268178,2014,review,Urban forestry & urban greening,135,Association between residential greenness and birth weight: Systematic review and meta-analysis,birth_outcome_health,OFF_OUTCOME,5,,
10.1037/0278-6133.19.6.524,W2052676161,2000,article,Health Psychology,123,Severity of homelessness and adverse birth outcomes.,birth_outcome_health,OFF_OUTCOME,5,,
10.1016/j.envres.2020.110599,W3110821609,2020,review,Environmental Research,111,Residential greenness and birth outcomes: A systematic review and meta-analysis of observational studies,birth_outcome_health,OFF_OUTCOME,5,,
10.1016/j.envint.2016.03.020,W2330661807,2016,article,Environment International,98,"Maternal residential proximity to major roadways, birth weight, and placental DNA methylation",birth_outcome_health,OFF_OUTCOME,5,,
10.1016/j.envres.2016.10.003,W2531747060,2016,article,Environmental Research,92,Associations between residential greenness and birth outcomes across Texas,birth_outcome_health,OFF_OUTCOME,5,,
10.3390/ijerph17228659,W3109526654,2020,article,International Journal of Environmental Research and Public Health,85,Severe Housing Insecurity during Pregnancy: Association with Adverse Birth and Infant Outcomes,birth_outcome_health,OFF_OUTCOME,5,,
10.1016/j.envres.2018.01.006,W2792988416,2018,article,Environmental Research,75,Residential green space and birth outcomes in a coastal setting,birth_outcome_health,OFF_OUTCOME,4,,
10.1016/s0277-9536(96)00332-2,W2063032485,1997,article,Social Science & Medicine,75,Is nondashmetropolitan residence a risk factor for poor birth outcome in the U.S.?,birth_outcome_health,OFF_OUTCOME,5,,
10.1007/s11524-014-9913-4,W2067859916,2014,article,Journal of Urban Health,69,Housing Instability and Birth Weight among Young Urban Mothers,birth_outcome_health,OFF_OUTCOME,4,,
10.1016/j.scitotenv.2019.05.019,W2942743929,2019,article,The Science of The Total Environment,64,"Associations of residential greenness, traffic noise, and air pollution with birth outcomes across Alpine areas",birth_outcome_health,OFF_OUTCOME,5,,
10.1016/j.ecoenv.2021.111915,W3119613587,2021,article,Ecotoxicology and Environmental Safety,50,Residential greenness and birth outcomes: Evaluating the mediation and interaction effects of particulate air pollution,birth_outcome_health,OFF_OUTCOME,5,,
10.1377/hlthaff.2019.00090,W2943169415,2019,article,Health Affairs,48,"Infants Exposed To Homelessness: Health, Health Care Use, And Health Spending From Birth To Age Six",birth_outcome_health,OFF_OUTCOME,5,,
10.1186/s12942-018-0160-x,W2903378260,2018,article,International Journal of Health Geographics,42,Residential green space and pathways to term birth weight in the Canadian Healthy Infant Longitudinal Development (CHILD) Study,birth_outcome_health,OFF_OUTCOME,4,,
10.1016/j.envint.2020.105793,W3024077753,2020,article,Environment International,37,"The associations of residential greenness with fetal growth in utero and birth weight: A birth cohort study in Beijing, China",birth_outcome_health,OFF_OUTCOME,5,,
10.3390/ijerph16214154,W2981826617,2019,article,International Journal of Environmental Research and Public Health,32,"Effects of Maternal Homelessness, Supplemental Nutrition Programs, and Prenatal PM2.5 on Birthweight",birth_outcome_health,OFF_OUTCOME,5,,
10.1016/j.envres.2021.112344,W3209394201,2021,article,Environmental Research,28,Residential proximity to greenness and adverse birth outcomes in urban areas: Findings from a national Canadian population-based study,birth_outcome_health,OFF_OUTCOME,5,,
10.1016/j.scitotenv.2023.169549,W4390141886,2023,article,The Science of The Total Environment,25,"Association of residential greenness, air pollution with adverse birth outcomes: Results from 61,762 mother‑neonatal pairs in project ELEFANT (2011–2021)",birth_outcome_health,OFF_OUTCOME,5,,
10.1093/ije/dyaa158,W3097420009,2020,article,International Journal of Epidemiology,20,Changes in residential greenness between pregnancies and birth outcomes: longitudinal evidence from Michigan births 1990--2012,birth_outcome_health,OFF_OUTCOME,5,,
10.1111/jan.15684,W4380576599,2023,article,Journal of Advanced Nursing,14,Housing instability: Exploring socioecological influences on the health of birthing people,birth_outcome_health,OFF_OUTCOME,5,,
10.1016/j.ajogmf.2021.100391,W3161241988,2021,article,American Journal of Obstetrics & Gynecology MFM,12,Residential proximity to tree canopy and preterm birth in Black women,birth_outcome_health,OFF_OUTCOME,5,,
10.1016/j.chemosphere.2023.139917,W4386034333,2023,article,Chemosphere,11,Residential greenspace counteracts PM2.5 on the risks of preterm birth subtypes: A multicenter study,birth_outcome_health,OFF_OUTCOME,5,,
10.1093/aje/kwae436,W4404512450,2024,article,American Journal of Epidemiology,5,"Prenatal exposure to residential greenness, fetal growth, and birth outcomes: a cohort study in New York City",birth_outcome_health,OFF_OUTCOME,5,,
10.1186/s12302-024-00869-x,W4391964963,2024,article,Environmental Sciences Europe,3,Associations of residential greenness exposure during early pregnancy with the risk of spontaneous abortion: the China Birth Cohort Study,birth_outcome_health,OFF_OUTCOME,5,,
10.1016/j.ecoenv.2026.119778,W7125615550,2026,article,Ecotoxicology and Environmental Safety,0,"Residential greenness exposure and preterm birth and small for gestational age: potential association, interaction with fine particle matter and mediation role of systemic immune inflammation",birth_outcome_health,OFF_OUTCOME,5,,
10.1186/s12940-026-01268-w,W7127138701,2026,article,Environmental Health,0,The role of housing instability in the association between ambient temperature and preterm birth,birth_outcome_health,OFF_OUTCOME,5,,
10.1007/978-3-030-58085-8_6,W3198912915,2021,book-chapter,,0,The Complex Issues of the Perinatal Woman Experiencing Homelessness,birth_outcome_health,OFF_OUTCOME,5,,
10.1016/j.chieco.2020.101496,W3028664058,2020,article,China Economic Review,98,"House price, fertility rates and reproductive intentions",price_channel,PRIMARY_COST_RENTER,1,,
10.1111/j.1465-7295.2009.00213.x,W2081775216,2010,article,Economic Inquiry,76,THE EFFECT OF HOUSE PRICE ON FERTILITY: EVIDENCE FROM HONG KONG,price_channel,PRIMARY_COST_RENTER,3,,
10.1016/j.jpubeco.2013.09.009,W3024244835,2013,article,Journal of Public Economics,67,House prices and birth rates: The impact of the real estate market on the decision to have a baby,price_channel,PRIMARY_COST_RENTER,1,,
10.1080/17538963.2013.764675,W2088698809,2012,article,China Economic Journal,49,Housing price and fertility rate,price_channel,PRIMARY_COST_RENTER,3,,
10.1177/0160017620922885,W3023795878,2020,article,International Regional Science Review,48,Do House Prices Affect Fertility Behavior in China? An Empirical Examination,price_channel,PRIMARY_COST_RENTER,1,,
10.1016/j.jpubeco.2021.104366,W3037455063,2021,article,Journal of Public Economics,46,"Home prices, fertility, and early-life health outcomes",price_channel,PRIMARY_COST_RENTER,1,,
10.1016/j.habitatint.2011.10.006,W1965997003,2011,article,Habitat International,43,"Housing price, elderly dependency and fertility behaviour",price_channel,PRIMARY_COST_RENTER,1,,
10.5018/economics-ejournal.ja.2019-38,W3121393843,2015,article,DOAJ (DOAJ: Directory of Open Access Journals),32,The Effect of House Prices on Fertility: Evidence from Canada,price_channel,PRIMARY_COST_RENTER,1,,
10.1016/j.regsciurbeco.2023.103920,W4381095472,2023,article,Regional Science and Urban Economics,21,Do housing booms reduce fertility intentions? Evidence from the new two-child policy in China,price_channel,PRIMARY_COST_RENTER,1,,
10.2139/ssrn.2846173,W2527731065,2016,preprint,SSRN Electronic Journal,19,Short-Term Effects of House Prices on Birth Rates,price_channel,PRIMARY_COST_RENTER,1,,
10.1016/j.habitatint.2015.12.010,W2201551507,2015,article,Habitat International,19,"Fertility rate, inter-generation wealth transfer and housing price in China: A theoretical and empirical study based on the overlapping generation model",price_channel,PRIMARY_COST_RENTER,4,,
10.1002/psp.2413,W3116580741,2020,article,Population Space and Place,16,"Housing costs, self‐employment, and fertility",price_channel,PRIMARY_COST_RENTER,1,,
10.1002/psp.2787,W4395481274,2024,article,Population Space and Place,14,House prices and fertility: Can the Dutch housing crisis explain the post‐2010 fertility decline?,price_channel,PRIMARY_COST_RENTER,1,,
10.1016/j.econmod.2015.10.047,W2219227931,2015,article,Economic Modelling,13,Fertility and female wages: A new link via house prices,price_channel,PRIMARY_COST_RENTER,1,,
10.15709/hswr.2016.36.1.118,W2563198282,2016,article,Health and Social Welfare Review,11,Housing Price and the Level and Timing of Fertility in Korea: An Empirical Analysis of 16 Cities and Provinces,price_channel,PRIMARY_COST_RENTER,1,,
,W2212981967,2013,article,Romanian Journal of Economic Forecasting,7,Does Housing Cost Affect Birth Rates in Taiwan? The ADL test for Threshold Co-integration.,price_channel,PRIMARY_COST_RENTER,4,,
10.1016/j.labeco.2024.102572,W4399107829,2024,article,Labour Economics,6,"Do surging house prices discourage fertility? Global evidence, 1870–2012",price_channel,PRIMARY_COST_RENTER,1,,
10.17208/jkpa.2018.02.53.1.137,W2791040498,2018,article,국토계획,6,The Impact of Regional Housing Price on Marital Status and Childbirth,price_channel,PRIMARY_COST_RENTER,2,,
10.1177/02685809241257863,W4399789370,2024,article,International Sociology,5,Housing prices and family fertility decision-making in China: Effect and mechanism,price_channel,PRIMARY_COST_RENTER,1,,
10.5934/kjhe.2020.29.5.765,W3099296090,2020,article,Korean Journal of Human Ecology,5,The Effects of the Housing Price and Provision on the Total Fertility Rate in Seoul,price_channel,PRIMARY_COST_RENTER,1,,
,W2365616508,2008,article,China Economic Quarterly,5,Increasing Housing Prices and Secular Fertility Decline in Hong Kong,price_channel,PRIMARY_COST_RENTER,3,,
10.24957/hsr.2018.26.2.163,W2811389373,2018,article,Korean Association for Housing Policy Studies,5,The Effects of Regional Housing Prices on the Age at Marriage and the Timing of First and Second Childbirths,price_channel,PRIMARY_COST_RENTER,4,,
10.1007/s10680-025-09754-6,W4416223623,2025,article,European Journal of Population / Revue européenne de Démographie,4,"Rising House Prices, Falling Fertility? How Rising House Prices Widen Fertility Differences between Tenure Groups",price_channel,PRIMARY_COST_RENTER,1,,
10.1080/13504851.2023.2186350,W4322772855,2023,article,Applied Economics Letters,3,The impacts of house prices on floating population’s fertility intentions – evidence from China,price_channel,PRIMARY_COST_RENTER,1,,
10.1007/s11150-024-09748-z,W4404938240,2024,article,Review of Economics of the Household,3,"Housing prices, social security, and fertility rate",price_channel,PRIMARY_COST_RENTER,1,,
10.46557/001c.22334,W3163496378,2021,article,Asian Economics Letters,3,House Prices and China’s Birth Rate: A Note,price_channel,PRIMARY_COST_RENTER,1,,
10.3390/su15043093,W4319786688,2023,article,Sustainability,2,How Do House Prices and Financial Expenditure Affect Birth Rate? New Evidence from the Dynamic Threshold Panel Model,price_channel,PRIMARY_COST_RENTER,2,,
10.37407/kres.2023.41.1.141,W4362575793,2023,article,대한부동산학회지,2,The Impact of Regional Income and Housing Price on Fertility Rate,price_channel,PRIMARY_COST_RENTER,4,,
,W3027228649,2020,report,Munich Personal RePEc Archive (Ludwig Maximilian University of Munich),2,House prices and fertility in South Africa: A spatial econometric analysis,price_channel,PRIMARY_COST_RENTER,4,,
10.2139/ssrn.4808554,W4395680672,2024,preprint,SSRN Electronic Journal,1,The Effect of House Prices on Fertility: Evidence from House Purchase Restrictions,price_channel,PRIMARY_COST_RENTER,1,,
10.1080/14445921.2008.11104264,W2088033259,2008,article,Pacific Rim Property Research Journal,1,Is New Zealand Facing a Baby Boomer Housing Bust?,price_channel,PRIMARY_COST_RENTER,5,,
10.54254/2754-1169/3/2022854,W4376171468,2023,article,Advances in Economics Management and Political Sciences,0,Under Pressure: How Do Housing Prices and Income Affect Birth Preference in China,price_channel,PRIMARY_COST_RENTER,1,,
10.1051/shsconf/202317801004,W4387876593,2023,conference-paper,SHS Web of Conferences,0,Research on the influence of house price to income ratio on female fertility intention and countermeasures – Research proof based on stata,price_channel,PRIMARY_COST_RENTER,1,,
10.2139/ssrn.3438830,W3161899463,2019,preprint,SSRN Electronic Journal,0,Housing Booms and Busts and Family Formation of Young Generations,price_channel,PRIMARY_COST_RENTER,1,,
10.1007/978-981-96-3236-7_25,W4409177854,2025,conference-paper,Applied economics and policy studies,0,Impact of Housing Prices on Fertility Rates in China: An Empirical Analysis,price_channel,PRIMARY_COST_RENTER,1,,
10.33423/jabe.v23i6.4646,W4200505139,2021,article,Journal of Applied Business and Economics,0,The Impact of Housing Prices on Birth Rates in China,price_channel,PRIMARY_COST_RENTER,1,,
10.1007/978-981-97-0172-8_8,W4399918973,2024,book-chapter,,0,What Influences Fertility Plans of China’s Migrant Populations? Mechanism Analysis Based on House Prices Perspective,price_channel,PRIMARY_COST_RENTER,3,,
10.1007/978-981-99-6441-3_92,W4387428114,2023,conference-paper,Applied economics and policy studies,0,Research on the Birth Inhibition Effect of House Prices in China-A Tianjin-Beijing-Hebei Regional Case Study,price_channel,PRIMARY_COST_RENTER,4,,
10.52344/hfr.2025.9.2.69,W7124295374,2025,article,Housing Finance Research,0,Analysis on the Direct and Indirect Effects of Housing Price Changes on Birth,price_channel,PRIMARY_COST_RENTER,4,,
10.2991/icmess-18.2018.173,W2884660070,2018,conference-paper,"Proceedings of the 2018 2nd International Conference on Management, Education and Social Science (ICMESS 2018)",0,A Study of the Spatio-Temporal Correlation of Housing Prices and Fertility Rate in China,price_channel,PRIMARY_COST_RENTER,4,,
10.2139/ssrn.1098847,W2159782469,2008,preprint,SSRN Electronic Journal,20,"Do Higher Rents Discourage Fertility? Evidence from US Cities, 1940-2000",rent_identified,PRIMARY_COST_RENT_IDENTIFIED,3,,
10.1080/00779954.2016.1199591,W2470035674,2016,article,New Zealand Economic Papers,16,The effect of the price or rental cost of housing on family size: a theoretical analysis with reference to New Zealand,rent_identified,PRIMARY_COST_RENT_IDENTIFIED,1,,
10.17208/jkpa.2022.10.57.5.136,W4308203433,2022,article,국토계획,5,The Effect of Public Rental Housing on Birth Interval of Newlyweds and Policy Implications,rent_identified,PRIMARY_COST_RENT_IDENTIFIED,4,,
10.1016/j.regsciurbeco.2008.08.002,W3023836900,2008,article,Regional Science and Urban Economics,2,"Do higher rents discourage fertility? Evidence from U.S. cities, 1940–2000",rent_identified,PRIMARY_COST_RENT_IDENTIFIED,3,,
10.1080/17516234.2026.2704701,W7169552806,2026,article,Journal of Asian Public Policy,0,Fertility intention and household consumption patterns among public rental housing residents: evidence from Seoul,rent_identified,PRIMARY_COST_RENT_IDENTIFIED,2,,
10.2139/ssrn.6274479,W7134116679,2026,preprint,SSRN Electronic Journal,0,"Working from Home, Land Rents, and Fertility",rent_identified,PRIMARY_COST_RENT_IDENTIFIED,4,,
10.4054/demres.2007.17.26,W2132599910,2007,article,Demographic Research,155,Fertility differences by housing type,space_quantity,PRIMARY_SPACE_QUANTITY,2,,
10.1002/psp.1716,W2125780906,2012,article,Population Space and Place,137,A Home to Plan the First Child? Fertility Intentions and Housing Conditions in Italy,space_quantity,PRIMARY_SPACE_QUANTITY,1,,
10.1086/225997,W2086486830,1975,article,American Journal of Sociology,40,The Fertility-Inhibiting Effect of Crowded Apartment Living in a Tight Housing Market,space_quantity,PRIMARY_SPACE_QUANTITY,2,,
10.4054/mpidr-wp-2007-014,W3121328306,2007,report,,35,Fertility differences by housing type: an effect of housing conditions or of selective moves?,space_quantity,PRIMARY_SPACE_QUANTITY,2,,
10.1007/s10834-011-9256-1,W2018346121,2011,article,Journal of Family and Economic Issues,14,The Crowding-out Effect of Homeownership on Fertility,space_quantity,PRIMARY_SPACE_QUANTITY,2,,
,W315042448,1977,article,Sociology and social research,13,"Mobility, Fertility, and Residential Crowding.",space_quantity,PRIMARY_SPACE_QUANTITY,4,,
10.2307/2061200,W2093798293,1978,article,Demography,12,"The relationship between apartment living and fertility for blacks, Mexican-Americans, and other Americans in Racine, Wisconsin",space_quantity,PRIMARY_SPACE_QUANTITY,3,,
10.1515/zfsoz-2014-0205,W1705785736,2014,article,Zeitschrift für Soziologie,7,Geburten und die Wohnraumversorgung von Familien: Anpassungen der Wohnung im zeitlichen Verlauf / Childbirth and Room Stress among Families: Housing Adjustments over Time,space_quantity,PRIMARY_SPACE_QUANTITY,2,,
10.25336/p6wc98,W1878609795,2010,article,Canadian Studies in Population,3,A Room to Grow: The Residential Density-Dependence of Childbearing in Europe and the United States,space_quantity,PRIMARY_SPACE_QUANTITY,1,,
10.17208/jkpa.2025.04.60.2.58,W4410568762,2025,article,국토계획,3,The Effect of Population Density on Regional Fertility Rates : Focus on the Influence of Housing Prices and Employment,space_quantity,PRIMARY_SPACE_QUANTITY,4,,
10.12677/orf.2022.123112,W4292263755,2022,article,Operations Research and Fuzziology,1,The Influence of Housing Conditions on Childbearing Willingness of Childbearing Age Groups—Empirical Analysis from CSS2019 Data,space_quantity,PRIMARY_SPACE_QUANTITY,2,,
10.1080/02673031003711469,W2037422701,2010,article,Housing Studies,196,Homeownership Regimes and Low Fertility,wealth_channel,PRIMARY_WEALTH_OWNER,2,,
10.1080/14036096.2020.1846610,W3108309680,2020,article,Housing Theory and Society,119,The Death and Life of Private Landlordism: How Financialized Homeownership Gave Birth to the Buy-To-Let Market,wealth_channel,PRIMARY_WEALTH_OWNER,5,,
10.1016/j.jhe.2021.101787,W3175165566,2021,article,Journal of Housing Economics,81,"Housing wealth, fertility intentions and fertility",wealth_channel,PRIMARY_WEALTH_OWNER,1,,
10.1080/02673037.2018.1509949,W2888636906,2018,article,Housing Studies,66,"Family formation, parental background and young adults’ first entry into homeownership in Britain and Germany",wealth_channel,PRIMARY_WEALTH_OWNER,2,,
10.1007/s00148-021-00879-6,W3217487213,2021,article,Journal of Population Economics,50,Housing wealth and fertility: evidence from China,wealth_channel,PRIMARY_WEALTH_OWNER,1,,
10.1080/08111140802301773,W2166438357,2008,article,Urban Policy and Research,37,"Baby-boomers, Baby-busters and the Lost Generation: Generational Fractures in Japan's Homeowner Society",wealth_channel,PRIMARY_WEALTH_OWNER,2,,
10.1080/02673037.2018.1541441,W2906619267,2018,article,Housing Studies,32,Intergenerational financial transfers and indirect reciprocity: determinants of the reproduction of homeownership in the post-socialist Czech Republic,wealth_channel,PRIMARY_WEALTH_OWNER,4,,
10.1215/00703370-9420322,W3133039346,2021,article,Demography,30,The Changing Association Between Homeownership and the Transition to Parenthood,wealth_channel,PRIMARY_WEALTH_OWNER,1,,
10.1016/j.cities.2021.103277,W3168749274,2021,article,Cities,25,"Homeownership out of reach? Intergenerational transfers and homeownership reproduction in middle class families in Rome, Italy",wealth_channel,PRIMARY_WEALTH_OWNER,1,,
10.1080/02673037.2022.2108382,W4294869853,2022,article,Housing Studies,24,Homeownership and fertility intentions among migrant population in urban China,wealth_channel,PRIMARY_WEALTH_OWNER,1,,
10.1177/00420980211040947,W3196317587,2021,article,Urban Studies,23,Generational variations in the timing of entry into homeownership in Shanghai: The role of family formation and family of origin,wealth_channel,PRIMARY_WEALTH_OWNER,2,,
10.1016/j.jhealeco.2024.102915,W4400391089,2024,article,Journal of Health Economics,15,"Housing wealth, fertility and children's health in China: A regression discontinuity design",wealth_channel,PRIMARY_WEALTH_OWNER,1,,
10.1177/01600176211066472,W4206976708,2022,article,International Regional Science Review,15,Impacts of Housing Booms on Fertility in China: A Perspective From Homeownership,wealth_channel,PRIMARY_WEALTH_OWNER,1,,
10.4054/demres.2021.44.43,W3163840349,2021,article,Demographic Research,10,US baby boomers’ homeownership trajectories across the life course: A Sequence Analysis approach,wealth_channel,PRIMARY_WEALTH_OWNER,5,,
,W2227602512,2015,article,Economics bulletin,9,The Effects of Housing Wealth on Fertility Decisions: Evidence from Japan,wealth_channel,PRIMARY_WEALTH_OWNER,1,,
10.3386/w30743,W4311207666,2022,report,National Bureau of Economic Research,8,"The Effect of Financial Resources on Homeownership, Marriage, and Fertility: Evidence from State Lotteries",wealth_channel,PRIMARY_WEALTH_OWNER,1,,
10.1007/s11150-016-9355-8,W1693336056,2017,article,Review of Economics of the Household,8,The asymmetric housing wealth effect on childbirth,wealth_channel,PRIMARY_WEALTH_OWNER,1,,
,W2616510210,2017,preprint,RePEc: Research Papers in Economics,7,Housing Wealth and Fertility: Australian Evidence,wealth_channel,PRIMARY_WEALTH_OWNER,1,,
10.1080/02673037.2022.2100326,W4288514217,2022,article,Housing Studies,5,Comparing regional patterns of homeownership entry across four British birth cohorts,wealth_channel,PRIMARY_WEALTH_OWNER,2,,
10.1215/00703370-11680975,W4404965472,2024,article,Demography,3,The Longevity Benefits of Homeownership: Evidence From Early Twentieth-Century U.S. Male Birth Cohorts,wealth_channel,PRIMARY_WEALTH_OWNER,4,,
10.1007/s12546-023-09308-9,W4378192062,2023,article,Journal of Population Research,2,Homeownership pathways and fertility in urban China,wealth_channel,PRIMARY_WEALTH_OWNER,1,,
10.53383/100334,W4280562027,2022,article,International Real Estate Review,2,"Housing Wealth, Fertility, and Child Quality",wealth_channel,PRIMARY_WEALTH_OWNER,1,,
10.21203/rs.3.rs-8107843/v1,W4417115105,2025,preprint,Research Square,1,"The interconnection of homeownership, marriage and childbearing in the life courses of young male and female adults, by country of origin and generation in Sweden",wealth_channel,PRIMARY_WEALTH_OWNER,2,,
10.19172/kreaa.30.3.3,W4402894640,2024,article,부동산학연구,1,The Effect of Housing Wealth on Fertility among Home-Owning Households,wealth_channel,PRIMARY_WEALTH_OWNER,5,,
10.1007/978-3-032-30881-8_60,W7169191591,2026,book-chapter,,0,Homeownership and Transition to Parenthood in Italy,wealth_channel,PRIMARY_WEALTH_OWNER,1,,
10.7454/jessd.v6i1.1145,W4385496510,2023,article,Journal of Environmental Science and Sustainable Development,0,LIVING ARRANGEMENT AND HOMEOWNERSHIP IMPACTS ON FERTILITY INTENTION TO ACHIEVE THE SUSTAINABLE DEVELOPMENT GOALS,wealth_channel,PRIMARY_WEALTH_OWNER,1,,
10.2139/ssrn.4476426,W4380303650,2023,preprint,SSRN Electronic Journal,0,"Two-Child Policy, Housing Wealth Stratification and Multi-Child Birth Rate",wealth_channel,PRIMARY_WEALTH_OWNER,1,,
10.1162/rest_a_00266,W2035671284,2012,article,The Review of Economics and Statistics,328,Do Family Wealth Shocks Affect Fertility Choices? Evidence from the Housing Market,reverse_direction,REVERSE,1,,
10.1111/j.1467-9485.2012.00590.x,W1967177494,2012,article,Scottish Journal of Political Economy,25,"Fertility Cycles, Age Structure and Housing Demand",reverse_direction,REVERSE,2,,
10.1007/s10680-009-9205-y,W1873806396,2010,article,European Journal of Population / Revue européenne de Démographie,25,Low Fertility and the Housing Market: Evidence from Swedish Regional Data,reverse_direction,REVERSE,4,,
10.2139/ssrn.1544607,W1578574739,2010,preprint,SSRN Electronic Journal,14,Do Family Wealth Shocks Affect Fertility Choices? Evidence from the Housing Market Boom and Bust,reverse_direction,REVERSE,1,,
,W2998507442,2018,dissertation,The Sydney eScholarship Repository (The University of Sydney),4,Fertility and Housing Market: Australian Evidence,reverse_direction,REVERSE,4,,
10.1016/j.jue.2025.103812,W4415292321,2025,article,Journal of Urban Economics,2,Impact of fertility relaxation on the housing market outcomes,reverse_direction,REVERSE,1,,
10.1016/j.econmod.2025.107125,W4410513801,2025,article,Economic Modelling,2,Long-run effects of super low fertility on housing markets,reverse_direction,REVERSE,5,,
10.2139/ssrn.2388449,W169530874,2014,preprint,SSRN Electronic Journal,1,The Effect of Gender Wages and Working Age Populations on Fertility and House Prices,reverse_direction,REVERSE,1,,
10.15396/eres2014_163,W3125434135,2014,conference-paper,,1,The effects of fertility rates and dependency rates on housing prices,reverse_direction,REVERSE,4,,
10.2139/ssrn.5208139,W4410111576,2025,preprint,SSRN Electronic Journal,0,"No room, no baby boom -the impact of housing markets on fertility",reverse_direction,REVERSE,1,,
10.1007/s10901-006-9050-9,W2065377959,2006,article,Journal of Housing and the Built Environment,195,Home-ownership and family formation,unmatched,UNCERTAIN_NEEDS_SCREEN,1,,
10.1023/a:1010706308868,W1509700920,2001,article,European Journal of Population / Revue européenne de Démographie,162,The Connections between Family Formation and First-time Home Ownership in the Context of West Germany and the Netherlands,unmatched,UNCERTAIN_NEEDS_SCREEN,1,,
10.3386/w2794,W2125000112,1988,report,National Bureau of Economic Research,136,"The Baby Boom, The Baby Bust, and the Housing Market",unmatched,UNCERTAIN_NEEDS_SCREEN,4,,
10.1080/02673037.2021.1893279,W3136414866,2021,article,Housing Studies,118,"Housing and fertility: a macro-level, multi-country investigation, 1993-2017",unmatched,UNCERTAIN_NEEDS_SCREEN,1,,
10.1080/01944360701802006,W2066905718,2008,article,Journal of the American Planning Association,118,Aging Baby Boomers and the Generational Housing Bubble: Foresight and Mitigation of an Epic Transition,unmatched,UNCERTAIN_NEEDS_SCREEN,4,,
10.1177/019791839002400102,W2058041186,1990,article,International Migration Review,116,Duration of Residence in the United States and the Fertility of U.S. Immigrants,unmatched,UNCERTAIN_NEEDS_SCREEN,4,,
10.31235/osf.io/89gcu,W4254487345,2019,preprint,,101,The influence of housing on family size in South Korea: Unstable housing and parity specific risk,unmatched,UNCERTAIN_NEEDS_SCREEN,1,,
10.1111/j.1741-3737.2001.01099.x,W2160815018,2001,article,Journal of Marriage and the Family,89,Marital Quality Ten Years After the Transition to Parenthood: Implications of the Timing of Parenthood and the Division of Housework,unmatched,UNCERTAIN_NEEDS_SCREEN,4,,
10.1093/oxfordjournals.esr.a036390,W2532821622,1985,article,European Sociological Review,84,Housing tenure and family formation in contemporary Britain,unmatched,UNCERTAIN_NEEDS_SCREEN,1,,
10.1016/j.ssresearch.2018.12.016,W2905019702,2018,article,Social Science Research,84,Reproduction of social inequality through housing: A three-generational study from Norway,unmatched,UNCERTAIN_NEEDS_SCREEN,4,,
10.1007/s00148-010-0345-5,W2089747765,2010,article,Journal of Population Economics,80,Housing and children: simultaneous decisions?—a cohort study of young adults’ housing and family formation decision,unmatched,UNCERTAIN_NEEDS_SCREEN,1,,
10.4054/demres.2012.27.1,W2099386106,2012,article,Demographic Research,79,Do women delay family formation in expensive housing markets?,unmatched,UNCERTAIN_NEEDS_SCREEN,1,,
10.1093/esr/jch009,W2022859842,2004,article,European Sociological Review,76,"Labour Market Position, Intergenerational Transfers and Home-ownership: A Longitudinal Analysis for West German Birth Cohorts",unmatched,UNCERTAIN_NEEDS_SCREEN,2,,
10.1002/psp.2289,W2983123230,2019,article,Population Space and Place,73,Fertility intentions of having a second child among the floating population in China: Effects of socioeconomic factors and home ownership,unmatched,UNCERTAIN_NEEDS_SCREEN,1,,
10.1177/0042098018775363,W2801066682,2018,article,Urban Studies,73,Inter-generational housing inequalities: ‘Baby Boomers’ versus the ‘Millennials’,unmatched,UNCERTAIN_NEEDS_SCREEN,4,,
10.1016/j.ajogmf.2021.100477,W3198716814,2021,review,American Journal of Obstetrics & Gynecology MFM,72,Housing instability and adverse perinatal outcomes: a systematic review,unmatched,UNCERTAIN_NEEDS_SCREEN,5,,
10.4054/demres.2015.32.30,W1989575737,2015,article,Demographic Research,71,"What is your couple type? Gender ideology, housework sharing, and babies",unmatched,UNCERTAIN_NEEDS_SCREEN,4,,
10.1016/0166-0462(91)90018-i,W2065211235,1991,article,Regional Science and Urban Economics,60,"The baby boom, the baby bust, and the housing market A second look",unmatched,UNCERTAIN_NEEDS_SCREEN,4,,
10.1526/003601104323087598,W2089592652,2004,article,Rural Sociology,55,Residential Differences in Family Formation: The Significance of Cohabitation*,unmatched,UNCERTAIN_NEEDS_SCREEN,4,,
10.1111/padr.12207,W2901282225,2018,article,Population and Development Review,52,"Housework, Gender Role Attitudes, and Couples' Fertility Intentions: Reconsidering Men's Roles in Gender Theories of Family Change",unmatched,UNCERTAIN_NEEDS_SCREEN,5,,
10.4337/9781848445147.00009,W2912538400,2008,book-chapter,Edward Elgar Publishing eBooks,49,The Intergenerational Transmission of Home Ownership and the Reproduction of the Familialistic Welfare Regime,unmatched,UNCERTAIN_NEEDS_SCREEN,2,,
10.1016/j.jet.2013.09.016,W2108492263,2013,article,Journal of Economic Theory,46,Property rights and efficiency in OLG models with endogenous fertility,unmatched,UNCERTAIN_NEEDS_SCREEN,4,,
10.1007/s10826-013-9824-0,W2060394766,2013,article,Journal of Child and Family Studies,46,Childbearing Motivations Scale: Construction of a New Measure and its Preliminary Psychometric Properties,unmatched,UNCERTAIN_NEEDS_SCREEN,4,,
10.1007/s00148-007-0153-8,W2102164851,2007,article,Journal of Population Economics,43,"Fertility, child care outside the home, and pay-as-you-go social security",unmatched,UNCERTAIN_NEEDS_SCREEN,4,,
10.1177/0001699315572028,W2319398328,2015,article,Acta Sociologica,39,Women’s housework decreases fertility,unmatched,UNCERTAIN_NEEDS_SCREEN,5,,
10.1002/psp.2098,W2750569904,2017,article,Population Space and Place,38,Residential segregation and the fertility of immigrants and their descendants,unmatched,UNCERTAIN_NEEDS_SCREEN,4,,
10.1186/s41118-019-0068-8,W2980582115,2019,article,Genus,31,The gendered division of housework and fertility intention in Turkey,unmatched,UNCERTAIN_NEEDS_SCREEN,4,,
10.1080/02673037.2018.1458288,W2800948146,2018,article,Housing Studies,28,Housing context and childbearing in Sweden: a cohort study,unmatched,UNCERTAIN_NEEDS_SCREEN,1,,
10.1068/a161303,W2094971474,1984,article,Environment and Planning A Economy and Space,25,"The Influence of Fertility, Early Housing-Career, and Socioeconomic Factors on Tenure Determination in Contemporary Britain",unmatched,UNCERTAIN_NEEDS_SCREEN,2,,
10.1080/01621459.1989.10478859,W2067811046,1989,article,Journal of the American Statistical Association,24,Forecasting Aggregate Period-Specific Birth Rates: The Time Series Properties of a Microdynamic Neoclassical Model of Fertility,unmatched,UNCERTAIN_NEEDS_SCREEN,4,,
10.3390/su13031534,W3126286627,2021,article,Sustainability,19,"Factors Influencing Fertility Intentions of Newlyweds in South Korea: Focus on Demographics, Socioeconomics, Housing Situation, Residential Satisfaction, and Housing Expectation",unmatched,UNCERTAIN_NEEDS_SCREEN,1,,
10.1080/19485565.1995.9988902,W2034024285,1995,article,Social Biology,18,Effects of multi‐family housing on marital fertility in Iran: Population policy implications,unmatched,UNCERTAIN_NEEDS_SCREEN,3,,
10.1007/s11113-016-9384-2,W2280249693,2016,article,Population Research and Policy Review,18,Outsourcing of Housework and the Transition to a Second Birth in Germany,unmatched,UNCERTAIN_NEEDS_SCREEN,4,,
10.1177/0042098015615742,W3125001667,2015,article,Urban Studies,17,Do housing options affect child birth decisions? Evidence from Taiwan,unmatched,UNCERTAIN_NEEDS_SCREEN,2,,
10.3138/jcfs.43.3.439,W2601990648,2012,article,Journal of Comparative Family Studies,17,Starting a Family at Your Parents’ House: Multigenerational Households and Below Replacement Fertility in Urban Bulgaria,unmatched,UNCERTAIN_NEEDS_SCREEN,4,,
10.1016/0277-9536(92)90232-f,W2056116196,1992,article,Social Science & Medicine,17,Fertility differentials among the Ijo in Southern Nigeria: Does urban residence make a difference?,unmatched,UNCERTAIN_NEEDS_SCREEN,5,,
10.1371/journal.pone.0051463,W2078985008,2012,article,PLoS ONE,15,Ownership of Dwelling Affects the Sex Ratio at Birth in Uganda,unmatched,UNCERTAIN_NEEDS_SCREEN,2,,
10.2307/2084364,W2333459580,1937,article,American Sociological Review,15,Housing and the Birth Rate in Sweden,unmatched,UNCERTAIN_NEEDS_SCREEN,3,,
10.2307/135464,W1978021930,1989,article,Canadian Journal of Economics/Revue canadienne d économique,15,"The Baby Boom, Housing and Loanable Funds",unmatched,UNCERTAIN_NEEDS_SCREEN,5,,
10.1016/j.cities.2023.104643,W4387993123,2023,article,Cities,14,"Perceptions of housing stability and fertility intentions among public housing renters in Guangzhou, China",unmatched,UNCERTAIN_NEEDS_SCREEN,1,,
10.1016/j.eap.2023.08.012,W4386034471,2023,article,Economic Analysis and Policy,14,The housing status and two-child fertility willingness of floating population: Evidence from the Chinese General Social Survey,unmatched,UNCERTAIN_NEEDS_SCREEN,3,,
10.1016/j.jpolmod.2019.05.008,W2949452997,2019,article,Journal of Policy Modeling,13,The long-term consequences of youth housing for childbearing and higher education,unmatched,UNCERTAIN_NEEDS_SCREEN,1,,
10.2307/352144,W1963817722,1985,article,Journal of Marriage and the Family,13,Residence Exposure and Fertility Expectations of Young Mormon and Non-Mormon Women in Utah,unmatched,UNCERTAIN_NEEDS_SCREEN,4,,
10.1016/j.eap.2020.01.005,W3003563339,2020,article,Economic Analysis and Policy,12,Are housing property rights important for fertility outcomes in China? Empirical evidence and policy issues,unmatched,UNCERTAIN_NEEDS_SCREEN,2,,
,W2760671802,2017,article,,12,A STUDY OF PSYCHOMETRIC PROPERTIES OF PERSIAN VERSION OF ATTITUDES TOWARD FERTILITY AND CHILDBEARING SCALE,unmatched,UNCERTAIN_NEEDS_SCREEN,5,,
,W56233960,2006,preprint,SSRN Electronic Journal,12,Housing Trends Among Baby Boomers,unmatched,UNCERTAIN_NEEDS_SCREEN,5,,
10.3224/zff.v31i1.03,W2937738238,2019,article,Journal of Family Research,11,"Does fixed-term employment delay important partnership events? Comparing transitions into cohabitation, marriage, parenthood and home ownership among young adults in Germany",unmatched,UNCERTAIN_NEEDS_SCREEN,2,,
10.1016/s0277-9536(00)00451-2,W1988532869,2001,article,Social Science & Medicine,11,Marital fertility in Lebanon: a study based on the population and housing survey,unmatched,UNCERTAIN_NEEDS_SCREEN,4,,
10.1177/0192513x231155666,W4319316816,2023,article,Journal of Family Issues,11,Division of Housework and Women’s Fertility Willingness,unmatched,UNCERTAIN_NEEDS_SCREEN,4,,
10.2174/1874918601003010001,W2112084077,2010,article,The Open Demography Journal,10,Housework and Family Formation - Exploring the Relationship Between Gender Division of Housework and Having Children,unmatched,UNCERTAIN_NEEDS_SCREEN,5,,
10.1080/02732173.1995.9982091,W1981311830,1995,article,Sociological Spectrum,9,Effect of housing tenure on fertility,unmatched,UNCERTAIN_NEEDS_SCREEN,2,,
10.1080/10511482.2024.2328142,W4394819112,2024,article,Housing Policy Debate,9,"Do Long Commutes Discourage Fertility Intentions Among Young Public Housing Renters in Guangzhou, China?",unmatched,UNCERTAIN_NEEDS_SCREEN,2,,
,W56406145,2006,conference-paper,Research Repository (Delft University of Technology),8,Home-ownership regimes and lowest-low fertility,unmatched,UNCERTAIN_NEEDS_SCREEN,2,,
10.1002/psp.2883,W4406083342,2025,article,Population Space and Place,7,Parental Dependency and Costly Offspring: Housing and Fertility of Young Adults in China's Large City,unmatched,UNCERTAIN_NEEDS_SCREEN,1,,
10.26444/aaem/75544,W2735029133,2017,article,Annals of Agricultural and Environmental Medicine,7,Study on changing patterns of reproductive behaviours due to maternal features and place of residence in Poland during 1995–2014,unmatched,UNCERTAIN_NEEDS_SCREEN,4,,
,W2224046657,2014,report,Repositori digital de la UPF (Universitat Pompeu Fabra),7,"Homes and husbands for all: Marriage, housing and the baby boom",unmatched,UNCERTAIN_NEEDS_SCREEN,4,,
10.1186/s41118-023-00200-1,W4386590296,2023,article,Genus,7,Are gender attitudes and gender division of housework and childcare related to fertility intentions in Kazakhstan?,unmatched,UNCERTAIN_NEEDS_SCREEN,5,,
,W784602893,2004,article,ScholarsArchive  (Brigham Young University),7,"Marriage Moments: An Evaluation of an Approach to Strengthen Couples' Relationships During the Transition to Parenthood, in the Context of a Home Visitation Program",unmatched,UNCERTAIN_NEEDS_SCREEN,5,,
10.1007/s11113-023-09844-5,W4389445056,2023,article,Population Research and Policy Review,6,"The Impact of Supportive Housing Policy Scenarios on Marriage and Fertility Intentions: A Vignette Survey Experimental Study in Shanghai, China",unmatched,UNCERTAIN_NEEDS_SCREEN,1,,
10.1007/s12144-020-01004-8,W3082638950,2020,article,Current Psychology,6,“Psychometric properties and factor structure of the attitudes to fertility and childbearing scale (AFCS) in a sample of polish women”,unmatched,UNCERTAIN_NEEDS_SCREEN,4,,
10.22313/reik.2019.17.4.75,W3006064820,2019,article,Residential Environment Institute Of Korea,6,Analyzing the Characteristics of Residential Poverty affecting Marriage and Childbirth,unmatched,UNCERTAIN_NEEDS_SCREEN,4,,
10.9734/bjmmr/2017/30723,W2579995996,2017,article,Journal of Advances in Medicine and Medical Research,6,Psychometric Properties of Japanese Version of the Attitudes towards Fertility and Childbearing Scale (AFCS),unmatched,UNCERTAIN_NEEDS_SCREEN,5,,
10.1080/00324728.1974.10405181,W2068460035,1974,article,Population Studies,6,Residence background and fertility in Greater Bombay,unmatched,UNCERTAIN_NEEDS_SCREEN,5,,
10.1002/psp.2172,W2883279764,2018,article,Population Space and Place,5,Interrelation between births and the housing market: A cointegration analysis for the Spanish case,unmatched,UNCERTAIN_NEEDS_SCREEN,1,,
10.9728/dcs.2020.21.2.327,W3011450307,2020,article,Journal of Digital Contents Society,5,"The Relationship between Childbirth, Housing and Socio-Economic Factors: The Pattern Analysis using Decision Tree",unmatched,UNCERTAIN_NEEDS_SCREEN,2,,
10.3390/healthcare6040120,W2891782160,2018,article,Healthcare,5,Development and Psychometric Properties of The Delayed Childbearing Questionnaire (DCBQ-55),unmatched,UNCERTAIN_NEEDS_SCREEN,4,,
10.1089/jwh.2023.0002,W4388521709,2023,article,Journal of Women s Health,5,Association of Antenatal Housing Instability with Perinatal Care Utilization and Outcomes,unmatched,UNCERTAIN_NEEDS_SCREEN,5,,
10.1007/bf01580365,W2085288226,1995,article,The Annals of Regional Science,5,"The baby boom, the baby bust and the housing market: a further look at the debate",unmatched,UNCERTAIN_NEEDS_SCREEN,5,,
10.1007/s11113-023-09846-3,W4392221640,2024,article,Population Research and Policy Review,4,Inheriting the Homeland? The Influence of Parental Origin-Country Fertility on Ideal Family Size and the Timing of Birth(s) Among the Children of Immigrants in France,unmatched,UNCERTAIN_NEEDS_SCREEN,1,,
,W105828478,2010,article,,4,Housing policy and family formation,unmatched,UNCERTAIN_NEEDS_SCREEN,2,,
10.1002/psp.70131,W4415509319,2025,article,Population Space and Place,3,Housing Expenditure and Births in Italy,unmatched,UNCERTAIN_NEEDS_SCREEN,1,,
10.1002/psp.70036,W4409377337,2025,article,Population Space and Place,3,"Evaluating Housing Policy Effects on Childbirth Intentions in South Korea: Preferences, Benefits, and Policy Implications",unmatched,UNCERTAIN_NEEDS_SCREEN,2,,
10.15709/hswr.2016.36.3.204,W2566527130,2016,article,Health and Social Welfare Review,3,Newly Married Couples‘ Housing Assets and Childbirth: Focusing on the Households Married Since 2000,unmatched,UNCERTAIN_NEEDS_SCREEN,1,,
10.1016/j.cities.2026.106837,W7129105754,2026,article,Cities,3,"Examining the non-linear relationship between the residential environment and birth rate in Seoul, South Korea",unmatched,UNCERTAIN_NEEDS_SCREEN,3,,
,W2337074434,2012,article,,3,BIRTHS AND HOUSING NEEDS IN SPAIN. AN ANALYSIS OF C AUSALITY,unmatched,UNCERTAIN_NEEDS_SCREEN,4,,
,W3140682174,2021,report,Econstor (Econstor),3,"No Flat, No Child in Singapore: Cointegration Analysis of Housing, Income, and Fertility",unmatched,UNCERTAIN_NEEDS_SCREEN,4,,
10.1016/j.socscimed.2018.02.009,W2793496776,2018,article,Social Science & Medicine,3,"Clinic access and teenage birth rates: Racial/ethnic and spatial disparities in Houston, TX",unmatched,UNCERTAIN_NEEDS_SCREEN,4,,
10.1038/s41598-025-01184-y,W4410430192,2025,article,Scientific Reports,3,"Multidimensional Scale of Motives for Postponing Parenthood (MSMPP-18): Development, factorial structure and psychometric properties",unmatched,UNCERTAIN_NEEDS_SCREEN,4,,
10.1097/jxx.0000000000000557,W3126471717,2021,article,Journal of the American Association of Nurse Practitioners,3,The development and implementation of an advanced practice registered nurse–led prenatal education program for housing insecure women,unmatched,UNCERTAIN_NEEDS_SCREEN,5,,
10.1080/12265934.2025.2452507,W4406684808,2025,article,International Journal of Urban Sciences,2,"Housing market, social housing, and fertility: evidence from urban China",unmatched,UNCERTAIN_NEEDS_SCREEN,1,,
10.1016/j.alcr.2023.100577,W4386826586,2023,article,Advances in Life Course Research,2,"The trifecta of adulthood: Housing, partnering and childbearing trajectories",unmatched,UNCERTAIN_NEEDS_SCREEN,1,,
10.17045/sthlmuni.14555868.v1,W3160060909,2021,article,Figshare,2,Childbearing Behavior in the Light of Different Housing Regimes: First Births in Sweden 1975-2004,unmatched,UNCERTAIN_NEEDS_SCREEN,2,,
10.3389/fpubh.2025.1328329,W4408636255,2025,article,Frontiers in Public Health,2,Does inhabitant’s fertility intention respond to housing status in the urban built environment: evidence from China,unmatched,UNCERTAIN_NEEDS_SCREEN,2,,
10.31235/osf.io/frbnc,W4400128135,2024,preprint,,2,Housing Expenditure and Childbirth in the United Kingdom,unmatched,UNCERTAIN_NEEDS_SCREEN,4,,
10.1108/ijhma-11-2023-0155,W4390917103,2024,article,International Journal of Housing Markets and Analysis,2,Parental financial support for housing: the importance of investment homes and family size,unmatched,UNCERTAIN_NEEDS_SCREEN,4,,
10.2478/sjs-2019-0009,W2969213510,2019,article,Swiss Journal of Sociology,2,Family Development and Residential Trajectories of Two Birth Cohorts Living in Switzerland: Between Individualization and Standardization,unmatched,UNCERTAIN_NEEDS_SCREEN,4,,
,W2773578695,2017,preprint,RePEc: Research Papers in Economics,2,"Houses Divided: A Model of Intergenerational Transfers, Differential Fertility and Wealth Inequality",unmatched,UNCERTAIN_NEEDS_SCREEN,5,,
10.2139/ssrn.5046571,W4405353391,2024,preprint,SSRN Electronic Journal,1,Housing and Fertility,unmatched,UNCERTAIN_NEEDS_SCREEN,1,,
,W1645904186,2015,preprint,RePEc: Research Papers in Economics,1,"Youth dwellings, higher education, and childbearing",unmatched,UNCERTAIN_NEEDS_SCREEN,2,,
10.1016/j.ajss.2025.100221,W4415742692,2025,article,Asian journal of social science,1,Housing–fertility interdependencies in South Korea: A dynamic analysis across regional disparities and temporal shifts,unmatched,UNCERTAIN_NEEDS_SCREEN,1,,
,W2967509323,2019,article,Journal of The Korean Regional Development Association,1,The Effect of Housing Finance Sources on Fertility Rate among Newly-Married Households: Considering the Mediating Effect of Housing Tenure,unmatched,UNCERTAIN_NEEDS_SCREEN,4,,
10.32609/0042-8736-2025-6-137-153,W4411112400,2025,article,Voprosy Ekonomiki,1,Mortgage and reproductive intentions: A boost or a barrier?,unmatched,UNCERTAIN_NEEDS_SCREEN,4,,
10.1371/journal.pone.0329404,W4413272373,2025,article,PLoS ONE,1,"English validation of the Multidimensional Scale of Motives for Postponing Parenthood (MSMPP-18-EN): Factorial structure, psychometric properties, and correlates",unmatched,UNCERTAIN_NEEDS_SCREEN,4,,
10.6107/jkha.2015.26.1.109,W2326466318,2015,article,Journal of the Korean housing association,1,Generational Divides of Household Wealth and Propensity to Invest in Housing Asset - Baby-boomers and Eco-boomers in the Seoul Metropolitan Area -,unmatched,UNCERTAIN_NEEDS_SCREEN,4,,
10.1007/978-3-319-26115-7_15,W2336915295,2015,book-chapter,The urban book series,1,The Effects of Iran’s First Baby Boomers (1976–1986) on the Housing Economy of Iran and the Government Policies to Deal with Its Resulting Issues,unmatched,UNCERTAIN_NEEDS_SCREEN,5,,
10.1080/02673031003711519,W1544462608,2010,article,Housing Studies,0,"Housing and First Births in Sweden, 1972–2005",unmatched,UNCERTAIN_NEEDS_SCREEN,2,,
10.1073/pnas.2602426123,W7171437109,2026,article,Proceedings of the National Academy of Sciences,0,Can stimulating ownership increase fertility: Evidence from housing interventions in China,unmatched,UNCERTAIN_NEEDS_SCREEN,1,,
10.1080/02673037.2026.2617564,W7128083268,2026,article,Housing Studies,0,Is a family-friendly home still a prerequisite for childbearing?,unmatched,UNCERTAIN_NEEDS_SCREEN,1,,
,W637675151,2012,dissertation,KTH Publication Database DiVA (KTH Royal Institute of Technology),0,The Residential Effect on the Risk of Transition to Parenthood in Sweden,unmatched,UNCERTAIN_NEEDS_SCREEN,2,,
10.21203/rs.3.rs-7441721/v1,W4415443644,2025,preprint,Research Square,0,The Effects of Housing Expenditure Pressure and Gender Preference on the Reproduction Willingness for Young Female Migrants: Evidence from China,unmatched,UNCERTAIN_NEEDS_SCREEN,2,,
10.2991/aebmr.k.210319.115,W3144108245,2021,conference-paper,"Advances in economics, business and management research/Advances in Economics, Business and Management Research",0,Housing Purchase Restriction and Birth Rates: An Unintended Consequence of Governmental Intervention,unmatched,UNCERTAIN_NEEDS_SCREEN,1,,
10.1007/978-3-031-64447-4_11,W4406623669,2025,conference-paper,,0,Housing Insecurity and First Births in Italy,unmatched,UNCERTAIN_NEEDS_SCREEN,1,,
10.13060/23362839.2019.6.1.445,W2950485713,2019,article,Critical Housing Analysis,0,Order and Timing of Home Ownership and Fertility Decisions in Australia,unmatched,UNCERTAIN_NEEDS_SCREEN,2,,
10.2139/ssrn.5130538,W4407337151,2025,preprint,SSRN Electronic Journal,0,Did the Modern Mortgage Set the Stage for the U.S. Baby Boom?,unmatched,UNCERTAIN_NEEDS_SCREEN,1,,
10.17208/jkpa.2025.02.60.1.127,W4408787615,2025,article,국토계획,0,The Effects of Housing Market Volatility on the Fertility Rate,unmatched,UNCERTAIN_NEEDS_SCREEN,3,,
10.12677/mm.2023.133026,W4323341744,2023,article,Modern Management,0,Live in Peace and Enjoy Education: Research on the Impact of Housing Property Rights on Fertility Intention,unmatched,UNCERTAIN_NEEDS_SCREEN,4,,
,W69546562,2014,article,,0,"Sex ratio, mother's education & residence, birth order.",unmatched,UNCERTAIN_NEEDS_SCREEN,4,,
10.2139/ssrn.6945732,W7164848462,2026,preprint,SSRN Electronic Journal,0,Does Residential Environment Matter for Urban Fertility? Evidence from Public Cultural Amenities in South Korea,unmatched,UNCERTAIN_NEEDS_SCREEN,4,,
10.1080/17538963.2015.1080907,W3122685948,2015,article,China Economic Journal,0,Fertility and housing,unmatched,UNCERTAIN_NEEDS_SCREEN,4,,
10.6107/jkha.2025.36.3.035,W4412172552,2025,article,Journal of the Korean housing association,0,Parenting-Friendly Housing Support Measures for Addressing Low Fertility - Focusing on International Cases of Multigenerational Housing -,unmatched,UNCERTAIN_NEEDS_SCREEN,4,,
10.3389/fsoc.2026.1617449,W7133187980,2026,article,Frontiers in Sociology,0,Impact of occupational pairing on women’s fertility plans: roles of domestic burden and housework satisfaction,unmatched,UNCERTAIN_NEEDS_SCREEN,5,,
,W269985631,2011,article,,0,Constructing a Housing Database for Family Formation Analyses in Europe 1945-2010.,unmatched,UNCERTAIN_NEEDS_SCREEN,5,,
10.3390/ijerph22020186,W4406934072,2025,article,International Journal of Environmental Research and Public Health,0,Factor Structure and Psychometric Properties of the Italian Version of the Childbearing Motivations Scale,unmatched,UNCERTAIN_NEEDS_SCREEN,5,,
