openalex_id,doi,year,title,venue,cell,chemical_family,screen_family,tier,verdict,n_seeds,cited_by,screen_note,RA_DECISION(RETRIEVE/EXCLUDE/UNSURE),RA_NOTE
W3135440421,10.3390/ijerph18052392,2021,Microplastics: A Threat for Male Fertility,International Journal of Environmental Research and Public Health,PRIMARY_MALE_FECUNDITY,plastic,plastic,1,RELEVANT,2,181,Review on MP and male fertility.,,
W4391899831,10.1016/j.envres.2024.118485,2024,"Reproductive toxicity of PFOA, PFOS and their substitutes: A review based on epidemiological and toxicological evidence",Environmental Research,PRIMARY_EXPOSURE_TO_FERTILITY,pfas,pfas,1,RELEVANT,7,156,"Reproductive toxicity review covering PFOA, PFOS and their substitutes, epidemiological and toxicological.",,
W2114076003,10.1093/humrep/det382,2013,Long-term effects of prenatal exposure to perfluoroalkyl substances on female reproduction,Human Reproduction,PRIMARY_EXPOSURE_TO_FERTILITY,pfas,pfas,1,RELEVANT,6,153,"Prenatal exposure, long-term female reproductive function.",,
W3140213654,10.3390/ijerph18073794,2021,Perfluoroalkyl Chemicals and Male Reproductive Health: Do PFOA and PFOS Increase Risk for Male Infertility?,International Journal of Environmental Research and Public Health,PRIMARY_MALE_FECUNDITY,pfas,pfas,1,RELEVANT,6,146,Narrative review framed on male infertility risk; no primary estimate.,,
W4390585131,10.3389/fendo.2023.1330396,2024,"Microplastics exposure: implications for human fertility, pregnancy and child health",Frontiers in Endocrinology,PRIMARY_EXPOSURE_TO_FERTILITY,plastic,plastic,1,RELEVANT,4,138,Review explicitly on human fertility; the pregnancy and child-health portions are Wall 2.,,
W2594070972,10.1016/j.envint.2017.03.003,2017,Perfluoroalkyl substances and endometriosis-related infertility in Chinese women,Environment International,PRIMARY_EXPOSURE_TO_FERTILITY,pfas,pfas,1,RELEVANT,8,98,Endometriosis-related infertility outcome.,,
W4282937467,10.1177/15579883221096549,2022,Microplastics May Be a Significant Cause of Male Infertility,American Journal of Men s Health,PRIMARY_MALE_FECUNDITY,plastic,plastic,1,RELEVANT,2,84,Review/opinion arguing MP causes male infertility; assess what human evidence it actually cites.,,
W2909429614,10.1016/j.envpol.2019.01.039,2019,Perfluoroalkyl substances exposure and risk of polycystic ovarian syndrome related infertility in Chinese women,Environmental Pollution,PRIMARY_EXPOSURE_TO_FERTILITY,pfas,pfas,1,RELEVANT,6,79,PCOS-related infertility.,,
W4321019748,10.1016/j.scitotenv.2023.162267,2023,Exposure to perfluoroalkyl substances and women's fertility outcomes in a Singaporean population-based preconception cohort,The Science of The Total Environment,PRIMARY_EXPOSURE_TO_FERTILITY,pfas,pfas,1,RELEVANT,8,64,"Singaporean cohort, women's fertility outcomes.",,
W4404222776,10.1186/s12958-024-01314-7,2024,Concerning influences of micro/nano plastics on female reproductive health: focusing on cellular and molecular pathways from animal models to human studies,Reproductive Biology and Endocrinology,PRIMARY_EXPOSURE_TO_FERTILITY,plastic,plastic,1,RELEVANT,2,53,Review explicitly spanning animal models to human studies; the human portion must be extracted separately.,,
W2514091930,10.1097/ede.0000000000000552,2016,"Perfluoroalkyl Chemicals, Menstrual Cycle Length, and Fecundity",Epidemiology,PRIMARY_EXPOSURE_TO_FERTILITY,pfas,pfas,1,RELEVANT,9,51,Fecundity outcome modelled jointly with cycle length.,,
W2160568778,10.1186/1476-069x-13-116,2014,"Perfluoroalkyl substances and time to pregnancy in couples from Greenland, Poland and Ukraine",Environmental Health,PRIMARY_EXPOSURE_TO_FERTILITY,pfas,pfas,1,RELEVANT,13,50,"PFAS and TTP, three-country pregnant-women sample; exposure measured in pregnancy, so timing is posterior to the outcome.",,
W4391359389,10.1111/1471-0528.17756,2024,Exposure to microplastics and human reproductive outcomes: A systematic review,BJOG An International Journal of Obstetrics & Gynaecology,PRIMARY_EXPOSURE_TO_FERTILITY,plastic,plastic,1,RELEVANT,4,42,IMPORTANT — a systematic review of microplastic exposure and HUMAN reproductive outcomes. The reconnaissance found no such review; this is channel 1 for the microplastics half and it exists. Leakage wall applies.,,
W2179099397,10.1016/j.envres.2015.08.007,2015,Serum perfluoroalkyl acids and time to pregnancy in nulliparous women,Environmental Research,PRIMARY_EXPOSURE_TO_FERTILITY,pfas,pfas,1,RELEVANT,15,40,NULLIPAROUS-RESTRICTED TTP — the parity-handled design Call 2's primary track is built on.,,
W4302024131,10.1016/j.envint.2022.107567,2022,Preconception exposure to perfluoroalkyl and polyfluoroalkyl substances and couple fecundity: A couple-based exploration,Environment International,PRIMARY_EXPOSURE_TO_FERTILITY,pfas,pfas,1,RELEVANT,3,23,Preconception-measured couple fecundity; the exposure timing that identifies.,,
W4400039202,10.3390/toxics12070455,2024,Effects of Per- and Polyfluoroalkylated Substances on Female Reproduction,Toxics,PRIMARY_EXPOSURE_TO_FERTILITY,pfas,pfas,1,RELEVANT,11,22,Narrative review of PFAS and female reproduction; distinguishes legacy from replacement compounds.,,
W2908713169,,2009,Maternal levels of perfluorinated chemicals and subfecundity. Hum Reprod,,PRIMARY_EXPOSURE_TO_FERTILITY,pfas,pfas,2,RELEVANT,1,22,"ANCHOR-RECOVERY CASE: this is the duplicate index record of Fei et al. 2009, the A3 anchor, carrying no DOI. Correct routing here is a direct check on the screen.",,
W4404915882,10.3390/ijerph21121615,2024,Environmental Exposure to Per- and Polyfluorylalkyl Substances (PFASs) and Reproductive Outcomes in the General Population: A Systematic Review of Epidemiological Studies,International Journal of Environmental Research and Public Health,PRIMARY_EXPOSURE_TO_FERTILITY,pfas,pfas,1,RELEVANT,10,20,PRISMA systematic review of general-population reproductive outcomes. Channel-1; leakage wall applies.,,
W4309787592,10.3390/ijerph192215348,2022,"Association between Perfluoroalkyl and Polyfluoroalkyl Substances and Women’s Infertility, NHANES 2013–2016",International Journal of Environmental Research and Public Health,PRIMARY_EXPOSURE_TO_FERTILITY,pfas,pfas,1,RELEVANT,3,18,"NHANES cross-sectional, self-reported infertility.",,
W2409520153,10.1097/ede.0000000000000524,2016,Brief Report,Epidemiology,PRIMARY_EXPOSURE_TO_FERTILITY,pfas,pfas,1,RELEVANT,7,17,Brief report replicating a PFOSA-fecundability association in MoBa. Generic title; routed on abstract.,,
W4408724716,10.1093/biolre/ioaf054,2025,Microplastics and impaired male reproductive health—exploring biological pathways of harm: a narrative review,Biology of Reproduction,PRIMARY_MALE_FECUNDITY,plastic,plastic,2,RELEVANT,1,15,Narrative review of biological pathways.,,
W4415689196,10.1111/joim.70038,2025,Reproductive toxicity of micro‐ and nanoplastics: Insights from experimental and human studies,Journal of Internal Medicine,PRIMARY_EXPOSURE_TO_FERTILITY,plastic,plastic,1,RELEVANT,4,12,Review explicitly spanning experimental AND human studies; the human portion must be extracted separately from the rodent portion.,,
W2315733616,10.1016/j.envres.2016.03.001,2016,Response to letter to the editor regarding “Serum perfluoroalkyl acids and time to pregnancy in nulliparous women”,Environmental Research,PRIMARY_EXPOSURE_TO_FERTILITY,pfas,pfas,1,RELEVANT,4,3,"SHADOW RECORD INSIDE TIER B: correspondence attached to the nulliparous-women TTP study (A3 anchor), not an independent estimate. Must not be counted as a separate study at extraction — the same failure mode the A3 shadow gate exists to prevent, reappearing one stage later.",,
W4415276475,10.5772/intechopen.1012349,2025,Microplastics Exposure Is Harmful to Male Reproductive Health,IntechOpen eBooks,PRIMARY_MALE_FECUNDITY,plastic,plastic,1,RELEVANT,2,3,Review asserting harm to male reproductive health; check what human evidence it cites.,,
W4401977309,10.3390/toxics12080613,2024,Perfluoroalkyl and Polyfluoroalkyl Substances in Relation to the Participant-Reported Total Pregnancy and Live Birth Numbers among Reproductive-Aged Women in the United States,Toxics,PRIMARY_EXPOSURE_TO_FERTILITY,pfas,pfas,2,RELEVANT,1,3,"IMPORTANT — PFAS against self-reported TOTAL PREGNANCY AND LIVE BIRTH NUMBERS, i.e. a parity outcome, which is the fertility quantity the review actually wants. It is also the record where reverse causation is maximal: parity causes exposure through three excretion routes, so a cross-sectional parity association is close to uninterpretable without parity-handling. Extract, and read against Call 2.",,
W7117988082,10.3390/microplastics5010003,2026,"Plastic Particles and Female Fertility: Pathways, Toxicity, and Analytical Challenges",Microplastics,PRIMARY_EXPOSURE_TO_FERTILITY,plastic,plastic,2,RELEVANT,1,2,"Review on plastic particles and female fertility, including analytical limits.",,
W7148912603,10.4103/jmh.jmh_93_25,2026,Reproductive Health Consequences of Per- and Polyfluoroalkyl Substances and Microplastics in Mid-life Women: A Systematic Review of Emerging Evidence,Journal of Mid-life Health,PRIMARY_EXPOSURE_TO_FERTILITY,both,both,1,RELEVANT,2,0,Systematic review covering BOTH families on reproductive-health outcomes in mid-life women. Channel-1 seed; leakage wall applies.,,
W7133525027,10.1016/j.xfnr.2026.100102,2026,"Per- and polyfluoroalkyl substances exposure from preconception to lactation: implications for female fertility, pregnancy complications, and birth outcomes: a narrative review",F&S Reviews,PRIMARY_EXPOSURE_TO_FERTILITY,pfas,pfas,1,RELEVANT,2,0,"Narrative review spanning preconception to lactation; the fertility portion is ours, the birth-outcome portion is Wall 2.",,
W7202077705,10.1177/26318318261474309,2026,"Invisible Barriers to Male Reproductive Health: Microplastic Toxicity, Fertility, and Psychosexual Implications",Journal of Psychosexual Health,PRIMARY_MALE_FECUNDITY,plastic,plastic,2,RELEVANT,1,0,Review of MP on male reproductive health including fertility.,,
W2322981968,10.1016/j.reprotox.2011.11.094,2012,"P60—Preliminary results on subfecundity and plasma concentrations of perfluorinated compounds during pregnancy in the Norwegian Mother and Child Cohort Study, 2002–2004",Reproductive Toxicology,PRIMARY_EXPOSURE_TO_FERTILITY,pfas,pfas,2,RELEVANT,1,0,Conference abstract of preliminary MoBa subfecundity results — very likely an early version of the Whitworth 2011 anchor. Duplicate risk; must not be extracted as an independent study.,,
W2086662317,10.1021/es1038694,2011,Association of Perfluorooctanoic Acid (PFOA) and Perfluorooctane Sulfonate (PFOS) with Age of Puberty among Children Living near a Chemical Plant,Environmental Science & Technology,OVARIAN_PARAMETER,pfas,pfas,1,RELEVANT,4,259,Age of puberty near a chemical plant — sexual maturation timing in a high-exposure community. Borders Wall 2's developmental territory; flag at extraction.,,
W2163064437,10.3390/ijerph120606098,2015,Serum Biomarkers of Exposure to Perfluoroalkyl Substances in Relation to Serum Testosterone and Measures of Thyroid Function among Adults and Adolescents from NHANES 2011–2012,International Journal of Environmental Research and Public Health,SEMEN_PARAMETER,pfas,pfas,1,RELEVANT,6,253,"TAXONOMY GAP again: serum testosterone in adults and adolescents, no semen measured. Routed to the nearest male cell; B.6 has no adult reproductive-endocrine parameter cell.",,
W1986462163,10.1289/ehp.1205118,2013,Associations of <i>in Utero</i> Exposure to Perfluorinated Alkyl Acids with Human Semen Quality and Reproductive Hormones in Adult Men,Environmental Health Perspectives,SEMEN_PARAMETER,pfas,pfas,1,RELEVANT,5,223,"In-utero exposure, adult semen quality and reproductive hormones.",,
W2105381158,10.1093/humrep/des425,2012,"PFOS (perfluorooctanesulfonate) in serum is negatively associated with testosterone levels, but not with semen quality, in healthy men",Human Reproduction,SEMEN_PARAMETER,pfas,pfas,1,RELEVANT,6,204,"Null on semen quality, negative on testosterone — a useful discordance for the mechanism section.",,
W2724290332,10.1289/ehp1203,2017,Plasma Perfluoroalkyl and Polyfluoroalkyl Substances Concentration and Menstrual Cycle Characteristics in Preconception Women,Environmental Health Perspectives,OVARIAN_PARAMETER,pfas,pfas,1,RELEVANT,7,166,"Menstrual cycle characteristics, an input rather than a fertility quantity.",,
W2053956953,10.1016/j.reprotox.2011.05.024,2011,Concentrations of perfluorooctane sulfonate (PFOS) and perfluorooctanoate (PFOA) and their associations with human semen quality measurements,Reproductive Toxicology,SEMEN_PARAMETER,pfas,pfas,1,RELEVANT,6,142,PFOS/PFOA and human semen quality.,,
W2996396622,10.1289/ehp4431,2019,Profiles of Emerging and Legacy Per-/Polyfluoroalkyl Substances in Matched Serum and Semen Samples: New Implications for Human Semen Quality,Environmental Health Perspectives,SEMEN_PARAMETER,pfas,pfas,1,RELEVANT,4,141,Matched serum and semen samples; legacy and emerging compounds.,,
W2154246824,10.1289/ehp.1306707,2013,Polyfluoroalkyl Chemicals and Menopause among Women 20–65 Years of Age (NHANES),Environmental Health Perspectives,OVARIAN_PARAMETER,pfas,pfas,1,RELEVANT,4,140,"Menopause. A textbook REVERSE case — cessation of menstrual excretion raises serum PFAS, so the association is partly mechanical. Flag at extraction.",,
W2802977343,10.1210/jc.2017-02783,2018,Association of Perfluoroalkyl and Polyfluoroalkyl Substances With Premature Ovarian Insufficiency in Chinese Women,The Journal of Clinical Endocrinology & Metabolism,OVARIAN_PARAMETER,pfas,pfas,1,RELEVANT,7,132,Premature ovarian insufficiency.,,
W1974206202,10.1289/ehp.1307621,2014,Perfluorochemicals and Human Semen Quality: The LIFE Study,Environmental Health Perspectives,SEMEN_PARAMETER,pfas,pfas,1,RELEVANT,6,118,"LIFE Study, general-population men.",,
W3047171475,10.1016/j.envpol.2020.115330,2020,Exposure to per- and polyfluoroalkyl substances (PFASs) in serum versus semen and their association with male reproductive hormones,Environmental Pollution,SEMEN_PARAMETER,pfas,pfas,1,RELEVANT,4,117,Serum VERSUS semen concentrations with male reproductive hormones — carries both detection and effect content.,,
W1971918593,10.1016/j.fertnstert.2015.02.001,2015,Perfluoroalkyl substances and ovarian hormone concentrations in naturally cycling women,Fertility and Sterility,OVARIAN_PARAMETER,pfas,pfas,1,RELEVANT,10,111,Ovarian hormones in naturally cycling women.,,
W4402945134,10.1016/j.ebiom.2024.105369,2024,Association of mixed exposure to microplastics with sperm dysfunction: a multi-site study in China,EBioMedicine,SEMEN_PARAMETER,plastic,plastic,1,RELEVANT,3,108,"IMPORTANT — human multi-site study, microplastic exposure and sperm dysfunction. Second record contradicting the empty-MP-cell expectation.",,
W2884311292,10.1016/j.ijheh.2018.07.009,2018,Perfluorinated alkyl acids in the serum and follicular fluid of UK women with and without polycystic ovarian syndrome undergoing fertility treatment and associations with hormonal and metabolic parameters,International Journal of Hygiene and Environmental Health,OVARIAN_PARAMETER,pfas,pfas,1,RELEVANT,8,107,"Serum and follicular fluid in PCOS vs non-PCOS; ART frame (Wall 4 selection), also carries follicular-fluid detection.",,
W4367857087,10.1289/ehp11814,2023,Environmental Exposure to Emerging Alternatives of Per- and Polyfluoroalkyl Substances and Polycystic Ovarian Syndrome in Women Diagnosed with Infertility: A Mixture Analysis,Environmental Health Perspectives,OVARIAN_PARAMETER,pfas,pfas,2,RELEVANT,1,106,"Emerging PFAS alternatives and PCOS; mixture analysis within the PFAS family, so separable.",,
W2981772479,10.1016/j.chemosphere.2019.125208,2019,Perfluorooctanoic acid alters progesterone activity in human endometrial cells and induces reproductive alterations in young women,Chemosphere,OVARIAN_PARAMETER,pfas,pfas,1,RELEVANT,8,100,Hybrid: human endometrial cells in vitro PLUS reported reproductive alterations in young women. Extraction must separate the two arms.,,
W2910919969,10.1289/ehp3567,2019,Exposure to Perfluoroalkyl Substances during Fetal Life and Pubertal Development in Boys and Girls from the Danish National Birth Cohort,Environmental Health Perspectives,OVARIAN_PARAMETER,pfas,pfas,1,RELEVANT,4,99,"Pubertal development after fetal exposure, DNBC — sexual maturation timing in both sexes.",,
W3127248205,10.1016/j.envint.2021.106408,2021,Perfluoroalkyl substances and sex hormones in postmenopausal women: NHANES 2013–2016,Environment International,OVARIAN_PARAMETER,pfas,pfas,2,RELEVANT,1,95,"Sex hormones in postmenopausal women; post-menopause means no menstrual excretion, so exposure is elevated for reasons unrelated to the outcome.",,
W3139203073,10.1016/j.envint.2021.106496,2021,Environmental exposure to per- and polyfluoroalkyl substances mixture and male reproductive hormones,Environment International,SEMEN_PARAMETER,pfas,pfas,1,RELEVANT,3,83,"Male reproductive hormones under mixture exposure. Same taxonomy gap — hormones, not semen.",,
W2575956297,10.1016/j.reprotox.2017.01.006,2017,"Effects of perfluorinated chemicals on thyroid function, markers of ovarian reserve, and natural fertility",Reproductive Toxicology,OVARIAN_PARAMETER,pfas,pfas,1,RELEVANT,9,76,Ovarian-reserve markers alongside thyroid function.,,
W2517826705,10.1016/j.reprotox.2016.08.009,2016,Perfluoroalkyl substances and endometriosis in US women in NHANES 2003–2006,Reproductive Toxicology,OVARIAN_PARAMETER,pfas,pfas,1,RELEVANT,6,76,"Endometriosis, NHANES.",,
W2120610521,10.1093/humrep/det390,2013,"Menstrual cycle characteristics in fertile women from Greenland, Poland and Ukraine exposed to perfluorinated chemicals: a cross-sectional study",Human Reproduction,OVARIAN_PARAMETER,pfas,pfas,1,RELEVANT,6,75,"Menstrual cyclicity, three-country cohort.",,
W2017429754,10.1097/ede.0b013e31826cc0cf,2012,Perfluorochemicals and Endometriosis,Epidemiology,OVARIAN_PARAMETER,pfas,pfas,1,RELEVANT,6,73,Endometriosis.,,
W3138031597,10.1186/s12302-021-00508-9,2021,Perfluoroalkyl and polyfluoroalkyl substance exposure and association with sex hormone concentrations: results from the NHANES 2015–2016,Environmental Sciences Europe,OVARIAN_PARAMETER,pfas,pfas,1,RELEVANT,3,72,TAXONOMY GAP: sex-hormone concentrations in adults of both sexes. B.6's cell list has no adult reproductive-endocrine parameter cell — B.7 had ENDOCRINE_MECHANISM and it was not carried over. Routed to the nearest cell; flag for the assembly report.,,
W4302004482,10.1289/ehp10285,2022,Maternal Exposure to Per- and Polyfluoroalkyl Substances (PFAS) and Male Reproductive Function in Young Adulthood: Combined Exposure to Seven PFAS,Environmental Health Perspectives,SEMEN_PARAMETER,pfas,pfas,1,RELEVANT,5,67,"Maternal exposure, male reproductive function in young adulthood; seven-compound joint exposure.",,
W4220904257,10.3389/fendo.2021.799043,2022,Assessment of the Emerging Threat Posed by Perfluoroalkyl and Polyfluoroalkyl Substances to Male Reproduction in Humans,Frontiers in Endocrinology,SEMEN_PARAMETER,pfas,pfas,1,RELEVANT,6,59,"Assessment of the threat to male reproduction in humans, explicitly.",,
W1992065546,10.1111/and.12371,2014,Chromosomal aneuploidies and DNA fragmentation of human spermatozoa from patients exposed to perfluorinated compounds,Andrologia,SEMEN_PARAMETER,pfas,pfas,1,RELEVANT,2,58,HUMAN spermatozoa — aneuploidy and DNA fragmentation in exposed patients.,,
W2105638582,10.1002/em.21874,2014,Exposure to Perfluoroalkyl Substances and Sperm DNA Global Methylation in <scp>Arctic</scp> and <scp>European</scp> Populations,Environmental and Molecular Mutagenesis,SEMEN_PARAMETER,pfas,pfas,1,RELEVANT,4,57,"Sperm DNA methylation, Arctic and European populations.",,
W3032002623,10.1210/clinem/dgaa303,2020,Associations of Perfluoroalkyl Substances with Incident Natural Menopause: The Study of Women’s Health Across the Nation,The Journal of Clinical Endocrinology & Metabolism,OVARIAN_PARAMETER,pfas,pfas,1,RELEVANT,4,56,"Incident natural menopause, SWAN. Strong reverse-causation risk: menopause ends menstrual excretion, so exposure and outcome are mechanically linked. Flag at extraction.",,
W4321375884,10.3389/fendo.2023.1114463,2023,Toxic effects of per- and polyfluoroalkyl substances on sperm: Epidemiological and experimental evidence,Frontiers in Endocrinology,SEMEN_PARAMETER,pfas,pfas,1,RELEVANT,4,52,"Review pooling epidemiological and experimental sperm evidence; species mixed, extraction must separate.",,
W3046713908,10.1080/10937404.2020.1798315,2020,Per- and polyfluoroalkyl substances and male reproductive health: a systematic review of the epidemiological evidence,Journal of Toxicology and Environmental Health Part B,SEMEN_PARAMETER,pfas,pfas,1,RELEVANT,4,44,Systematic review of the male epidemiological evidence. Channel-1; leakage wall applies.,,
W3175004850,10.1210/clinem/dgab476,2021,Per- and Polyfluoroalkyl Substances and Hormone Levels During the Menopausal Transition,The Journal of Clinical Endocrinology & Metabolism,OVARIAN_PARAMETER,pfas,pfas,1,RELEVANT,2,41,Hormones across the menopausal transition; reverse-causation risk via cessation of menstrual excretion.,,
W4412525568,10.1021/acsnano.5c00918,2025,Polyethylene and Polyvinyl Chloride Nanoplastics in Human Follicular Fluid and Seminal Plasma: Impact on Fertilization and Sperm Quality,ACS Nano,SEMEN_PARAMETER,plastic,plastic,1,RELEVANT,2,35,IMPORTANT — human nanoplastics in follicular fluid AND seminal plasma with sperm-quality and fertilization outcomes. Contradicts the reconnaissance expectation that the MP human effect cell is empty. Fertilization endpoint is A.17's; sperm quality is ours.,,
W4220733007,10.1016/j.envres.2022.113157,2022,Per- and polyfluoroalkyl substances (PFAS) and male reproductive function in young adulthood; a cross-sectional study,Environmental Research,SEMEN_PARAMETER,pfas,pfas,1,RELEVANT,4,34,,,
W4405747510,10.1016/j.envint.2024.109236,2024,Polyethylene microplastic exposure adversely affects oocyte quality in human and mouse,Environment International,OVARIAN_PARAMETER,plastic,plastic,2,RELEVANT,1,34,IMPORTANT — polyethylene MP and oocyte quality in HUMAN and mouse. The human arm is one of the few MP effect estimates in human tissue; extraction must separate it from the mouse arm.,,
W4223636188,10.1016/j.scitotenv.2022.155158,2022,"Environmental exposure to legacy poly/perfluoroalkyl substances, emerging alternatives and isomers and semen quality in men: A mixture analysis",The Science of The Total Environment,SEMEN_PARAMETER,pfas,pfas,1,RELEVANT,3,32,"Mixture analysis WITHIN the PFAS family including alternatives and isomers, so separable — not a Wall 1 case.",,
W4318817956,10.1186/s12958-023-01056-y,2023,Effect of PFOA exposure on diminished ovarian reserve and its metabolism,Reproductive Biology and Endocrinology,OVARIAN_PARAMETER,pfas,pfas,1,RELEVANT,2,32,Diminished ovarian reserve.,,
W4412003778,10.3390/toxics13070566,2025,The Presence of Microplastics in Human Semen and Their Associations with Semen Quality,Toxics,SEMEN_PARAMETER,plastic,plastic,1,RELEVANT,2,25,IMPORTANT — microplastics measured in human semen with semen-quality associations. Fourth human MP effect record.,,
W4387643922,10.1016/j.scitotenv.2023.167838,2023,Environmental exposure to legacy and emerging per- and polyfluoroalkyl substances and endometriosis in women of childbearing age,The Science of The Total Environment,OVARIAN_PARAMETER,pfas,pfas,1,RELEVANT,2,25,"Endometriosis, legacy and emerging compounds.",,
W4401361487,10.1016/j.scitotenv.2024.175313,2024,Per- and polyfluoroalkyl substances exposure is associated with polycystic ovary syndrome risk among women attending a fertility clinic,The Science of The Total Environment,OVARIAN_PARAMETER,pfas,pfas,1,RELEVANT,3,23,PCOS risk; fertility-clinic frame.,,
W4391262570,10.3390/toxics12020104,2024,Association between Perfluoroalkyl Substances in Follicular Fluid and Polycystic Ovary Syndrome in Infertile Women,Toxics,OVARIAN_PARAMETER,pfas,pfas,1,RELEVANT,3,22,Follicular-fluid PFAS and PCOS in infertile women; ART frame.,,
W4309366993,10.1007/s11356-022-24182-3,2022,Association between per- and polyfluoroalkyl substances and semen quality,Environmental Science and Pollution Research,SEMEN_PARAMETER,pfas,pfas,1,RELEVANT,3,22,,,
W4401027411,10.3390/toxics12080539,2024,Per- and Polyfluoroalkyl Substances (PFASs) and Their Potential Effects on Female Reproductive Diseases,Toxics,OVARIAN_PARAMETER,pfas,pfas,1,RELEVANT,3,18,Review of female reproductive disease endpoints.,,
W4410478485,10.1016/j.envint.2025.109533,2025,Seminal per- and polyfluoroalkyl substance exposure and sperm quality impairment: from toxic target to rescue,Environment International,SEMEN_PARAMETER,pfas,pfas,1,RELEVANT,4,17,PFAS measured in seminal fluid against sperm quality.,,
W4406204271,10.1055/s-0044-1801363,2024,PFAS Exposure and Male Reproductive Health: Implications for Sperm Epigenetics,Seminars in Reproductive Medicine,SEMEN_PARAMETER,pfas,pfas,1,RELEVANT,4,17,Sperm epigenetics.,,
W4411111644,10.1186/s12940-025-01188-1,2025,"Per- and polyfluoroalkyl substances (PFAS), thyroid hormones, sexual hormones and pubertal development in adolescents residing in the neighborhood of a 3M factory",Environmental Health,OVARIAN_PARAMETER,pfas,pfas,1,RELEVANT,3,16,Pubertal development and sex hormones near a 3M factory — Wall 9 population.,,
W4280492620,10.1021/acs.est.1c07184,2022,Environmental Exposure to 6:2 Polyfluoroalkyl Phosphate Diester and Impaired Testicular Function in Men,Environmental Science & Technology,SEMEN_PARAMETER,pfas,pfas,2,RELEVANT,1,16,"HUMAN — impaired testicular function in men, and the exposure is a polyfluoroalkyl phosphate diester, a replacement-class compound.",,
W4412198133,10.3390/ijms26146604,2025,"Molecular Shadows of Per- and Polyfluoroalkyl Substances (PFASs): Unveiling the Impact of Perfluoroalkyl Substances on Ovarian Function, Polycystic Ovarian Syndrome (PCOS), and In Vitro Fertilization (IVF) Outcomes",International Journal of Molecular Sciences,OVARIAN_PARAMETER,pfas,pfas,1,RELEVANT,2,15,"Review of ovarian function, PCOS and IVF outcomes; the IVF portion is A.17's.",,
W4220829850,10.1093/aje/kwac052,2022,Perfluoroalkyl Substances and Incident Natural Menopause in Midlife Women: The Mediating Role of Sex Hormones,American Journal of Epidemiology,OVARIAN_PARAMETER,pfas,pfas,2,RELEVANT,1,15,Incident menopause with sex hormones as mediator. Same reverse-causation hazard as the other menopause records.,,
W4401829970,10.1016/j.scitotenv.2024.175593,2024,Association between exposure to perfluoroalkyl substances (PFAS) and endometriosis in the ENDEA case-control study,The Science of The Total Environment,OVARIAN_PARAMETER,pfas,pfas,1,RELEVANT,2,14,"Endometriosis, ENDEA case-control.",,
W4405984033,10.1021/acs.est.4c10425,2025,Per- and PolyfluoroalkylSubstances in Semen Associatedwith Repeated Measures of Semen Quality in Healthy Adult Men,Environmental Science & Technology,SEMEN_PARAMETER,pfas,pfas,2,RELEVANT,1,13,PFAS measured in semen itself with repeated semen-quality measures.,,
W4378070587,10.1289/ehp11606,2023,Associations of Pregnancy Per- and Polyfluoroalkyl Substance Concentrations and Uterine Fibroid Changes across Pregnancy: NICHD Fetal Growth Studies – Singletons Cohort,Environmental Health Perspectives,OVARIAN_PARAMETER,pfas,pfas,1,RELEVANT,3,10,Uterine fibroid change across pregnancy — a gynaecological rather than ovarian endpoint; nearest available cell.,,
W4406230344,10.1016/j.envres.2025.120786,2025,Associations of maternal per- and polyfluoroalkyl substance plasma concentrations during pregnancy with offspring polycystic ovary syndrome and related characteristics in project viva,Environmental Research,OVARIAN_PARAMETER,pfas,pfas,1,RELEVANT,4,9,"Intergenerational: prenatal exposure, offspring PCOS. Retained because the outcome is reproductive, but the estimand is one generation removed — flag at extraction.",,
W4411191651,10.3389/fpubh.2025.1526918,2025,Associations of per- and polyfluoroalkyl substances in follicular fluid with polycystic ovarian syndrome in infertile women may be mediated by sex hormones,Frontiers in Public Health,OVARIAN_PARAMETER,pfas,pfas,2,RELEVANT,1,9,Follicular-fluid PFAS and PCOS with hormonal mediation.,,
W4415012676,10.1186/s12951-025-03747-7,2025,"Plastic tableware use, microplastic accumulation, and sperm quality: from epidemiological evidence to FOXA1/p38 mechanistic insights",Journal of Nanobiotechnology,SEMEN_PARAMETER,plastic,plastic,2,RELEVANT,1,9,"IMPORTANT — human epidemiological evidence linking PLASTIC TABLEWARE USE to microplastic accumulation and sperm quality, with a mechanistic arm. A behaviourally-defined exposure contrast, which is rare in this literature.",,
W7125642333,10.1016/j.jare.2026.01.074,2026,Microplastics and nanoplastics in follicular fluid are associated with diminished ovarian reserve: clinical and molecular insights,Journal of Advanced Research,OVARIAN_PARAMETER,plastic,plastic,1,RELEVANT,2,5,"IMPORTANT — human follicular-fluid MNP associated with diminished ovarian reserve, polymer-specific. Third record contradicting the empty-MP-cell expectation.",,
W4387950573,10.1289/ehp12592,2023,Per- and Polyfluoroalkyl Substances and Anti-Müllerian Hormone Concentrations in Two Preconception Cohort Studies,Environmental Health Perspectives,OVARIAN_PARAMETER,pfas,pfas,1,RELEVANT,2,4,"Anti-Müllerian hormone in two PRECONCEPTION cohorts — preconception measurement, so exposure precedes outcome.",,
W4404412862,10.1016/j.emcon.2024.100438,2024,Associations between per- and polyfluoroalkyl substances and menstrual cycle regularity in reproductive-aged female: A cross-sectional study,Emerging contaminants,OVARIAN_PARAMETER,pfas,pfas,1,RELEVANT,3,2,Menstrual cycle regularity.,,
W7131673367,10.1016/j.reprotox.2026.109207,2026,Per- and polyfluoroalkyl substances (PFAS) and menstrual cycle characteristics in midlife women: The Study of Women’s Health Across the Nation,Reproductive Toxicology,OVARIAN_PARAMETER,pfas,pfas,1,RELEVANT,3,2,SWAN menstrual cycle characteristics.,,
W7125520842,10.1021/envhealth.5c00655,2026,Risk Assessment of PFAS-Induced Male Reproductive Toxicity: A Comprehensive Evaluation Using the TRAEC Strategy,Environment & Health,SEMEN_PARAMETER,pfas,pfas,1,RELEVANT,3,1,Structured risk assessment of male reproductive toxicity.,,
W3137773367,10.25259/jrhm_18_2020,2021,Male reproductive health at risk due to exposure to perfluoroalkyl substances: Recent research highlights,Journal of Reproductive Healthcare and Medicine,SEMEN_PARAMETER,pfas,pfas,1,RELEVANT,3,1,Review of male reproductive evidence.,,
W7147626980,10.1210/clinem/dgag148,2026,"The association between PFAS exposure, menstrual cycle parameters, and reproductive hormones in adolescent girls",The Journal of Clinical Endocrinology & Metabolism,OVARIAN_PARAMETER,pfas,pfas,1,RELEVANT,2,1,Menstrual cycle parameters and reproductive hormones in adolescent girls.,,
W7172439643,10.1016/j.jhazmat.2026.143157,2026,Associations between per- and polyfluoroalkyl substances and semen parameters: An updated systematic review and meta-analysis,Journal of Hazardous Materials,SEMEN_PARAMETER,pfas,pfas,1,RELEVANT,4,0,Updated systematic review and meta-analysis on semen parameters. Channel-1; leakage wall applies.,,
W7154607964,10.1021/envhealth.5c00832,2026,Exposure to Legacyand Novel Per- and PolyfluoroalkylSubstances and Diminished Ovarian Reserve: Evidence from Blood-FollicleTransfer and Mixture Risk Assessment in Reproductive-Aged Women,Environment & Health,OVARIAN_PARAMETER,pfas,pfas,1,RELEVANT,3,0,Diminished ovarian reserve; also carries blood-follicle transfer data.,,
W7123517430,10.21203/rs.3.rs-8080347/v1,2026,Size- and hydrophobicity-dependent accumulation of microplastics in follicular fluid is linked to impaired ovarian reserve in women undergoing medically assisted reproduction,Research Square,OVARIAN_PARAMETER,plastic,plastic,1,RELEVANT,2,0,"IMPORTANT — human follicular-fluid MP linked to impaired ovarian reserve, size- and hydrophobicity-resolved. ART frame (Wall 4 selection).",,
W4308437118,10.21203/rs.3.rs-2228346/v1,2022,Effect of PFOA exposure on ovarian reserve function and its metabolism,Research Square,OVARIAN_PARAMETER,pfas,pfas,1,RELEVANT,2,0,"Ovarian reserve function. Near-duplicate of W4318817956 — same exposure, same endpoint, similar title; check for overlap at extraction.",,
W4415721055,10.1093/enendo/wkaf002,2025,Serum concentrations of per- and polyfluoroalkyl substances in women with premature ovarian insufficiency: a cross-sectional case–control study,Environmental Endocrinology,OVARIAN_PARAMETER,pfas,pfas,2,RELEVANT,1,0,"Premature ovarian insufficiency, case-control.",,
W7131795704,10.3389/fendo.2026.1758118,2026,Association between PFAS compounds in follicular fluid and POR and the intervention effect of Qizi Yusi Tang: a study based on targeted PFAS quantification analysis,Frontiers in Endocrinology,OVARIAN_PARAMETER,pfas,pfas,2,RELEVANT,1,0,Follicular-fluid PFAS and poor ovarian response; the herbal-intervention arm is off-cell.,,
W7154503712,10.1016/j.reprotox.2026.109247,2026,"Associations between pollutants, the regularity of daily sex hormone patterns, and hormone profiles over a complete menstrual cycle",Reproductive Toxicology,OVARIAN_PARAMETER,pfas,unclear,2,RELEVANT,1,0,Daily hormone profiles across a complete cycle — unusually fine outcome measurement.,,
W7162817138,10.31083/ceog48278,2026,Association of Perfluoroheptanoic Acid With Total Testosterone: A Retrospective Study in Women of Childbearing Age and an Experimental Study in Female Mice Exposed to Perfluoroheptanoic Acid,Clinical and Experimental Obstetrics & Gynecology,OVARIAN_PARAMETER,pfas,pfas,2,RELEVANT,1,0,"Total testosterone in women of childbearing age, with an experimental arm.",,
W2160337287,10.1155/2012/713696,2012,Endocrine-Disrupting Chemicals: Associated Disorders and Mechanisms of Action,Journal of Environmental and Public Health,MIXTURE_UNSEPARABLE,pfas,unclear,1,RELEVANT,2,613,Wall 1. EDC disorders and mechanisms.,,
W3131348191,10.1016/j.scitotenv.2021.145758,2021,"A comparative review of microplastics and nanoplastics: Toxicity hazards on digestive, reproductive and nervous system",The Science of The Total Environment,INSUFFICIENT_INFO,plastic,plastic,3,UNCERTAIN,2,436,Multi-system toxicity review; species scope unstated.,,
W1672471417,10.2478/v10001-009-0036-1,2009,Environmental factors and semen quality,International Journal of Occupational Medicine and Environmental Health,MIXTURE_UNSEPARABLE,none,unclear,2,RELEVANT,1,193,Wall 1.,,
W2739697276,10.1080/14647273.2017.1358828,2017,"Exposure to modern, widespread environmental endocrine disrupting chemicals and their effect on the reproductive potential of women: an overview of current epidemiological evidence",Human Fertility,MIXTURE_UNSEPARABLE,pfas,unclear,1,RELEVANT,3,190,Wall 1. EDC overview on women's reproductive potential.,,
W1513271034,10.1289/ehp.1205301,2012,Persistent Environmental Pollutants and Couple Fecundity: The LIFE Study,Environmental Health Perspectives,MIXTURE_UNSEPARABLE,pfas,both,1,RELEVANT,8,185,LIFE Study persistent pollutants: spans PFAS and organochlorines (B.2). Wall 1 — separability not determinable from the abstract.,,
W3114112276,10.1016/j.envres.2020.110694,2020,Endocrine disrupting chemicals: Impacts on human fertility and fecundity during the peri-conception period,Environmental Research,ROUTING_DEFERRED_TO_FULLTEXT,none,unclear,3,UNCERTAIN,8,164,'Endocrine disrupting chemicals' generally; whether B.6-family compounds are separately estimated is not visible and no abstract is indexed. Wall 1.,,
W4385774153,10.1016/j.scitotenv.2023.166258,2023,Adverse effects of microplastics and nanoplastics on the reproductive system: A comprehensive review of fertility and potential harmful interactions,The Science of The Total Environment,INSUFFICIENT_INFO,plastic,plastic,3,UNCERTAIN,3,116,"Comprehensive review of MP/NP reproductive effects; species scope not stated in the abstract, and this literature is predominantly rodent and in vitro.",,
W4293767673,10.3389/ftox.2022.901798,2022,Developmental and reproductive toxic effects of exposure to microplastics: A review of associated signaling pathways,Frontiers in Toxicology,INSUFFICIENT_INFO,plastic,plastic,3,UNCERTAIN,2,97,Signalling-pathway review; species scope unstated.,,
W2889548859,10.3390/ijerph15091880,2018,Reproductive Function in a Population of Young Faroese Men with Elevated Exposure to Polychlorinated Biphenyls (PCBs) and Perfluorinated Alkylate Substances (PFAS),International Journal of Environmental Research and Public Health,MIXTURE_UNSEPARABLE,pfas,both,1,RELEVANT,4,93,"Faroese men, PCBs and PFAS jointly. Wall 1; high-exposure population also relevant to Wall 9.",,
W2916698263,10.1186/s12958-018-0448-5,2019,Water and soil pollution as determinant of water and food quality/contamination and its impact on female fertility,Reproductive Biology and Endocrinology,MIXTURE_UNSEPARABLE,pfas,unclear,1,RELEVANT,6,87,"Wall 1. Water and soil pollution generally, female fertility outcome.",,
W1967553734,10.1136/oemed-2014-102264,2014,"Phthalates, perfluoroalkyl acids, metals and organochlorines and reproductive function: a multipollutant assessment in Greenlandic, Polish and Ukrainian men",Occupational and Environmental Medicine,MIXTURE_UNSEPARABLE,pfas,both,2,RELEVANT,1,84,"Wall 1. Multipollutant reproductive-function assessment, Greenlandic population — phthalates, PFAA, metals and organochlorines jointly.",,
W4309587595,10.1002/mrd.23652,2022,The effects of endocrine‐disrupting chemicals on ovarian‐ and ovulation‐related fertility outcomes,Molecular Reproduction and Development,MIXTURE_UNSEPARABLE,none,unclear,1,RELEVANT,4,68,Wall 1. EDCs on ovulation-related fertility outcomes.,,
W4386220768,10.3389/fphys.2023.1254886,2023,Toxicity of microplastics and nanoplastics: invisible killers of female fertility and offspring health,Frontiers in Physiology,INSUFFICIENT_INFO,plastic,plastic,3,UNCERTAIN,4,65,Review titled on female fertility; species scope unstated.,,
W4318336296,10.1016/j.jclepro.2023.136191,2023,"Perfluoroalkyl and polyfluoroalkyl substances (PFAS) adsorbed on microplastics in drinking water: Implications for female exposure, reproductive health risk and its mitigation strategies through in silico methods",Journal of Cleaner Production,MIXTURE_UNSEPARABLE,both,both,1,RELEVANT,3,55,"Wall 1's physical case: PFAS adsorbed ONTO microplastics. In-silico, so no human estimate.",,
W4353056596,10.1016/j.scitotenv.2023.163028,2023,The unheeded inherent connections and overlap between microplastics and poly- and perfluoroalkyl substances: A comprehensive review,The Science of The Total Environment,MIXTURE_UNSEPARABLE,both,both,1,RELEVANT,2,49,"IMPORTANT for Wall 1 — a comprehensive review of the overlap between microplastics and PFAS, i.e. of B.6's two families as one problem. Directly relevant to whether the Call 1 chapter split is defensible against the physical co-occurrence of the exposures.",,
W2965051076,10.1016/j.envint.2019.105066,2019,Seminal plasma metabolites mediate the associations of multiple environmental pollutants with semen quality in Chinese men,Environment International,MIXTURE_UNSEPARABLE,pfas,both,2,RELEVANT,1,49,"Wall 1. Arsenic, phthalates and PFCs jointly against semen quality.",,
W2319809145,10.1111/andr.12171,2016,Paternal exposures to environmental chemicals and time‐to‐pregnancy: overview of results from the<scp>LIFE</scp>study,Andrology,MIXTURE_UNSEPARABLE,none,unclear,1,RELEVANT,2,48,"Wall 1. LIFE Study paternal exposures across many chemical classes, TTP outcome.",,
W2169539291,10.1530/rep-13-0472,2013,Persistent environmental pollutants and couple fecundity: an overview,Reproduction,MIXTURE_UNSEPARABLE,pfas,unclear,1,RELEVANT,3,42,Wall 1. Couple fecundity across pollutant classes.,,
W4403779899,10.1016/j.ecoenv.2024.117245,2024,Reproductive and developmental implications of micro- and nanoplastic internalization: Recent advances and perspectives,Ecotoxicology and Environmental Safety,INSUFFICIENT_INFO,plastic,plastic,3,UNCERTAIN,2,39,Species scope unstated.,,
W3204210883,10.3389/fgene.2021.692897,2021,Overview of the Mechanisms of Action of Selected Bisphenols and Perfluoroalkyl Chemicals on the Male Reproductive Axes,Frontiers in Genetics,MIXTURE_UNSEPARABLE,pfas,both,1,RELEVANT,4,35,Wall 1. Bisphenols and perfluoroalkyls on the male reproductive axes.,,
W4406980968,10.1016/j.toxrep.2025.101938,2025,Microplastics: A threat to Fetoplacental unit and Reproductive systems,Toxicology Reports,INSUFFICIENT_INFO,plastic,plastic,3,UNCERTAIN,2,26,Species scope unstated.,,
W132620466,10.1016/b978-0-12-382032-7.10047-5,2011,Perfluorooctane sulfonate (PFOS) and perfluorooctanoic acid (PFOA),Elsevier eBooks,INSUFFICIENT_INFO,pfas,pfas,3,UNCERTAIN,3,25,Title only.,,
W4405642070,10.1007/s13273-024-00498-8,2024,Impact and mechanisms of microplastics and nanoplastics on the reproductive system,Molecular & Cellular Toxicology,INSUFFICIENT_INFO,plastic,plastic,3,UNCERTAIN,3,20,No abstract; species scope not determinable.,,
W4390058404,10.3390/ijms25010136,2023,Perfluorooctanoic Acid (PFOA) Exposure Compromises Fertility by Affecting Ovarian and Oocyte Development,International Journal of Molecular Sciences,INSUFFICIENT_INFO,pfas,pfas,3,UNCERTAIN,2,14,"'Compromises fertility' via ovarian and oocyte development — species not stated, and this design shape is usually rodent. Defer rather than assume.",,
W4323350289,10.1093/humrep/dead028,2023,Serum persistent organic pollutants and diminished ovarian reserve: a single-exposure and mixture exposure approach from a French case–control study,Human Reproduction,MIXTURE_UNSEPARABLE,none,unclear,2,RELEVANT,1,13,"Wall 1. Diminished ovarian reserve against POPs; single-exposure arm may be separable, so this could become B.6's at full text.",,
W4403750750,10.1530/rep-24-0155,2024,IMPACT OF REAL-LIFE ENVIRONMENTAL EXPOSURES ON REPRODUCTION: Impact of human-relevant doses of endocrine-disrupting chemical and drug mixtures on testis development and function,Reproduction,MIXTURE_UNSEPARABLE,plastic,unclear,1,RELEVANT,2,12,Wall 1. EDC and drug mixtures on testis development.,,
W7128249970,10.1016/j.ecoenv.2026.119831,2026,Size-dependent toxicological effects of microplastics: A review,Ecotoxicology and Environmental Safety,INSUFFICIENT_INFO,plastic,plastic,3,UNCERTAIN,4,12,Size-dependent toxicology review; species and endpoint scope unstated.,,
W4404137738,10.1021/acs.est.4c04356,2024,Characterization of Chemical Exposome in A Paired Human Preconception Pilot Study,Environmental Science & Technology,MIXTURE_UNSEPARABLE,pfas,unclear,2,RELEVANT,1,11,Wall 1. Paired preconception exposome.,,
W4409259355,10.1016/j.jhazmat.2025.138210,2025,New insights into the reproductive hazards posed by polystyrene nanoplastics,Journal of Hazardous Materials,INSUFFICIENT_INFO,plastic,plastic,3,UNCERTAIN,1,10,Species scope not stated.,,
W4406939348,10.1055/s-0044-1801388,2024,Endocrine-Disrupting Chemicals and Female Reproductive Aging,Seminars in Reproductive Medicine,MIXTURE_UNSEPARABLE,pfas,unclear,2,RELEVANT,1,8,Wall 1. EDCs and female reproductive aging.,,
W4412521228,10.1016/j.reprotox.2025.109002,2025,Unravelling the potential mechanisms of nano- and microplastic toxicity to the male reproductive system: A systematic review,Reproductive Toxicology,INSUFFICIENT_INFO,plastic,plastic,3,UNCERTAIN,2,8,Systematic review of male reproductive mechanisms; species scope unstated and probably preclinical.,,
W4407164619,10.1055/s-0044-1801405,2024,Environmental Exposures and Polycystic Ovary Syndrome: A Review,Seminars in Reproductive Medicine,MIXTURE_UNSEPARABLE,plastic,unclear,2,RELEVANT,1,7,Wall 1. Environmental exposures and PCOS.,,
W4401375383,10.3389/frph.2024.1394099,2024,Drinking water quality impacts oocyte viability and embryo development,Frontiers in Reproductive Health,INSUFFICIENT_INFO,pfas,unclear,3,UNCERTAIN,1,7,Drinking-water quality and oocyte viability; species and exposure class both unstated.,,
W4404640241,10.17749/2313-7347/ob.gyn.rep.2024.564,2024,The influence of environmental factors on woman's reproductive health,Obstetrics Gynecology and Reproduction,MIXTURE_UNSEPARABLE,pfas,unclear,2,RELEVANT,1,6,Wall 1.,,
W571742238,10.1016/b978-0-12-804239-7.00043-3,2017,Perfluorooctane Sulfonate and Perfluorooctanoic Acid,Elsevier eBooks,INSUFFICIENT_INFO,pfas,pfas,3,UNCERTAIN,9,6,"Title only, no abstract indexed.",,
W4414070975,10.31083/ceog39882,2025,Environmental Chemicals and Female Reproductive Health: Unraveling Mechanisms and Societal Impacts — A Narrative Review,Clinical and Experimental Obstetrics & Gynecology,MIXTURE_UNSEPARABLE,both,unclear,1,RELEVANT,2,5,Wall 1. Environmental chemicals and female reproductive health.,,
W7130431531,10.3389/fmed.2026.1770866,2026,Environmental determinants of male infertility: emerging threats and technological interventions,Frontiers in Medicine,MIXTURE_UNSEPARABLE,plastic,unclear,1,RELEVANT,2,4,Broad environmental review of male infertility determinants.,,
W4399295872,10.3389/fcell.2024.1335028,2024,Reproductive toxicology of environmental endocrine-disrupting chemicals in women: a cohort study protocol,Frontiers in Cell and Developmental Biology,MIXTURE_UNSEPARABLE,pfas,unclear,2,RELEVANT,1,4,Wall 1. Cohort protocol on EDC reproductive toxicology in women.,,
W4404597180,10.3390/ijerph21121541,2024,Exposure to Environmental Chemicals and Infertility Among US Reproductive-Aged Women,International Journal of Environmental Research and Public Health,MIXTURE_UNSEPARABLE,pfas,unclear,1,RELEVANT,3,3,Wall 1. 23 chemicals against an infertility outcome in US women; separability decides whether this is B.6's.,,
W4409386614,10.1111/andr.70039,2025,Fetal exposure to a mixture of endocrine‐disrupting chemicals and biomarkers of male fecundity: A population‐based cohort study,Andrology,MIXTURE_UNSEPARABLE,pfas,unclear,2,RELEVANT,1,3,Wall 1. EDC mixture including but not limited to B.6 families; male fecundity biomarkers.,,
W7127605826,10.1016/j.reprotox.2026.109181,2026,Uptake of polystyrene nanoplastics by cumulus-oocyte complexes impairs oocyte and embryo development,Reproductive Toxicology,INSUFFICIENT_INFO,plastic,plastic,3,UNCERTAIN,2,3,"Cumulus-oocyte complex uptake; species not stated, and COC maturation work is usually bovine, porcine or murine. Defer rather than assume.",,
W4416427954,10.1016/j.envpol.2025.127413,2025,"Current insights into the impact of plastic-derived pollutants (phthalates), microplastics, and nanoplastics on hypothalamic phenotype and molecular pathways: A scoping review",Environmental Pollution,MIXTURE_UNSEPARABLE,plastic,both,1,RELEVANT,2,2,Wall 1. Phthalates with MP and NP on hypothalamic phenotype.,,
W4416378066,10.1093/exposome/osaf014,2025,Multi-matrix chemical exposome characterization and its association with semen quality,Exposome,MIXTURE_UNSEPARABLE,pfas,unclear,2,RELEVANT,1,2,Wall 1. Multi-matrix exposome against semen quality.,,
W4413890485,10.1080/19396368.2025.2545248,2025,Perilous effects of polystyrene fragments on male reproductive system and tenable directives of remediation,Systems Biology in Reproductive Medicine,INSUFFICIENT_INFO,plastic,plastic,3,UNCERTAIN,2,2,Species scope unstated.,,
W4411807535,10.3389/fpubh.2025.1608861,2025,Association between endocrine disrupting chemicals and female infertility: a study based on NHANES database,Frontiers in Public Health,MIXTURE_UNSEPARABLE,pfas,unclear,1,RELEVANT,3,1,Wall 1. EDCs against female infertility in NHANES; separability decides ownership.,,
W4388578109,10.1007/978-3-031-36494-5_7,2023,Endocrine Disruption in the Male,,MIXTURE_UNSEPARABLE,pfas,unclear,1,RELEVANT,3,1,Wall 1.,,
W7155353192,10.1038/s44454-026-00032-6,2026,"Impacts of environmental stressors on fertility and fecundity across taxa, with implications for planetary health",npj Emerging Contaminants,INSUFFICIENT_INFO,both,unclear,3,UNCERTAIN,2,1,Explicitly cross-taxa review of environmental stressors on fertility; human portion not separable from the abstract.,,
W4393238819,10.59400/jts.v2i1.443,2024,Threats of nano/microplastics to reproduction and offspring: Potential mechanisms and perspectives,Journal of Toxicological Studies,INSUFFICIENT_INFO,plastic,plastic,3,UNCERTAIN,2,1,Species scope unstated.,,
W7128503613,10.1093/biolre/ioag036,2026,Impact of nanoparticles and nanoplastics on female reproductive health,Biology of Reproduction,INSUFFICIENT_INFO,plastic,plastic,3,UNCERTAIN,1,1,Species scope unstated.,,
W4411053503,10.1097/rd9.0000000000000137,2025,The effect of perfluorooctanoic acid on ovarian progesterone production and endometrial receptivity,Reproductive and Developmental Medicine,INSUFFICIENT_INFO,pfas,pfas,3,UNCERTAIN,1,1,Ovarian progesterone and endometrial receptivity; species unstated.,,
W7165908260,10.1016/j.reprotox.2026.109298,2026,Microplastics as trojan horses: A new perspective on bisphenol toxicity in male infertility and assisted reproduction,Reproductive Toxicology,MIXTURE_UNSEPARABLE,plastic,both,1,RELEVANT,2,0,"Wall 1. Microplastics as vectors for bisphenols — physically both families at once, the leaching case the scope names.",,
W4416393312,10.3390/reprodmed6040037,2025,"Environmental Pollution, Endocrine Disruptors, and Metabolic Status: Impact on Female Fertility—A Narrative Review",Reproductive Medicine,MIXTURE_UNSEPARABLE,both,unclear,1,RELEVANT,2,0,Wall 1. EDC and metabolic status on female fertility.,,
W7169720637,10.1093/biolre/ioag154,2026,Evaluation of the reproductive toxicity of endocrine disruptors during early embryo development,Biology of Reproduction,INSUFFICIENT_INFO,pfas,unclear,3,UNCERTAIN,2,0,Species and exposure class unstated.,,
W7172301594,10.3389/fendo.2026.1867408,2026,Microplastics and female infertility: reproductive toxicity and underlying mechanisms,Frontiers in Endocrinology,INSUFFICIENT_INFO,plastic,plastic,3,UNCERTAIN,1,0,Review on MP and female infertility; species scope not stated.,,
W4406926599,10.57582/river.24010203.062,2024,Implication of nano and microplastics in reproduction: understanding oocyte vulnerability,Research Innovation Views Embryology Reproduction.,INSUFFICIENT_INFO,plastic,plastic,3,UNCERTAIN,1,0,Oocyte vulnerability review; species scope unstated.,,
W4415678996,10.1016/j.crtox.2025.100266,2025,Microplastics in ovarian function and ozone-based mitigation strategies: Emerging evidence and translational implications,Current Research in Toxicology,INSUFFICIENT_INFO,plastic,plastic,3,UNCERTAIN,1,0,Ovarian function plus a mitigation-technology arm; species unstated.,,
