openalex_id,study,year,chemical_family,compound,cohort,sampling_frame,exposure_timing,outcome,estimand_level,estimate,ci_low,ci_high,p_value,parity_handling,track,note
W2160568778,"PFAS and time to pregnancy, Greenland/Poland/Ukraine",2014,PFAS_LEGACY,PFNA,INUENDO,"pregnant women, population-based",during pregnancy,time to pregnancy (fecundability),HAZARD_DECREMENT,0.80,0.69,0.94,,none,unrestricted,"Pooled sample, log-scale FR. Exposure measured IN pregnancy, so timing is posterior to the outcome being explained."
W2160568778,"PFAS and time to pregnancy, Greenland/Poland/Ukraine",2014,PFAS_LEGACY,PFNA,INUENDO (Greenland),"pregnant women, population-based",during pregnancy,time to pregnancy (fecundability),HAZARD_DECREMENT,0.72,0.58,0.89,,none,unrestricted,Greenland stratum.
W2160568778,"PFAS and time to pregnancy, Greenland/Poland/Ukraine",2014,PFAS_LEGACY,PFNA,INUENDO,"pregnant women, population-based",during pregnancy,infertility (TTP > 13 months),HAZARD_DECREMENT,1.53,1.08,2.15,,none,unrestricted,Pooled infertility OR.
W2160568778,"PFAS and time to pregnancy, Greenland/Poland/Ukraine",2014,PFAS_LEGACY,PFNA,INUENDO (primiparous),"pregnant women, population-based",during pregnancy,time to pregnancy and infertility,HAZARD_DECREMENT,NOT_REPLICATED,,,,nulliparous_restricted,restricted,THE KEY ROW. The paper's own words: 'in a sensitivity analysis of primiparous women these associations could not be replicated.' No point estimate is given in the abstract; the restricted-track figure must be read off the paper's tables before this row can be pooled.
W2409520153,"PFOSA and fecundability (Brief Report), MoBa",2016,PFAS_LEGACY,PFOSA,MoBa,population-based birth cohort,during pregnancy,time to pregnancy (fecundability odds ratio),HAZARD_DECREMENT,0.91,0.71,1.17,,nulliparous_restricted,restricted,226 primiparous women. NULL. The paper reports no association between any other PFAS and TTP among primiparous women.
W2409520153,"PFOSA and fecundability (Brief Report), MoBa",2016,PFAS_LEGACY,PFOSA,MoBa (all women),population-based birth cohort,during pregnancy,time to pregnancy (fecundability odds ratio),HAZARD_DECREMENT,0.85,0.83,1.09,,none,unrestricted,All women. CI as printed in the source; the lower bound sits implausibly close to the point estimate and should be checked against the published table at second reading.
W4321019748,"PFAS and women's fertility outcomes, Singapore",2023,PFAS_LEGACY,PFDA,S-PRESTO,population-based preconception cohort,preconception,fecundability (per quartile increase),HAZARD_DECREMENT,0.90,0.82,0.98,,parity_adjusted,unrestricted,"Preconception exposure measurement — the timing that identifies. But parity is a COVARIATE, not a restriction, so the reverse-causal channel is only partly closed."
W4321019748,"PFAS and women's fertility outcomes, Singapore",2023,PFAS_LEGACY,PFOS,S-PRESTO,population-based preconception cohort,preconception,fecundability (per quartile increase),HAZARD_DECREMENT,0.88,0.79,0.99,,parity_adjusted,unrestricted,
W4321019748,"PFAS and women's fertility outcomes, Singapore",2023,PFAS_LEGACY,PFOA,S-PRESTO,population-based preconception cohort,preconception,fecundability (per quartile increase),HAZARD_DECREMENT,0.95,0.86,1.06,,parity_adjusted,unrestricted,Null.
W4321019748,"PFAS and women's fertility outcomes, Singapore",2023,PFAS_LEGACY,PFAS mixture,S-PRESTO,population-based preconception cohort,preconception,fecundability (per quartile increase in mixture),HAZARD_DECREMENT,0.89,0.73,1.02,,parity_adjusted,unrestricted,"Mixture WITHIN the PFAS family, so separable — not a Wall 1 case."
W4321019748,"PFAS and women's fertility outcomes, Singapore",2023,PFAS_LEGACY,PFDA,S-PRESTO,population-based preconception cohort,preconception,clinical pregnancy,HAZARD_DECREMENT,0.74,0.56,0.98,,parity_adjusted,unrestricted,"Live-birth ORs were in the same direction but did not reach significance — the further down the causal chain the outcome sits, the weaker the estimate gets."
W2514091930,"Perfluoroalkyl chemicals, menstrual cycle length and fecundity",2016,PFAS_LEGACY,PFDeA,LIFE,preconception couple cohort,preconception,menstrual cycle length (acceleration factor),HAZARD_DECREMENT,1.03,1.00,1.05,,parity_adjusted,unrestricted,"95% CREDIBLE interval, not a confidence interval — Bayesian model. Cycle length is a fertility INPUT, not a fertility quantity. Parity adjustment is conditional on gravidity and appears only in sensitivity analyses."
W4402945134,"Mixed microplastic exposure and sperm dysfunction, China",2024,PLASTIC_PARTICLE,mixed microplastics,"multi-site, China",not established from held text,cross-sectional,sperm concentration,HAZARD_DECREMENT,NUMERIC_UNRECOVERED,,,0.041,not applicable (male),unrestricted,"Direction and p-value legible; point estimate lost to decimal splitting in text extraction. Other endpoints p = 0.083, 0.091. Needs PDF-quality re-extraction."
W4412003778,Microplastics in human semen and semen quality,2025,PLASTIC_PARTICLE,microplastics,not established from held text,not established from held text,cross-sectional,semen quality / immotile spermatozoa,HAZARD_DECREMENT,NUMERIC_UNRECOVERED,,,0.056,not applicable (male),unrestricted,NULL at conventional thresholds (p = 0.056 and 0.080). Reported here because a marginal null is evidence and is exactly what publication bias suppresses.
W7123517430,Microplastics in follicular fluid and ovarian reserve,2026,PLASTIC_PARTICLE,micro/nanoplastics,medically assisted reproduction,ART clinic (Wall 4 selection),cross-sectional,number of retrieved oocytes,HAZARD_DECREMENT,NUMERIC_UNRECOVERED (beta negative),,,0.008,not established,unrestricted,"Significant on retrieved oocytes; AMH only 'a tendency to reduced'. ART-derived, so the sample is selected on subfecundity and the estimate does not transport."
W4412525568,PE and PVC nanoplastics in follicular fluid and seminal plasma,2025,PLASTIC_PARTICLE,"polyethylene, PVC",IVF patients,ART clinic (Wall 4 selection),cross-sectional,fertilization rate,HAZARD_DECREMENT,NUMERIC_UNRECOVERED,,,0.0003,not applicable,unrestricted,"The strongest microplastics p-value held — but fertilization rate in IVF is an ART TREATMENT outcome, which Wall 4 routes to A.17. Retained as an input, not as a fertility quantity."
W4415012676,"Plastic tableware use, microplastic accumulation and sperm quality",2025,PLASTIC_PARTICLE,"polystyrene, PVC, total MP",not established from held text,not established from held text,cross-sectional,sperm motion parameters,HAZARD_DECREMENT,NUMERIC_UNRECOVERED,,,,not applicable (male),unrestricted,"The only behaviourally-defined exposure contrast in the microplastics evidence (tableware use frequency), which is why it matters out of proportion to its size. Numerics need PDF-quality re-extraction."
