id,doi,cell,year,title,oa_status,fetch,fetch_note,text,text_note,url
W4281381859,10.1038/s41467-022-30366-9,PRIMARY_OFFSET_STOPPING,2022,Mothers with higher twinning propensity had lower fertility in pre-industrial Europe,gold,FAILED,"not a PDF — publisher returned b'<!DO' (http 200); route blocked, not closed",-,-,https://doi.org/10.1038/s41467-022-30366-9
W2121466085,10.1098/rspb.2011.0573,PRIMARY_OFFSET_STOPPING,2011,Twinning in humans: maternal heterogeneity in reproduction and survival,green,FAILED,"not a PDF — publisher returned b'\n<!D' (http 200); route blocked, not closed",-,-,https://www.ncbi.nlm.nih.gov/pmc/articles/3203505
W2035695174,10.1098/rspb.2012.0191,PRIMARY_OFFSET_STOPPING,2012,Why is lifetime fertility higher in twinning women?,bronze,FAILED,"not a PDF — publisher returned b'<!DO' (http 403); route blocked, not closed",-,-,https://royalsocietypublishing.org/doi/pdf/10.1098/rspb.2012.0191
W4391400456,10.1017/thg.2024.2,PRIMARY_OFFSET_STOPPING,2024,Family History of Twinning and Fertility Traits in Nigerian Mothers of Dizygotic Twins,hybrid,OK,"http 200, 807kb",OK,29kb text,https://www.cambridge.org/core/services/aop-cambridge-core/content/view/75E98D054CD657A6653A41DC5BD3DD2B/S1832427424000021a.pdf/div-class-title-family-history-of-twinning-and-fertility-traits-in-nigerian-mothers-of-dizygotic-twins-div.pdf
W2017392762,10.1002/ajmg.a.32585,PRIMARY_OFFSET_STOPPING,2008,Familial twinning and fertility in Dutch mothers of twins,green,OK,"http 200, 120kb",OK,50kb text,https://research.vu.nl/ws/files/2326112/Hoekstra%20American%20Journal%20of%20Human%20Genetics%20146A(24)%202008%20u.pdf
W2099637660,10.4054/demres.2004.11.15,PRIMARY_OFFSET_STOPPING,2004,"Childbearing patterns for Swedish mothers of twins, 1961-1999",diamond,OK,"http 200, 275kb",OK,52kb text,https://www.demographic-research.org/volumes/vol11/15/11-15.pdf
W4244451480,10.1093/humrep/deaa091,PRIMARY_OFFSET_STOPPING,2020,Testing the twin testosterone transfer hypothesis—intergenerational analysis of 317 dizygo,hybrid,FAILED,"not a PDF — publisher returned b'<!DO' (http 403); route blocked, not closed",-,-,https://academic.oup.com/humrep/article-pdf/35/7/1702/33660433/deaa091.pdf
W3139670921,10.51964/hlcs9576,PRIMARY_OFFSET_STOPPING,2021,Maternal Life-Histories of Multiple Birth Mothers Compared to Singleton Only Mothers in 19,diamond,OK,"http 200, 198kb",OK,21kb text,https://hlcs.nl/article/download/9576/10104
W2922591672,10.1073/pnas.1812786116,PRIMARY_OFFSET_STOPPING,2019,Evidence that prenatal testosterone transfer from male twins reduces the fertility and soc,bronze,FAILED,"not a PDF — publisher returned b'<!DO' (http 403); route blocked, not closed",-,-,https://www.pnas.org/content/pnas/116/14/6749.full.pdf
W2127779850,10.1046/j.1420-9101.2001.00287.x,PRIMARY_OFFSET_STOPPING,2001,The fitness of twin mothers: evidence from rural Gambia,bronze,FAILED,"not a PDF — publisher returned b'<!DO' (http 403); route blocked, not closed",-,-,https://onlinelibrary.wiley.com/doi/pdfdirect/10.1046/j.1420-9101.2001.00287.x
W2131169732,10.1073/pnas.0605875104,PRIMARY_OFFSET_STOPPING,2007,Male twins reduce fitness of female co-twins in humans,green,FAILED,"not a PDF — publisher returned b'\n<!D' (http 200); route blocked, not closed",-,-,https://www.ncbi.nlm.nih.gov/pmc/articles/1904168
W4391730891,10.1515/bejeap-2022-0461,PRIMARY_OFFSET_FIRSTSTAGE_CANDIDATE,2024,Human Capital Investments and Family Size in Italy: IV Estimates Using Twin Births as an I,hybrid,FAILED,empty body (http 202),-,-,https://www.degruyterbrill.com/document/doi/10.1515/bejeap-2022-0461/pdf
W3203445415,10.31235/osf.io/peuvz,PRIMARY_OFFSET_FIRSTSTAGE_CANDIDATE,2021,The casual effect of fertility: The multiple problems with instrumental variables for the ,gold,FAILED,"not a PDF — publisher returned b'PK\x03\x04' (http 200); route blocked, not closed",-,-,https://osf.io/peuvz/download
W3006048519,10.31235/osf.io/zux9s,PRIMARY_OFFSET_FIRSTSTAGE_CANDIDATE,2017,Instrumental variables based on twin births are by definition not valid (v.3.0),gold,FAILED,"not a PDF — publisher returned b'<!do' (http 200); route blocked, not closed",-,-,https://doi.org/10.31235/osf.io/zux9s
W2189593527,10.3982/qe322,PRIMARY_OFFSET_FIRSTSTAGE_CANDIDATE,2016,Testing the quantity-quality model of fertility: Estimation using unrestricted family size,diamond,FAILED,"not a PDF — publisher returned b'<!DO' (http 403); route blocked, not closed",-,-,https://onlinelibrary.wiley.com/doi/pdfdirect/10.3982/QE322
W2286204193,10.1093/oep/gpv055,PRIMARY_OFFSET_FIRSTSTAGE_CANDIDATE,2015,The impact of children on women’s labour supply and earnings in the UK: evidence using twi,green,FAILED,"not a PDF — publisher returned b'<!DO' (http 403); route blocked, not closed",-,-,https://hull-repository.worktribe.com/output/377943
W2159089697,10.1007/s13524-012-0118-8,PRIMARY_OFFSET_FIRSTSTAGE_CANDIDATE,2012,The Changing Impact of Family Size on Adolescents’ Schooling: Assessing the Exogenous Vari,bronze,FAILED,"not a PDF — publisher returned b'<!DO' (http 403); route blocked, not closed",-,-,https://read.dukeupress.edu/demography/article-pdf/49/4/1453/882647/1453marteleto.pdf
W2259354891,10.1353/jhr.2010.0001,PRIMARY_OFFSET_FIRSTSTAGE_CANDIDATE,2007,"Small Family, Smart Family? Family Size and the IQ Scores of Young Men",bronze,OK,"http 200, 347kb",OK,66kb text,https://muse.jhu.edu/pub/19/article/466724
W2919878897,10.1080/00324728.2019.1577479,PRIMARY_OFFSET_FIRSTSTAGE_CANDIDATE,2019,Family size and educational attainment in England and Wales,green,OK,"http 200, 240kb",OK,55kb text,https://discovery.ucl.ac.uk/10061436/1/sib7.pdf
W1827607807,10.3386/w11835,PRIMARY_OFFSET_FIRSTSTAGE_CANDIDATE,2005,New Evidence on the Causal Link Between the Quantity and Quality of Children,green,OK,"http 200, 421kb",OK,103kb text,https://doi.org/10.3386/w11835
W2904285627,10.1093/jeea/jvz058,PRIMARY_OFFSET_FIRSTSTAGE_CANDIDATE,2019,The Twin Instrument: Fertility and Human Capital Investment,hybrid,FAILED,"not a PDF — publisher returned b'<!DO' (http 403); route blocked, not closed",-,-,https://doi.org/10.1093/jeea/jvz058
W4415313865,10.1111/ecot.70014,PRIMARY_OFFSET_FIRSTSTAGE_CANDIDATE,2025,The Heterogeneous Impact of Children on Maternal Employment: Evidence From East and West G,hybrid,FAILED,"not a PDF — publisher returned b'<!DO' (http 403); route blocked, not closed",-,-,https://doi.org/10.1111/ecot.70014
W2611194184,10.2139/ssrn.2939471,PRIMARY_OFFSET_FIRSTSTAGE_CANDIDATE,2017,The Effects of Gender Composition and Fertility on Motherss Marital Status and Labor Suppl,green,FAILED,"not a PDF — publisher returned b'<!DO' (http 403); route blocked, not closed",-,-,https://doi.org/10.2139/ssrn.2939471
W4379375052,10.56506/znzh9463,PRIMARY_OFFSET_FIRSTSTAGE_CANDIDATE,2023,Family Size and Domestic Violence in a High-Fertility Society,gold,OK,"http 200, 944kb",OK,81kb text,https://www.adb.org/sites/default/files/publication/886831/adbi-wp1394.pdf
W2466738581,,PRIMARY_OFFSET_FIRSTSTAGE_CANDIDATE,2005,The more the merrier? The effect of family size and birth children’s education,green,FAILED,"not a PDF — publisher returned b'<!do' (http 200); route blocked, not closed",-,-,http://hdl.handle.net/11250/165490
W2119175127,10.1353/dem.2008.0006,PRIMARY_OFFSET_FIRSTSTAGE_CANDIDATE,2008,The quantity-Quality trade-Off of children In a developing country: Identification using c,bronze,FAILED,"not a PDF — publisher returned b'<!DO' (http 403); route blocked, not closed",-,-,https://read.dukeupress.edu/demography/article-pdf/45/1/223/879680/223li.pdf
W585763576,,PRIMARY_OFFSET_FIRSTSTAGE_CANDIDATE,2013,When a Little Dirt Doesn’t Hurt : The Effect of Family Size on Child Health Outcomes,green,FAILED,"not a PDF — publisher returned b'<!do' (http 200); route blocked, not closed",-,-,http://urn.kb.se/resolve?urn=urn:nbn:se:lnu:diva-31020
W4320481244,10.3386/w30955,PRIMARY_OFFSET_FIRSTSTAGE_CANDIDATE,2023,Estimating Causal Effects of Fertility on Life Course Outcomes: Evidence Using A Dyadic Ge,green,OK,"http 200, 602kb",OK,109kb text,https://doi.org/10.3386/w30955
W2107668267,10.1111/j.1468-0084.2008.00540.x,PRIMARY_OFFSET_FIRSTSTAGE_CANDIDATE,2009,"Impact of Sibship Size, Birth Order and Sex Composition on School Enrolment in Urban Turke",green,FAILED,"not a PDF — publisher returned b'<!DO' (http 500); route blocked, not closed",-,-,https://hdl.handle.net/11511/30777
W2497065997,10.1007/s12122-016-9231-6,PRIMARY_OFFSET_FIRSTSTAGE_CANDIDATE,2016,The Causal Effects of the Number of Children on Female Employment - Do European Institutio,hybrid,FAILED,"not a PDF — publisher returned b'<!DO' (http 200); route blocked, not closed",-,-,https://link.springer.com/content/pdf/10.1007%2Fs12122-016-9231-6.pdf
W1762142672,10.4054/demres.2015.32.51,PRIMARY_OFFSET_FIRSTSTAGE_CANDIDATE,2015,The causal effect of an additional sibling on completed fertility: An estimation of interg,diamond,OK,"http 200, 313kb",OK,27kb text,https://www.demographic-research.org/volumes/vol32/51/32-51.pdf
W2801940009,10.3386/w24530,PRIMARY_OFFSET_FIRSTSTAGE_CANDIDATE,2018,The Production of Inequalities within Families and Across Generations: The Intergeneration,green,OK,"http 200, 377kb",OK,198kb text,https://doi.org/10.3386/w24530
W2010791397,10.1007/s13524-011-0076-6,PRIMARY_OFFSET_FIRSTSTAGE_CANDIDATE,2012,Can We Still Learn Something From the Relationship Between Fertility and Mother’s Employme,bronze,FAILED,"not a PDF — publisher returned b'<!DO' (http 403); route blocked, not closed",-,-,https://read.dukeupress.edu/demography/article-pdf/49/1/151/881250/151caceres-delpiano.pdf
W1602351443,,PRIMARY_OFFSET_FIRSTSTAGE_CANDIDATE,2009,Essays on Labor and Demographic Economics: Dissertation Summary,green,FAILED,"not a PDF — publisher returned b'\n<!D' (http 200); route blocked, not closed",-,-,https://research.upjohn.org/dissertation_awards/5
W2569158017,10.1016/j.chieco.2016.12.005,PRIMARY_OFFSET_FIRSTSTAGE_CANDIDATE,2017,A dilemma of fertility and female labor supply: Identification using Taiwanese twins,green,FAILED,"not a PDF — publisher returned b'<!DO' (http 200); route blocked, not closed",-,-,https://repositorio.unal.edu.co/handle/unal/81511
W3080682166,10.1086/711301,PRIMARY_OFFSET_FIRSTSTAGE_CANDIDATE,2020,Twice the Trouble: Twinning and the Cost of Voting,green,FAILED,"not a PDF — publisher returned b'\n\n\n\n' (http 200); route blocked, not closed",-,-,https://research.cbs.dk/en/publications/332dcc15-ebfa-4593-9811-b75f44da07dd
W1867829407,10.3386/w5778,PRIMARY_OFFSET_FIRSTSTAGE_CANDIDATE,1996,Children and Their Parents' Labor Supply: Evidence from Exogenous Variation in Family Size,green,OK,"http 200, 1735kb",NO_TEXT_LAYER,extracted but under 500 bytes — likely a scan,https://doi.org/10.3386/w5778
W4205368078,10.1080/13545701.2021.2015076,PRIMARY_OFFSET_FIRSTSTAGE_CANDIDATE,2022,Family Size and Men’s Labor Market Outcomes: Do Social Beliefs About Men’s Roles in the Fa,hybrid,FAILED,"not a PDF — publisher returned b'<!DO' (http 403); route blocked, not closed",-,-,https://www.tandfonline.com/doi/pdf/10.1080/13545701.2021.2015076?needAccess=true
W7164887640,10.1007/s10824-026-09597-x,PRIMARY_OFFSET_FIRSTSTAGE_CANDIDATE,2026,Family first: the causal effect of family size on cultural participation,hybrid,FAILED,"not a PDF — publisher returned b'<!DO' (http 200); route blocked, not closed",-,-,https://link.springer.com/content/pdf/10.1007/s10824-026-09597-x.pdf
W2905386454,10.1111/coep.12417,PRIMARY_OFFSET_FIRSTSTAGE_CANDIDATE,2018,THE LABOR MARKET CONSEQUENCES OF TEENAGE CHILDBEARING,green,FAILED,"not a PDF — publisher returned b'<!DO' (http 403); route blocked, not closed",-,-,https://hull-repository.worktribe.com/output/1120965
W2145563781,,PRIMARY_OFFSET_FIRSTSTAGE_CANDIDATE,2007,The causal effect of family size on child labor and education,green,FAILED,"not a PDF — publisher returned b'<!do' (http 200); route blocked, not closed",-,-,http://hdl.handle.net/10438/1875
W2182703666,10.3386/w21824,PRIMARY_OFFSET_FIRSTSTAGE_CANDIDATE,2015,The Quantity-Quality Trade-off and the Formation of Cognitive and Non-cognitive Skills,green,OK,"http 200, 255kb",OK,73kb text,https://doi.org/10.3386/w21824
W2253718681,10.1017/dem.2018.22,PRIMARY_OFFSET_FIRSTSTAGE_CANDIDATE,2019,The effect of family size on education: new evidence from China's one-child policy,green,FAILED,"not a PDF — publisher returned b'<!DO' (http 403); route blocked, not closed",-,-,https://doi.org/10.2139/ssrn.2655145
W2087987337,10.1086/260868,PRIMARY_OFFSET_FIRSTSTAGE_CANDIDATE,1980,Life-Cycle Labor Supply and Fertility: Causal Inferences from Household Models,green,FAILED,"not a PDF — publisher returned b'<!do' (http 200); route blocked, not closed",-,-,https://www.econstor.eu/bitstream/10419/160237/1/cdp310.pdf
W2120316448,10.22004/ag.econ.10119,PRIMARY_OFFSET_FIRSTSTAGE_CANDIDATE,2007,Fertility in Developing Countries,green,FAILED,"not a PDF — publisher returned b'\n\n\n\n' (http 200); route blocked, not closed",-,-,http://ageconsearch.umn.edu/record/10119
W2587029746,10.1080/00324728.2016.1260755,PRIMARY_OFFSET_FIRSTSTAGE_CANDIDATE,2017,The effect of number of siblings on adult mortality: Evidence from Swedish registers for c,hybrid,FAILED,"not a PDF — publisher returned b'<!DO' (http 403); route blocked, not closed",-,-,https://www.tandfonline.com/doi/pdf/10.1080/00324728.2016.1260755?needAccess=true
W1512459336,,PRIMARY_OFFSET_FIRSTSTAGE_CANDIDATE,2009,The Impact of Sibling Sex Composition on Women's Educational Achievements: A Unique Natura,green,FAILED,"not a PDF — publisher returned b'<!DO' (http 200); route blocked, not closed",-,-,https://repository.royalholloway.ac.uk/items/aa225457-e449-fb77-ab32-28b08aced20a/1/
W2147838535,10.4067/s0718-88702009000200005,PRIMARY_OFFSET_FIRSTSTAGE_CANDIDATE,2009,TAMAÑO DE FAMILIA Y ORDEN DE NACIMIENTO EN CHILE: USANDO GEMELOS COMO EXPERIMENTO NATURAL,diamond,OK,"http 200, 116kb",OK,52kb text,http://www.scielo.cl/pdf/rae/v24n2/art05.pdf
W3122870105,10.3386/w16566,PRIMARY_OFFSET_FIRSTSTAGE_CANDIDATE,2010,ExtrapoLATE-ing: External Validity and Overidentification in the LATE Framework,green,OK,"http 200, 283kb",OK,64kb text,https://doi.org/10.3386/w16566
W4206199864,10.26686/wgtn.16870629,PRIMARY_OFFSET_FIRSTSTAGE_CANDIDATE,2021,Essays in Applied Microeconomics,gold,FAILED,empty body (http 202),-,-,https://openaccess.wgtn.ac.nz/articles/thesis/Essays_in_Applied_Microeconomics/16870629/1/files/31188127.pdf
W3123778272,,PRIMARY_OFFSET_FIRSTSTAGE_CANDIDATE,2015,"The Effect of Sibling's Gender on Earnings, Education and Family Formation",green,OK,"http 200, 203kb",OK,73kb text,https://docs.iza.org/dp9128.pdf
W3121505940,10.3386/w20443,PRIMARY_OFFSET_FIRSTSTAGE_CANDIDATE,2014,The Impact of Family Composition on Educational Achievement,green,OK,"http 200, 330kb",OK,131kb text,https://doi.org/10.3386/w20443
W2106443985,10.1353/jhr.2008.0003,PRIMARY_OFFSET_FIRSTSTAGE_CANDIDATE,2008,"Short-, Medium-, and Long-Term Consequences of Poor Infant Health: An Analysis Using Sibli",bronze,OK,"http 200, 384kb",OK,104kb text,https://muse.jhu.edu/pub/19/article/466579/pdf
W3025328423,10.1177/2096531120921703,PRIMARY_OFFSET_FIRSTSTAGE_CANDIDATE,2020,The Effect of Sibling Size on Children’s Educational Attainment: Evidence From Indonesia,diamond,FAILED,"not a PDF — publisher returned b'<!DO' (http 403); route blocked, not closed",-,-,https://journals.sagepub.com/doi/pdf/10.1177/2096531120921703
W1492634214,,PRIMARY_OFFSET_FIRSTSTAGE_CANDIDATE,2008,BIRTH SPACING EFFECT ON CHILDREN’S ATTAINMENTS: INDENTIFICATION USING INSTRUMENT VARIABLES,green,FAILED,empty body (http 000),-,-,http://uilis.unsyiah.ac.id/opentheses/items/show/866
W4416339302,10.14712/23361980.2025.20,SECONDARY_ART_MULTIPLES,2025,Multiple births in an era of assisted reproduction and delayed motherhood: Evidence from C,diamond,FAILED,"not a PDF — publisher returned b'<!DO' (http 200); route blocked, not closed",-,-,https://doi.org/10.14712/23361980.2025.20
W2150715287,10.1080/00016340701417323,SECONDARY_ART_MULTIPLES,2007,"Increasing twinning rates in Norway, 1967–2004: the influence of maternal age and assisted",bronze,FAILED,"not a PDF — publisher returned b'<!DO' (http 403); route blocked, not closed",-,-,https://onlinelibrary.wiley.com/doi/pdfdirect/10.1080/00016340701417323
W2156036089,10.1093/aje/kwq286,SECONDARY_ART_MULTIPLES,2010,"RE: ""ESTIMATION OF THE CONTRIBUTION OF NON-ASSISTED REPRODUCTIVE TECHNOLOGY OVULATION STIM",bronze,FAILED,"not a PDF — publisher returned b'<!DO' (http 403); route blocked, not closed",-,-,https://academic.oup.com/aje/article-pdf/172/8/981/783606/kwq286.pdf
W4321782459,10.7759/cureus.35414,SECONDARY_ART_MULTIPLES,2023,Temporal Trends in Multiple Births in Greece: The Evolution of an Epidemic,diamond,OK,"http 200, 777kb",OK,27kb text,https://assets.cureus.com/uploads/original_article/pdf/138296/20230326-23297-1p5hi9y.pdf
W2118092297,10.1375/twin.11.1.70,SECONDARY_ART_MULTIPLES,2008,Factors Associated with Recent Increase of Multiple Births in Spain,bronze,OK,"http 200, 527kb",OK,31kb text,https://www.cambridge.org/core/services/aop-cambridge-core/content/view/DA8E7D4D9ABD4FA7707873D0AAA6FDE1/S183242740000877Xa.pdf/div-class-title-factors-associated-with-recent-increase-of-multiple-births-in-spain-div.pdf
W2098661971,10.1375/1369052012696,SECONDARY_ART_MULTIPLES,2001,The Effects of Assisted Reproduction on the Trends and Zygosity of Multiple Births in Engl,bronze,OK,"http 200, 262kb",OK,20kb text,https://www.cambridge.org/core/services/aop-cambridge-core/content/view/8B97EE6A46CE82AADDD6070E3BD6804F/S1369052300002221a.pdf/div-class-title-the-effects-of-assisted-reproduction-on-the-trends-and-zygosity-of-multiple-births-in-england-and-wales-1974-99-div.pdf
W2060625473,10.1375/twin.10.2.406,SECONDARY_ART_MULTIPLES,2007,Regional Variations in Trends for Multiple Births: A Population-Based Evaluation in France,bronze,OK,"http 200, 152kb",OK,45kb text,https://www.cambridge.org/core/services/aop-cambridge-core/content/view/1C7F3F512DECF7AC2F9228BB67DA6597/S1832427400007970a.pdf/div-class-title-regional-variations-in-trends-for-multiple-births-a-population-based-evaluation-in-france-1972-2003-div.pdf
W2129365860,10.1530/rep-08-0206,SECONDARY_ART_MULTIPLES,2008,Monozygotic twinning associated with assisted reproductive technologies: a review,bronze,FAILED,"not a PDF — publisher returned b'<!DO' (http 403); route blocked, not closed",-,-,https://rep.bioscientifica.com/downloadpdf/journals/rep/136/4/377.pdf
W2013546992,10.2188/jea.je20100189,SECONDARY_ART_MULTIPLES,2011,Effect of Maternal Age and Fertility Treatment on the Increase in Multiple Births in Japan,gold,OK,"http 200, 327kb",OK,21kb text,https://www.jstage.jst.go.jp/article/jea/21/6/21_JE20100189/_pdf
W2086969553,10.4414/smw.2013.13864,SECONDARY_ART_MULTIPLES,2013,"Origin and outcome of multiple pregnancies in Bern, Switzerland, 1995–2006 and the current",diamond,OK,"http 200, 424kb",OK,27kb text,https://smw.ch/index.php/smw/article/download/1753/2388
W4367669110,10.1002/ijgo.14817,SECONDARY_ART_MULTIPLES,2023,Twin birth rates and obstetric interventions in Iceland: A nationwide study from 1997 to 2,hybrid,FAILED,"not a PDF — publisher returned b'<!DO' (http 403); route blocked, not closed",-,-,https://onlinelibrary.wiley.com/doi/pdfdirect/10.1002/ijgo.14817
W2134088873,10.1093/humupd/dmh048,SECONDARY_ART_MULTIPLES,2004,"Multiple gestation and infertility treatment: registration, reflection and reaction—the Be",bronze,FAILED,"not a PDF — publisher returned b'<!DO' (http 403); route blocked, not closed",-,-,https://academic.oup.com/humupd/article-pdf/11/1/3/1673214/dmh048.pdf
W2094795239,10.1016/j.fertnstert.2014.12.127,SECONDARY_ART_MULTIPLES,2015,Embryo transfer practices and multiple births resulting from assisted reproductive technol,bronze,FAILED,"not a PDF — publisher returned b'<!DO' (http 403); route blocked, not closed",-,-,http://www.fertstert.org/article/S0015028214025588/pdf
W1974932887,10.2217/17455057.3.3.301,SECONDARY_ART_MULTIPLES,2007,Multiple-Gestation Pregnancies after Assisted Reproductive Technology Treatment: Populatio,gold,FAILED,"not a PDF — publisher returned b'<!DO' (http 403); route blocked, not closed",-,-,https://doi.org/10.2217/17455057.3.3.301
W4379509030,10.1001/jamanetworkopen.2023.16696,SECONDARY_ART_MULTIPLES,2023,Evaluation of Assisted Reproductive Technology Health Insurance Coverage for Multiple Preg,gold,FAILED,"not a PDF — publisher returned b'<!DO' (http 403); route blocked, not closed",-,-,https://jamanetwork.com/journals/jamanetworkopen/articlepdf/2805607/cha_2023_oi_230507_1685119962.02873.pdf
W2012722597,10.1016/j.fertnstert.2007.01.112,SECONDARY_ART_MULTIPLES,2007,The relative contribution of assisted reproductive technologies and ovulation induction to,bronze,FAILED,"not a PDF — publisher returned b'<!DO' (http 403); route blocked, not closed",-,-,http://www.fertstert.org/article/S0015028207002464/pdf
W1989325480,10.1016/j.fertnstert.2012.02.031,SECONDARY_ART_MULTIPLES,2012,Ovarian stimulation and intrauterine insemination at the quarter centennial: implications ,bronze,FAILED,"not a PDF — publisher returned b'<!DO' (http 403); route blocked, not closed",-,-,http://www.fertstert.org/article/S0015028212002658/pdf
W1971113173,10.1136/bmj.38443.595046.e0,SECONDARY_ART_MULTIPLES,2005,"Temporal trends in multiple births after in vitro fertilisation in Sweden, 1982-2001: a re",bronze,OK,"http 200, 76kb",OK,12kb text,https://www.bmj.com/content/bmj/331/7513/382.full.pdf
W3181904105,10.1007/s10815-021-02268-0,SECONDARY_ART_MULTIPLES,2021,"Trend of medically induced monozygotic twin deliveries according to age, parity, and type ",hybrid,FAILED,"not a PDF — publisher returned b'<!DO' (http 200); route blocked, not closed",-,-,https://link.springer.com/content/pdf/10.1007/s10815-021-02268-0.pdf
W2118961481,10.1093/humrep/dei363,SECONDARY_ART_MULTIPLES,2005,"Trends in embryo transfer practices and multiple gestation for IVF procedures in the USA, ",bronze,FAILED,"not a PDF — publisher returned b'<!DO' (http 403); route blocked, not closed",-,-,https://academic.oup.com/humrep/article-pdf/21/3/694/2309522/dei363.pdf
W2086970734,10.1016/s1472-6483(10)62069-x,SECONDARY_ART_MULTIPLES,2003,Infertility therapy-associated multiple pregnancies (births): an ongoing epidemic,bronze,FAILED,"not a PDF — publisher returned b'\n\n\n\n' (http 200); route blocked, not closed",-,-,https://doi.org/10.1016/s1472-6483(10)62069-x
W2430933230,10.17772/gp/60549,SECONDARY_ART_MULTIPLES,2015,Assisted reproductive medicine in Poland – Fertility and Sterility Special Interest Group ,gold,FAILED,"not a PDF — publisher returned b'<!DO' (http 200); route blocked, not closed",-,-,https://doi.org/10.17772/gp/60549
W2521861472,10.1093/humrep/dew232,SECONDARY_ART_MULTIPLES,2016,Population trends and live birth rates associated with common ART treatment strategies,bronze,FAILED,"not a PDF — publisher returned b'<!DO' (http 403); route blocked, not closed",-,-,https://academic.oup.com/humrep/article-pdf/31/11/2632/6629173/dew232.pdf
W2182054530,10.4414/smw.2015.14087,SECONDARY_ART_MULTIPLES,2015,Twenty years’ experience with the Swiss data registry for assisted reproductive medicine: ,diamond,OK,"http 200, 1567kb",OK,38kb text,https://smw.ch/index.php/smw/article/download/1991/2862
W3046588085,10.1093/hropen/hoaa032,SECONDARY_ART_MULTIPLES,2020,"ART in Europe, 2016: results generated from European registries by ESHRE†",gold,FAILED,"not a PDF — publisher returned b'<!DO' (http 403); route blocked, not closed",-,-,https://academic.oup.com/hropen/article-pdf/2020/3/hoaa032/33554312/hoaa032.pdf
W4395466609,10.1001/jamanetworkopen.2024.8496,SECONDARY_ART_MULTIPLES,2024,Multifetal Pregnancy After Implementation of a Publicly Funded Fertility Program,gold,FAILED,"not a PDF — publisher returned b'<!DO' (http 403); route blocked, not closed",-,-,https://jamanetwork.com/journals/jamanetworkopen/articlepdf/2818091/velez_2024_oi_240310_1713456857.8704.pdf
W2601559204,10.1159/000464286,SECONDARY_ART_MULTIPLES,2017,Re-Thinking Elective Single Embryo Transfer: Increased Risk of Monochorionic Twinning - A ,bronze,FAILED,"not a PDF — publisher returned b'<!DO' (http 403); route blocked, not closed",-,-,https://www.karger.com/Article/Pdf/464286
W2086723251,10.1016/j.fertnstert.2008.03.066,SECONDARY_ART_MULTIPLES,2008,Impact of blastocyst transfer on offspring sex ratio and the monozygotic twinning rate: a ,bronze,FAILED,"not a PDF — publisher returned b'<!DO' (http 403); route blocked, not closed",-,-,http://www.fertstert.org/article/S0015028208007401/pdf
W2159003695,10.1093/humrep/dei298,SECONDARY_ART_MULTIPLES,2005,Randomized single versus double embryo transfer: obstetric and paediatric outcome and a co,bronze,FAILED,"not a PDF — publisher returned b'<!DO' (http 403); route blocked, not closed",-,-,https://academic.oup.com/humrep/article-pdf/21/1/210/1527737/dei298.pdf
W2052612486,10.1186/1477-7827-7-36,SECONDARY_ART_MULTIPLES,2009,Single-embryo transfer reduces clinical pregnancy rates and live births in fresh IVF and I,gold,FAILED,"not a PDF — publisher returned b'<!DO' (http 200); route blocked, not closed",-,-,https://rbej.biomedcentral.com/counter/pdf/10.1186/1477-7827-7-36
W2110106024,10.1002/14651858.cd003416.pub4,SECONDARY_ART_MULTIPLES,2013,Number of embryos for transfer following in vitro fertilisation or intra-cytoplasmic sperm,bronze,FAILED,"not a PDF — publisher returned b'<htm' (http 412); route blocked, not closed",-,-,https://www.cochranelibrary.com/cdsr/doi/10.1002/14651858.CD003416.pub4/pdf/full
W2304227435,10.1056/nejmoa1414827,SECONDARY_ART_MULTIPLES,2015,"Letrozole, Gonadotropin, or Clomiphene for Unexplained Infertility",bronze,FAILED,"not a PDF — publisher returned b'<!DO' (http 403); route blocked, not closed",-,-,https://www.nejm.org/doi/pdf/10.1056/NEJMoa1414827?articleTools=true
W2044283443,10.1136/bmj.g7771,SECONDARY_ART_MULTIPLES,2015,Prevention of multiple pregnancies in couples with unexplained or mild male subfertility: ,hybrid,FAILED,"not a PDF — publisher returned b'erro' (http 429); route blocked, not closed",-,-,https://www.bmj.com/content/bmj/350/bmj.g7771.full.pdf
W2106887960,10.1093/humrep/deh672,SECONDARY_ART_MULTIPLES,2004,Two cycles with single embryo transfer versus one cycle with double embryo transfer: a ran,bronze,FAILED,"not a PDF — publisher returned b'<!DO' (http 403); route blocked, not closed",-,-,https://academic.oup.com/humrep/article-pdf/20/3/702/6953074/deh672.pdf
W4210467869,10.1186/s12958-022-00899-1,SECONDARY_ART_MULTIPLES,2022,Comparisons of benefits and risks of single embryo transfer versus double embryo transfer:,gold,FAILED,"not a PDF — publisher returned b'<!DO' (http 200); route blocked, not closed",-,-,https://rbej.biomedcentral.com/counter/pdf/10.1186/s12958-022-00899-1
W2110998764,10.1186/1472-6874-9-35,SECONDARY_ART_MULTIPLES,2009,The INeS study: prevention of multiple pregnancies: a randomised controlled trial comparin,gold,FAILED,"not a PDF — publisher returned b'<!DO' (http 200); route blocked, not closed",-,-,https://bmcwomenshealth.biomedcentral.com/track/pdf/10.1186/1472-6874-9-35
W1960405315,10.3109/14647273.2015.1083144,SECONDARY_ART_MULTIPLES,2015,Elective Single Embryo Transfer: an update to UK Best Practice Guidelines,hybrid,FAILED,"not a PDF — publisher returned b'<!DO' (http 403); route blocked, not closed",-,-,https://www.tandfonline.com/doi/pdf/10.3109/14647273.2015.1083144?needAccess=true&role=button
W4391875770,10.1093/humrep/deae010,SECONDARY_ART_MULTIPLES,2024,ESHRE guideline: number of embryos to transfer during IVF/ICSI,hybrid,FAILED,"not a PDF — publisher returned b'<!DO' (http 403); route blocked, not closed",-,-,https://academic.oup.com/humrep/advance-article-pdf/doi/10.1093/humrep/deae010/56671777/deae010.pdf
W2419574347,10.12891/ceog1847.2015,SECONDARY_ART_MULTIPLES,2015,Improved neonatal prognosis following restriction in the number of transferred embryos in ,bronze,OK,"http 200, 93kb",OK,28kb text,https://www.imrpress.com/journal/CEOG/42/4/10.12891/ceog1847.2015/pdf
W2094231820,10.1136/bmj.312.7035.879,EXPOSURE_SERIES,1996,Twin births to mothers who are twins: a registry based study,green,FAILED,"not a PDF — publisher returned b'\n<!D' (http 200); route blocked, not closed",-,-,https://www.ncbi.nlm.nih.gov/pmc/articles/2350609
W1784040407,10.2307/3654895,EXPOSURE_SERIES,2004,"The Frequency of Twin Births in France. The Triple Influence of Biology, Medicine and Fami",green,FAILED,"not a PDF — publisher returned b'<!DO' (http 200); route blocked, not closed",-,-,http://hdl.handle.net/20.500.12204/AX_Vg9iiBnm4X3q6CnqO
W4389328752,10.1093/humrep/dead247,EXPOSURE_SERIES,2023,Genome-wide association study meta-analysis of dizygotic twinning illuminates genetic regu,hybrid,FAILED,"not a PDF — publisher returned b'<!DO' (http 403); route blocked, not closed",-,-,https://academic.oup.com/humrep/advance-article-pdf/doi/10.1093/humrep/dead247/54025663/dead247.pdf
W2133326212,10.1375/twin.12.1.79,EXPOSURE_SERIES,2009,The Estimated Probability of Dizygotic Twins: A Comparison of Two Methods,bronze,OK,"http 200, 274kb",OK,25kb text,https://www.cambridge.org/core/services/aop-cambridge-core/content/view/D9CB6404D98BC9C2148006E13F24A336/S1832427400009610a.pdf/div-class-title-the-estimated-probability-of-dizygotic-twins-a-comparison-of-two-methods-div.pdf
W2319773800,10.3861/jshhe.41.59,EXPOSURE_SERIES,1975,Twin Registration and Related Superstition,diamond,OK,"http 200, 840kb",OK,18kb text,https://www.jstage.jst.go.jp/article/jshhe1931/41/2/41_2_59/_pdf
W2166512904,10.1093/humrep/dep030,EXPOSURE_SERIES,2009,Traces of embryogenesis are the same in monozygotic and dizygotic twins: not compatible wi,green,FAILED,"not a PDF — publisher returned b'\n<!D' (http 200); route blocked, not closed",-,-,https://www.ncbi.nlm.nih.gov/pmc/articles/2683734
W2202932755,10.1017/s1120962300024707,EXPOSURE_SERIES,1972,Pituitary Gonadotropins and Multiple Births in Nigeria,bronze,OK,"http 200, 183kb",OK,7kb text,https://www.cambridge.org/core/services/aop-cambridge-core/content/view/68FAE645BC14456D5C3DDBB34AB57641/S1120962300024707a.pdf/div-class-title-pituitary-gonadotropins-and-multiple-births-in-nigeria-div.pdf
W2342971458,10.1016/j.ajhg.2016.03.008,EXPOSURE_SERIES,2016,Identification of Common Genetic Variants Influencing Spontaneous Dizygotic Twinning and F,bronze,FAILED,"not a PDF — publisher returned b'<!DO' (http 403); route blocked, not closed",-,-,https://www.cell.com/article/S000292971630043X/pdf
W2094047998,10.1016/s0140-6736(00)40112-1,EXPOSURE_SERIES,1841,STATISTICS OF MULTIPLE BIRTHS.,green,FAILED,"not a PDF — publisher returned b'\n\n\n<' (http 200); route blocked, not closed",-,-,https://zenodo.org/record/1708100
W2091935889,,EXPOSURE_SERIES,2010,Births: Final Data for 2015.,green,FAILED,"not a PDF — publisher returned b'\n<!D' (http 200); route blocked, not closed",-,-,http://digitalcommons.unl.edu/publichealthresources/65
W4402319170,10.1017/thg.2024.26,EXPOSURE_SERIES,2024,Maternal Characteristics in Natural and Medically Assisted Reproduction Dizygotic Twin Pre,hybrid,OK,"http 200, 232kb",OK,43kb text,https://www.cambridge.org/core/services/aop-cambridge-core/content/view/AB9CF46EF482954BCF9E2D06153AD469/S1832427424000264a.pdf/div-class-title-maternal-characteristics-in-natural-and-medically-assisted-reproduction-dizygotic-twin-pregnancies-div.pdf
W4388932244,10.1017/thg.2023.45,EXPOSURE_SERIES,2023,GWAS of Dizygotic Twinning in an Enlarged Australian Sample of Mothers of DZ Twins,hybrid,OK,"http 200, 2182kb",OK,45kb text,https://www.cambridge.org/core/services/aop-cambridge-core/content/view/A8CE0C359550130E80A86B37EF4DF0F0/S1832427423000452a.pdf/div-class-title-gwas-of-dizygotic-twinning-in-an-enlarged-australian-sample-of-mothers-of-dz-twins-div.pdf
W4410793671,10.1007/s10815-025-03515-4,EXPOSURE_SERIES,2025,Polygenic scores for dizygotic twinning: insights into the genetic architecture of female ,hybrid,FAILED,"not a PDF — publisher returned b'<!DO' (http 200); route blocked, not closed",-,-,https://link.springer.com/content/pdf/10.1007/s10815-025-03515-4.pdf
W2055314737,10.1210/jcem.81.4.8636367,EXPOSURE_SERIES,1996,The control of ovulation in mothers of dizygotic twins.,green,FAILED,empty body (http 202),-,-,https://figshare.com/articles/journal_contribution/The_control_of_ovulation_in_mothers_of_dizygotic_twins/20587242
W2788463175,10.15585/mmwr.ss6703a1,EXPOSURE_SERIES,2018,"Assisted Reproductive Technology Surveillance — United States, 2015",hybrid,OK,"http 200, 529kb",OK,116kb text,https://www.cdc.gov/mmwr/volumes/67/ss/pdfs/ss6703-H.pdf
W3110803468,10.15585/mmwr.ss6909a1,EXPOSURE_SERIES,2020,"Assisted Reproductive Technology Surveillance — United States, 2017",diamond,OK,"http 200, 656kb",OK,107kb text,https://www.cdc.gov/mmwr/volumes/69/ss/pdfs/ss6909a1-H.pdf
W2940638343,10.15585/mmwr.ss6804a1,EXPOSURE_SERIES,2019,"Assisted Reproductive Technology Surveillance — United States, 2016",diamond,OK,"http 200, 1555kb",OK,126kb text,https://www.cdc.gov/mmwr/volumes/68/ss/pdfs/ss6804a1-H.pdf
W2917624055,10.15585/mmwr.ss6606a1,EXPOSURE_SERIES,2017,"Assisted Reproductive Technology Surveillance — United States, 2014",hybrid,OK,"http 200, 533kb",OK,115kb text,https://www.cdc.gov/mmwr/volumes/66/ss/pdfs/ss6606.pdf
W3185571058,10.1017/thg.2021.25,EXPOSURE_SERIES,2021,Examining the Vanishing Twin Hypothesis of Neural Tube Defects: Application of an Epigenet,hybrid,OK,"http 200, 237kb",OK,28kb text,https://www.cambridge.org/core/services/aop-cambridge-core/content/view/A805348BE9646D300F0089F69D365108/S1832427421000256a.pdf/div-class-title-examining-the-vanishing-twin-hypothesis-of-neural-tube-defects-application-of-an-epigenetic-predictor-for-monozygotic-twinning-div.pdf
W2465124478,10.1017/s0001566000003470,EXPOSURE_SERIES,1991,Excessive Follicular Recruitment and Growth in Mothers of Spontaneous Dizygotic Twins,bronze,OK,"http 200, 596kb",OK,29kb text,https://www.cambridge.org/core/services/aop-cambridge-core/content/view/6AD9ED30345559A649BB289164B65330/S0001566000003470a.pdf/div-class-title-excessive-follicular-recruitment-and-growth-in-mothers-of-spontaneous-dizygotic-twins-div.pdf
W3021020623,10.1038/s41559-020-1173-y,EXPOSURE_SERIES,2020,An age-dependent ovulatory strategy explains the evolution of dizygotic twinning in humans,green,FAILED,"not a PDF — publisher returned b'\n\n\n\n' (http 200); route blocked, not closed",-,-,https://research-repository.uwa.edu.au/en/publications/97a10dd9-3206-41b4-b18b-270f166df790
W4244642814,10.1210/jc.83.2.481,EXPOSURE_SERIES,1998,Increased Levels and Pulsatility of Follicle-Stimulating Hormone in Mothers of Hereditary ,green,FAILED,"not a PDF — publisher returned b'\n\n\n\n' (http 200); route blocked, not closed",-,-,https://research.vu.nl/en/publications/63914d0f-6b33-4dcc-a9ad-df9885ef4766
W4213171919,10.15585/mmwr.ss7104a1,EXPOSURE_SERIES,2022,"Assisted Reproductive Technology Surveillance — United States, 2018",diamond,OK,"http 200, 1085kb",OK,103kb text,https://www.cdc.gov/mmwr/volumes/71/ss/pdfs/ss7104a1-H.pdf
W3195478203,10.1038/s41467-021-25583-7,EXPOSURE_SERIES,2021,Identical twins carry a persistent epigenetic signature of early genome programming,gold,OK,"http 200, 2549kb",OK,101kb text,https://www.nature.com/articles/s41467-021-25583-7.pdf
W2761876179,10.1017/thg.2017.56,EXPOSURE_SERIES,2017,Seasonality in Multiple Maternities,bronze,OK,"http 200, 242kb",OK,26kb text,https://www.cambridge.org/core/services/aop-cambridge-core/content/view/C5A303121639FCFD7AA7C6C3C8AEE809/S1832427417000561a.pdf/div-class-title-seasonality-in-multiple-maternities-div.pdf
W4404149239,10.1017/thg.2024.40,SECONDARY_PM_VARIATION,2024,Trends in Twin Births and Survival in Rural Spain: Evidence from 18th to 20th Century,hybrid,FAILED,"not a PDF — publisher returned b'<!DO' (http 200); route blocked, not closed",-,-,https://doi.org/10.1017/thg.2024.40
W2145242990,10.47102/10.47102/annals-acadmedsg.v33n2p195,SECONDARY_PM_VARIATION,2004,Twin Births in Singapore: A Population-Based Study Using the National Birth Registry,bronze,OK,"http 200, 37kb",OK,20kb text,https://annals.edu.sg/download/17173/
W4409684705,10.1017/thg.2025.18,SECONDARY_PM_VARIATION,2025,"Twin Births in 42 Sub-Saharan African Countries from 1986 to 2016: Frequency, Trends and F",hybrid,OK,"http 200, 6534kb",OK,68kb text,https://www.cambridge.org/core/services/aop-cambridge-core/content/view/39A88B150744A794DDBF816FFA7F5950/S1832427425000180a.pdf/div-class-title-twin-births-in-42-sub-saharan-african-countries-from-1986-to-2016-frequency-trends-and-factors-of-variation-div.pdf
W2042003358,10.1375/twin.4.4.238,SECONDARY_PM_VARIATION,2001,Twinning Rates in Ghana,bronze,OK,"http 200, 225kb",OK,18kb text,https://www.cambridge.org/core/services/aop-cambridge-core/content/view/B70D687EA6DC3060EF4FD2BF073ECC6C/S1369052300001926a.pdf/div-class-title-twinning-rates-in-ghana-div.pdf
W3110073040,10.1371/journal.pone.0243169,SECONDARY_PM_VARIATION,2020,"Community perceptions on causes of high dizygotic twinning rate in Igbo-Ora, South-west Ni",gold,OK,"http 200, 1012kb",OK,56kb text,https://journals.plos.org/plosone/article/file?id=10.1371/journal.pone.0243169&type=printable
W4416768016,10.1017/thg.2025.10029,SECONDARY_PM_VARIATION,2025,"Genetics, Diet or Divine Blessing? Local and Scientific Explanations for High Dizygotic Tw",hybrid,OK,"http 200, 217kb",OK,39kb text,https://www.cambridge.org/core/services/aop-cambridge-core/content/view/1FD5BF47447CF9D98CFF6D619555BCE8/S1832427425100297a.pdf/div-class-title-genetics-diet-or-divine-blessing-local-and-scientific-explanations-for-high-dizygotic-twinning-in-igbo-ora-nigeria-div.pdf
W2409928764,10.1017/s0001566000007650,SECONDARY_PM_VARIATION,1981,The Factors That Influence Twinning Rates,bronze,OK,"http 200, 568kb",OK,27kb text,https://www.cambridge.org/core/services/aop-cambridge-core/content/view/99A3A11AE144956B7FEDD27C4F7B74F6/S0001566000007650a.pdf/div-class-title-the-factors-that-influence-twinning-rates-div.pdf
W2163923970,10.4103/0971-6866.44104,SECONDARY_PM_VARIATION,2008,Frequency of twinning in southwest Nigeria,green,FAILED,"not a PDF — publisher returned b'\n<!D' (http 200); route blocked, not closed",-,-,https://www.ncbi.nlm.nih.gov/pmc/articles/2840794
W2005875696,10.1016/j.ejmhg.2012.07.002,SECONDARY_PM_VARIATION,2012,"Frequency of twinning in Kwara State, North-Central Nigeria",diamond,FAILED,"not a PDF — publisher returned b'<!DO' (http 403); route blocked, not closed",-,-,https://www.sciencedirect.com/science/article/pii/S1110863012000675/pdf
W2068924701,10.1007/bf02447887,SECONDARY_PM_VARIATION,1997,The epidemiological characteristics of twinning in Northwest India,diamond,FAILED,"not a PDF — publisher returned b'<!DO' (http 200); route blocked, not closed",-,-,https://doi.org/10.1007/bf02447887
W2142872591,10.1017/thg.2014.82,SECONDARY_PM_VARIATION,2014,"Multiple Births in Sub-Saharan Africa: Epidemiology, Postnatal Survival, and Growth Patter",bronze,OK,"http 200, 196kb",OK,34kb text,https://www.cambridge.org/core/services/aop-cambridge-core/content/view/28E9643E90DB61934F69D62246D5EEE0/S1832427414000826a.pdf/div-class-title-multiple-births-in-sub-saharan-africa-epidemiology-postnatal-survival-and-growth-pattern-div.pdf
W2045889743,10.1371/journal.pone.0020328,SECONDARY_PM_VARIATION,2011,Twin Town in South Brazil: A Nazi's Experiment or a Genetic Founder Effect?,gold,OK,"http 200, 422kb",OK,35kb text,https://journals.plos.org/plosone/article/file?id=10.1371/journal.pone.0020328&type=printable
W2076210434,10.1136/jech.33.4.305,SECONDARY_PM_VARIATION,1979,Incidence of multiple births in an Indian rural community.,bronze,FAILED,"not a PDF — publisher returned b'erro' (http 429); route blocked, not closed",-,-,https://jech.bmj.com/content/jech/33/4/305.full.pdf
W2398345993,10.1017/s0001566000006097,SECONDARY_PM_VARIATION,1987,Twinning and Inbreeding in India: The Fraternal Component,bronze,OK,"http 200, 200kb",OK,8kb text,https://www.cambridge.org/core/services/aop-cambridge-core/content/view/B0228BDCC06AE4103E1BCEFF52ADEAAC/S0001566000006097a.pdf/div-class-title-twinning-and-inbreeding-in-india-the-fraternal-component-div.pdf
W1518124473,10.1111/ahg.12001,SECONDARY_PM_VARIATION,2013,"So Close, So Far Away: Analysis of Surnames in a Town of Twins (Cândido Godói, Brazil)",green,FAILED,"not a PDF — publisher returned b'<?xm' (http 200); route blocked, not closed",-,-,http://hdl.handle.net/11336/11007
W1511034556,,SECONDARY_PM_VARIATION,2008,Twins Born in Pattani Hospital: 1996-2005,green,FAILED,"not a PDF — publisher returned b'<!DO' (http 403); route blocked, not closed",-,-,https://doaj.org/article/029d5442c420440e8f6f2415c5b49326
W1981209400,10.1016/s1631-0691(02)01487-7,SECONDARY_PM_VARIATION,2002,Évolution et sélection de la gémellité,bronze,FAILED,"not a PDF — publisher returned b'<!DO' (http 403); route blocked, not closed",-,-,https://www.sciencedirect.com/science/article/pii/S1631069102014877/pdf
W2100281062,10.1017/s0001566000013763,SECONDARY_PM_VARIATION,1976,Attitudes Towards Twinning in Primitive Societies,bronze,FAILED,"not a PDF — publisher returned b'<!DO' (http 404); route blocked, not closed",-,-,https://www.cambridge.org/core/services/aop-cambridge-core/content/view/0F437AE5C79311A91445A4048CE6BCBD/S0001566000013763a.pdf/div-class-title-attitudes-towards-twinning-in-primitive-societies-div.pdf
W2158354419,10.1017/s0001566000008746,SECONDARY_PM_VARIATION,1979,The Twinning Incidence in Nigeria,bronze,OK,"http 200, 164kb",OK,7kb text,https://www.cambridge.org/core/services/aop-cambridge-core/content/view/E82A1833FF5EB6BDA14380F330978C8D/S0001566000008746a.pdf/div-class-title-the-twinning-incidence-in-nigeria-div.pdf
W2883289321,10.18203/2320-1770.ijrcog20183375,SECONDARY_PM_VARIATION,2018,"Twin pregnancies: incidence and outcomes in a tertiary health centre of Uttarakhand, India",diamond,OK,"http 200, 196kb",OK,24kb text,https://www.ijrcog.org/index.php/ijrcog/article/download/5316/3776
W3205122995,10.1136/bmjopen-2020-047553,SECONDARY_PM_VARIATION,2021,Prevalence and outcomes of twin pregnancies in Botswana: a national birth outcomes surveil,gold,FAILED,"not a PDF — publisher returned b'erro' (http 429); route blocked, not closed",-,-,https://bmjopen.bmj.com/content/bmjopen/11/10/e047553.full.pdf
W2317545487,10.1017/thg.2012.116,SECONDARY_PM_VARIATION,2012,The Nigerian Twin and Sibling Registry,bronze,OK,"http 200, 162kb",OK,11kb text,https://www.cambridge.org/core/services/aop-cambridge-core/content/view/99FBA553556B136E9373637098248BC7/S1832427412001168a.pdf/div-class-title-the-nigerian-twin-and-sibling-registry-div.pdf
W2994456525,10.1017/thg.2019.110,SECONDARY_PM_VARIATION,2019,The Nigerian Twin and Sibling Registry: An Update,hybrid,OK,"http 200, 134kb",OK,24kb text,https://www.cambridge.org/core/services/aop-cambridge-core/content/view/931715650CFBF614022C1CCE9F7C1951/S1832427419001105a.pdf/div-class-title-the-nigerian-twin-and-sibling-registry-an-update-div.pdf
